Using pre-set license
Built from '2020.3/staging' branch; Version is '2020.3.6f1 (338bb68529b2) revision 3378102'; Using compiler version '192528614'; Build Type 'Release'
OS: 'Windows 10 Home; OS build 22631.4751; Version 2009; 64bit' Language: 'ko' Physical Memory: 48983 MB
BatchMode: 1, IsHumanControllingUs: 0, StartBugReporterOnCrash: 0, Is64bit: 1, IsPro: 0

 COMMAND LINE ARGUMENTS:
D:\Unity\2020.3.6f1\Editor\Unity.exe
-adb2
-batchMode
-noUpm
-name
AssetImportWorker0
-projectPath
D:/github/Sample/HUNJIN
-logFile
Logs/AssetImportWorker0.log
-srvPort
1481
Successfully changed project path to: D:/github/Sample/HUNJIN
D:/github/Sample/HUNJIN
Using Asset Import Pipeline V2.
Refreshing native plugins compatible for Editor in 19.40 ms, found 1 plugins.
Preloading 0 native plugins for Editor in 0.00 ms.
Initialize engine version: 2020.3.6f1 (338bb68529b2)
[Subsystems] Discovering subsystems at path D:/Unity/2020.3.6f1/Editor/Data/Resources/UnitySubsystems
[Subsystems] Discovering subsystems at path D:/github/Sample/HUNJIN/Assets
GfxDevice: creating device client; threaded=0
Direct3D:
    Version:  Direct3D 11.0 [level 11.1]
    Renderer: NVIDIA GeForce RTX 4070 Ti (ID=0x2782)
    Vendor:   
    VRAM:     11996 MB
    Driver:   32.0.15.6094
Initialize mono
Mono path[0] = 'D:/Unity/2020.3.6f1/Editor/Data/Managed'
Mono path[1] = 'D:/Unity/2020.3.6f1/Editor/Data/MonoBleedingEdge/lib/mono/unityjit'
Mono config path = 'D:/Unity/2020.3.6f1/Editor/Data/MonoBleedingEdge/etc'
Using monoOptions --debugger-agent=transport=dt_socket,embedding=1,server=y,suspend=n,address=127.0.0.1:56048
Begin MonoManager ReloadAssembly
Registering precompiled unity dll's ...
Register platform support module: D:/Unity/2020.3.6f1/Editor/Data/PlaybackEngines/WindowsStandaloneSupport/UnityEditor.WindowsStandalone.Extensions.dll
Registered in 0.000499 seconds.
Native extension for WindowsStandalone target not found
Refreshing native plugins compatible for Editor in 18.92 ms, found 1 plugins.
Preloading 0 native plugins for Editor in 0.00 ms.
Mono: successfully reloaded assembly
- Completed reload, in  1.113 seconds
Platform modules already initialized, skipping
Registering precompiled user dll's ...
Registered in 0.001231 seconds.
Begin MonoManager ReloadAssembly
Symbol file data-00000221FC20A980 doesn't match image D:\github\Sample\HUNJIN\Library\ScriptAssemblies\Febucci.TextAnimator.Editor.dll
Symbol file LoadedFromMemory is not a mono symbol file
Symbol file data-00000220403B4050 doesn't match image D:\github\Sample\HUNJIN\Library\ScriptAssemblies\Unity.2D.Animation.Editor.dll
Symbol file LoadedFromMemory is not a mono symbol file
Symbol file data-00000221FC21E330 doesn't match image D:\github\Sample\HUNJIN\Library\ScriptAssemblies\Unity.InternalAPIEngineBridge.001.dll
Symbol file LoadedFromMemory is not a mono symbol file
Symbol file data-000002204156AEB0 doesn't match image D:\github\Sample\HUNJIN\Library\ScriptAssemblies\Unity.VSCode.Editor.dll
Symbol file LoadedFromMemory is not a mono symbol file
Symbol file data-00000221F671CEE0 doesn't match image D:\github\Sample\HUNJIN\Library\ScriptAssemblies\Febucci.TextAnimator.Demo.Runtime.dll
Symbol file LoadedFromMemory is not a mono symbol file
Symbol file data-00000221FC214F80 doesn't match image D:\github\Sample\HUNJIN\Library\ScriptAssemblies\Unity.2D.PixelPerfect.dll
Symbol file LoadedFromMemory is not a mono symbol file
Symbol file data-00000220403B4050 doesn't match image D:\github\Sample\HUNJIN\Library\ScriptAssemblies\Unity.2D.Tilemap.Editor.dll
Symbol file LoadedFromMemory is not a mono symbol file
Symbol file data-0000022040D8CC50 doesn't match image D:\github\Sample\HUNJIN\Library\ScriptAssemblies\PsdPlugin.dll
Symbol file LoadedFromMemory is not a mono symbol file
Symbol file data-00000220403C7260 doesn't match image D:\github\Sample\HUNJIN\Library\ScriptAssemblies\Unity.TextMeshPro.Editor.dll
Symbol file LoadedFromMemory is not a mono symbol file
Symbol file data-0000022040D8CC50 doesn't match image D:\github\Sample\HUNJIN\Library\ScriptAssemblies\UnityEngine.TestRunner.dll
Symbol file LoadedFromMemory is not a mono symbol file
Symbol file data-00000221FBCE8830 doesn't match image D:\github\Sample\HUNJIN\Library\ScriptAssemblies\Unity.Timeline.dll
Symbol file LoadedFromMemory is not a mono symbol file
Symbol file data-0000022040597C50 doesn't match image D:\github\Sample\HUNJIN\Library\ScriptAssemblies\Unity.TextMeshPro.dll
Symbol file LoadedFromMemory is not a mono symbol file
Symbol file data-00000221FBCE8830 doesn't match image D:\github\Sample\HUNJIN\Library\ScriptAssemblies\UnityEditor.TestRunner.dll
Symbol file LoadedFromMemory is not a mono symbol file
Symbol file data-00000221FBEB2890 doesn't match image D:\github\Sample\HUNJIN\Library\ScriptAssemblies\Unity.2D.IK.Editor.dll
Symbol file LoadedFromMemory is not a mono symbol file
Symbol file data-000002204027A070 doesn't match image D:\github\Sample\HUNJIN\Library\ScriptAssemblies\Unity.2D.Sprite.Editor.dll
Symbol file LoadedFromMemory is not a mono symbol file
Symbol file data-0000022040452010 doesn't match image D:\github\Sample\HUNJIN\Library\ScriptAssemblies\Unity.2D.Psdimporter.Editor.dll
Symbol file LoadedFromMemory is not a mono symbol file
Symbol file data-00000220405C5660 doesn't match image D:\github\Sample\HUNJIN\Library\ScriptAssemblies\Unity.2D.Path.Editor.dll
Symbol file LoadedFromMemory is not a mono symbol file
Symbol file data-00000221FC21E330 doesn't match image D:\github\Sample\HUNJIN\Library\ScriptAssemblies\Febucci.TextAnimator.Demo.Editor.dll
Symbol file LoadedFromMemory is not a mono symbol file
Symbol file data-0000022040452010 doesn't match image D:\github\Sample\HUNJIN\Library\ScriptAssemblies\UnityEditor.UI.dll
Symbol file LoadedFromMemory is not a mono symbol file
Symbol file data-00000221FBC12010 doesn't match image D:\github\Sample\HUNJIN\Library\ScriptAssemblies\Unity.Rider.Editor.dll
Symbol file LoadedFromMemory is not a mono symbol file
Symbol file data-0000022040452010 doesn't match image D:\github\Sample\HUNJIN\Library\ScriptAssemblies\Febucci.TextAnimator.Runtime.dll
Symbol file LoadedFromMemory is not a mono symbol file
Symbol file data-0000022040DA7020 doesn't match image D:\github\Sample\HUNJIN\Library\ScriptAssemblies\UnityEngine.UI.dll
Symbol file LoadedFromMemory is not a mono symbol file
Symbol file data-00000220417B8B40 doesn't match image D:\github\Sample\HUNJIN\Library\ScriptAssemblies\Unity.InternalAPIEditorBridge.001.dll
Symbol file LoadedFromMemory is not a mono symbol file
Symbol file data-0000022040350DF0 doesn't match image D:\github\Sample\HUNJIN\Library\ScriptAssemblies\Unity.Mathematics.dll
Symbol file LoadedFromMemory is not a mono symbol file
Symbol file data-0000022040291080 doesn't match image D:\github\Sample\HUNJIN\Library\ScriptAssemblies\Unity.2D.IK.Runtime.dll
Symbol file LoadedFromMemory is not a mono symbol file
Symbol file data-000002204098E020 doesn't match image D:\github\Sample\HUNJIN\Library\ScriptAssemblies\Unity.2D.Animation.Triangle.Runtime.dll
Symbol file LoadedFromMemory is not a mono symbol file
Symbol file data-0000022040291080 doesn't match image D:\github\Sample\HUNJIN\Library\ScriptAssemblies\Unity.2D.Animation.Runtime.dll
Symbol file LoadedFromMemory is not a mono symbol file
Symbol file data-00000220405CD670 doesn't match image D:\github\Sample\HUNJIN\Library\ScriptAssemblies\Unity.2D.PixelPerfect.Editor.dll
Symbol file LoadedFromMemory is not a mono symbol file
Symbol file data-000002204098E020 doesn't match image D:\github\Sample\HUNJIN\Library\ScriptAssemblies\Unity.Timeline.Editor.dll
Symbol file LoadedFromMemory is not a mono symbol file
Symbol file data-0000022040DD4C30 doesn't match image D:\github\Sample\HUNJIN\Library\ScriptAssemblies\Unity.CollabProxy.Editor.dll
Symbol file LoadedFromMemory is not a mono symbol file
Symbol file data-00000221FC1E1350 doesn't match image D:\github\Sample\HUNJIN\Library\ScriptAssemblies\Unity.Mathematics.Editor.dll
Symbol file LoadedFromMemory is not a mono symbol file
Symbol file data-00000221FB6FF760 doesn't match image D:\github\Sample\HUNJIN\Library\ScriptAssemblies\Unity.2D.Common.Runtime.dll
Symbol file LoadedFromMemory is not a mono symbol file
Symbol file data-0000022040452010 doesn't match image D:\github\Sample\HUNJIN\Library\ScriptAssemblies\Unity.2D.SpriteShape.Editor.dll
Symbol file LoadedFromMemory is not a mono symbol file
Symbol file data-00000221FBEB48A0 doesn't match image D:\github\Sample\HUNJIN\Library\ScriptAssemblies\Unity.2D.Common.Editor.dll
Symbol file LoadedFromMemory is not a mono symbol file
Symbol file data-0000022040F1D9F0 doesn't match image D:\github\Sample\HUNJIN\Library\ScriptAssemblies\Unity.2D.SpriteShape.Runtime.dll
Symbol file LoadedFromMemory is not a mono symbol file
Native extension for WindowsStandalone target not found
Refreshing native plugins compatible for Editor in 18.79 ms, found 1 plugins.
Preloading 0 native plugins for Editor in 0.00 ms.
Mono: successfully reloaded assembly
- Completed reload, in  0.442 seconds
Platform modules already initialized, skipping
========================================================================
Worker process is ready to serve import requests
Launched and connected shader compiler UnityShaderCompiler.exe after 0.02 seconds
Refreshing native plugins compatible for Editor in 0.24 ms, found 1 plugins.
Preloading 0 native plugins for Editor in 0.00 ms.
Unloading 1875 Unused Serialized files (Serialized files now loaded: 0)
System memory in use before: 108.7 MB.
System memory in use after: 108.7 MB.

Unloading 25 unused Assets to reduce memory usage. Loaded Objects now: 2339.
Total: 1.233800 ms (FindLiveObjects: 0.123800 ms CreateObjectMapping: 0.024900 ms MarkObjects: 0.975700 ms  DeleteObjects: 0.108600 ms)

========================================================================
Received Import Request.
  path: Assets/Scenes/Script/FilterUIConfig.cs
  artifactKey: Guid(115e580ff39b0864b90e812c7c38c708) Importer(815301076,1909f56bfc062723c751e8b465ee728b)
Start importing Assets/Scenes/Script/FilterUIConfig.cs using Guid(115e580ff39b0864b90e812c7c38c708) Importer(815301076,1909f56bfc062723c751e8b465ee728b)  -> (artifact id: 'ef5f269a67a3e2b0a2d925802c31d8bb') in 0.027837 seconds
  Import took 0.029548 seconds .

========================================================================
Received Prepare
Registering precompiled user dll's ...
Registered in 0.002804 seconds.
Begin MonoManager ReloadAssembly
Symbol file data-0000022043CEA040 doesn't match image D:\github\Sample\HUNJIN\Library\ScriptAssemblies\Febucci.TextAnimator.Editor.dll
Symbol file LoadedFromMemory is not a mono symbol file
Symbol file data-00000220406AC040 doesn't match image D:\github\Sample\HUNJIN\Library\ScriptAssemblies\Unity.2D.Animation.Editor.dll
Symbol file LoadedFromMemory is not a mono symbol file
Symbol file data-0000022073470060 doesn't match image D:\github\Sample\HUNJIN\Library\ScriptAssemblies\Unity.InternalAPIEngineBridge.001.dll
Symbol file LoadedFromMemory is not a mono symbol file
Symbol file data-0000022040749820 doesn't match image D:\github\Sample\HUNJIN\Library\ScriptAssemblies\Unity.VSCode.Editor.dll
Symbol file LoadedFromMemory is not a mono symbol file
Symbol file data-00000220407E45A0 doesn't match image D:\github\Sample\HUNJIN\Library\ScriptAssemblies\Febucci.TextAnimator.Demo.Runtime.dll
Symbol file LoadedFromMemory is not a mono symbol file
Symbol file data-00000221FBEB5A10 doesn't match image D:\github\Sample\HUNJIN\Library\ScriptAssemblies\Unity.2D.PixelPerfect.dll
Symbol file LoadedFromMemory is not a mono symbol file
Symbol file data-0000022041C5D470 doesn't match image D:\github\Sample\HUNJIN\Library\ScriptAssemblies\Unity.2D.Tilemap.Editor.dll
Symbol file LoadedFromMemory is not a mono symbol file
Symbol file data-0000022041C5D470 doesn't match image D:\github\Sample\HUNJIN\Library\ScriptAssemblies\PsdPlugin.dll
Symbol file LoadedFromMemory is not a mono symbol file
Symbol file data-0000022041C5D470 doesn't match image D:\github\Sample\HUNJIN\Library\ScriptAssemblies\Unity.TextMeshPro.Editor.dll
Symbol file LoadedFromMemory is not a mono symbol file
Symbol file data-0000022041C5D470 doesn't match image D:\github\Sample\HUNJIN\Library\ScriptAssemblies\UnityEngine.TestRunner.dll
Symbol file LoadedFromMemory is not a mono symbol file
Symbol file data-0000022041C5D470 doesn't match image D:\github\Sample\HUNJIN\Library\ScriptAssemblies\Unity.Timeline.dll
Symbol file LoadedFromMemory is not a mono symbol file
Symbol file data-00000220406AC040 doesn't match image D:\github\Sample\HUNJIN\Library\ScriptAssemblies\Unity.TextMeshPro.dll
Symbol file LoadedFromMemory is not a mono symbol file
Symbol file data-0000022040FAAA30 doesn't match image D:\github\Sample\HUNJIN\Library\ScriptAssemblies\UnityEditor.TestRunner.dll
Symbol file LoadedFromMemory is not a mono symbol file
Symbol file data-00000220406D9A50 doesn't match image D:\github\Sample\HUNJIN\Library\ScriptAssemblies\Unity.2D.IK.Editor.dll
Symbol file LoadedFromMemory is not a mono symbol file
Symbol file data-0000022041C5D470 doesn't match image D:\github\Sample\HUNJIN\Library\ScriptAssemblies\Unity.2D.Sprite.Editor.dll
Symbol file LoadedFromMemory is not a mono symbol file
Symbol file data-0000022040452010 doesn't match image D:\github\Sample\HUNJIN\Library\ScriptAssemblies\Unity.2D.Psdimporter.Editor.dll
Symbol file LoadedFromMemory is not a mono symbol file
Symbol file data-00000221FBEAA880 doesn't match image D:\github\Sample\HUNJIN\Library\ScriptAssemblies\Unity.2D.Path.Editor.dll
Symbol file LoadedFromMemory is not a mono symbol file
Symbol file data-0000022073444A80 doesn't match image D:\github\Sample\HUNJIN\Library\ScriptAssemblies\Febucci.TextAnimator.Demo.Editor.dll
Symbol file LoadedFromMemory is not a mono symbol file
Symbol file data-00000220445D8C40 doesn't match image D:\github\Sample\HUNJIN\Library\ScriptAssemblies\UnityEditor.UI.dll
Symbol file LoadedFromMemory is not a mono symbol file
Symbol file data-00000221FBD27760 doesn't match image D:\github\Sample\HUNJIN\Library\ScriptAssemblies\Unity.Rider.Editor.dll
Symbol file LoadedFromMemory is not a mono symbol file
Symbol file data-0000022040452010 doesn't match image D:\github\Sample\HUNJIN\Library\ScriptAssemblies\Febucci.TextAnimator.Runtime.dll
Symbol file LoadedFromMemory is not a mono symbol file
Symbol file data-0000022040406010 doesn't match image D:\github\Sample\HUNJIN\Library\ScriptAssemblies\UnityEngine.UI.dll
Symbol file LoadedFromMemory is not a mono symbol file
Symbol file data-00000220451B87D0 doesn't match image D:\github\Sample\HUNJIN\Library\ScriptAssemblies\Unity.InternalAPIEditorBridge.001.dll
Symbol file LoadedFromMemory is not a mono symbol file
Symbol file data-0000022040350DF0 doesn't match image D:\github\Sample\HUNJIN\Library\ScriptAssemblies\Unity.Mathematics.dll
Symbol file LoadedFromMemory is not a mono symbol file
Symbol file data-00000220406D9A50 doesn't match image D:\github\Sample\HUNJIN\Library\ScriptAssemblies\Unity.2D.IK.Runtime.dll
Symbol file LoadedFromMemory is not a mono symbol file
Symbol file data-00000221F6655950 doesn't match image D:\github\Sample\HUNJIN\Library\ScriptAssemblies\Unity.2D.Animation.Triangle.Runtime.dll
Symbol file LoadedFromMemory is not a mono symbol file
Symbol file data-000002204419FC30 doesn't match image D:\github\Sample\HUNJIN\Library\ScriptAssemblies\Unity.2D.Animation.Runtime.dll
Symbol file LoadedFromMemory is not a mono symbol file
Symbol file data-00000221FBA94160 doesn't match image D:\github\Sample\HUNJIN\Library\ScriptAssemblies\Unity.2D.PixelPerfect.Editor.dll
Symbol file LoadedFromMemory is not a mono symbol file
Symbol file data-00000221F6655950 doesn't match image D:\github\Sample\HUNJIN\Library\ScriptAssemblies\Unity.Timeline.Editor.dll
Symbol file LoadedFromMemory is not a mono symbol file
Symbol file data-00000221FBC17580 doesn't match image D:\github\Sample\HUNJIN\Library\ScriptAssemblies\Unity.CollabProxy.Editor.dll
Symbol file LoadedFromMemory is not a mono symbol file
Symbol file data-0000022044D97100 doesn't match image D:\github\Sample\HUNJIN\Library\ScriptAssemblies\Unity.Mathematics.Editor.dll
Symbol file LoadedFromMemory is not a mono symbol file
Symbol file data-000002204051CC40 doesn't match image D:\github\Sample\HUNJIN\Library\ScriptAssemblies\Unity.2D.Common.Runtime.dll
Symbol file LoadedFromMemory is not a mono symbol file
Symbol file data-0000022040452010 doesn't match image D:\github\Sample\HUNJIN\Library\ScriptAssemblies\Unity.2D.SpriteShape.Editor.dll
Symbol file LoadedFromMemory is not a mono symbol file
Symbol file data-00000220406D9A50 doesn't match image D:\github\Sample\HUNJIN\Library\ScriptAssemblies\Unity.2D.Common.Editor.dll
Symbol file LoadedFromMemory is not a mono symbol file
Symbol file data-00000220416D8010 doesn't match image D:\github\Sample\HUNJIN\Library\ScriptAssemblies\Unity.2D.SpriteShape.Runtime.dll
Symbol file LoadedFromMemory is not a mono symbol file
Native extension for WindowsStandalone target not found
Refreshing native plugins compatible for Editor in 0.38 ms, found 1 plugins.
Preloading 0 native plugins for Editor in 0.00 ms.
Mono: successfully reloaded assembly
- Completed reload, in  0.585 seconds
Platform modules already initialized, skipping
Switching build target platform(5) subTarget(0) extendedPlatform(0) -> platform(13) subTarget(537395200) extendedPlatform(0)
Refreshing native plugins compatible for Editor in 0.47 ms, found 1 plugins.
Preloading 0 native plugins for Editor in 0.00 ms.
Unloading 1860 Unused Serialized files (Serialized files now loaded: 0)
System memory in use before: 106.8 MB.
System memory in use after: 106.8 MB.

Unloading 14 unused Assets to reduce memory usage. Loaded Objects now: 2342.
Total: 2.071700 ms (FindLiveObjects: 0.283200 ms CreateObjectMapping: 0.036100 ms MarkObjects: 1.564800 ms  DeleteObjects: 0.186300 ms)

AssetImportParameters requested are different than current active one (requested -> active):
  custom:graphics/normal-map-encoding: 01000000000000000000000000000000 -> 02000000000000000000000000000000
========================================================================
Received Prepare
Registering precompiled user dll's ...
Registered in 0.001281 seconds.
Begin MonoManager ReloadAssembly
Symbol file data-0000022045079590 doesn't match image D:\github\Sample\HUNJIN\Library\ScriptAssemblies\Febucci.TextAnimator.Editor.dll
Symbol file LoadedFromMemory is not a mono symbol file
Symbol file data-00000221FBCC9420 doesn't match image D:\github\Sample\HUNJIN\Library\ScriptAssemblies\Unity.2D.Animation.Editor.dll
Symbol file LoadedFromMemory is not a mono symbol file
Symbol file data-00000220453CF760 doesn't match image D:\github\Sample\HUNJIN\Library\ScriptAssemblies\Unity.InternalAPIEngineBridge.001.dll
Symbol file LoadedFromMemory is not a mono symbol file
Symbol file data-0000022044F15F80 doesn't match image D:\github\Sample\HUNJIN\Library\ScriptAssemblies\Unity.VSCode.Editor.dll
Symbol file LoadedFromMemory is not a mono symbol file
Symbol file data-000002204566B1F0 doesn't match image D:\github\Sample\HUNJIN\Library\ScriptAssemblies\Febucci.TextAnimator.Demo.Runtime.dll
Symbol file LoadedFromMemory is not a mono symbol file
Symbol file data-0000022041738010 doesn't match image D:\github\Sample\HUNJIN\Library\ScriptAssemblies\Unity.2D.PixelPerfect.dll
Symbol file LoadedFromMemory is not a mono symbol file
Symbol file data-0000022044FC2000 doesn't match image D:\github\Sample\HUNJIN\Library\ScriptAssemblies\Unity.2D.Tilemap.Editor.dll
Symbol file LoadedFromMemory is not a mono symbol file
Symbol file data-0000022044B337B0 doesn't match image D:\github\Sample\HUNJIN\Library\ScriptAssemblies\PsdPlugin.dll
Symbol file LoadedFromMemory is not a mono symbol file
Symbol file data-00000220444E2730 doesn't match image D:\github\Sample\HUNJIN\Library\ScriptAssemblies\Unity.TextMeshPro.Editor.dll
Symbol file LoadedFromMemory is not a mono symbol file
Symbol file data-00000220448D0040 doesn't match image D:\github\Sample\HUNJIN\Library\ScriptAssemblies\UnityEngine.TestRunner.dll
Symbol file LoadedFromMemory is not a mono symbol file
Symbol file data-0000022044FC2000 doesn't match image D:\github\Sample\HUNJIN\Library\ScriptAssemblies\Unity.Timeline.dll
Symbol file LoadedFromMemory is not a mono symbol file
Symbol file data-00000220452F7BF0 doesn't match image D:\github\Sample\HUNJIN\Library\ScriptAssemblies\Unity.TextMeshPro.dll
Symbol file LoadedFromMemory is not a mono symbol file
Symbol file data-000002204182B3A0 doesn't match image D:\github\Sample\HUNJIN\Library\ScriptAssemblies\UnityEditor.TestRunner.dll
Symbol file LoadedFromMemory is not a mono symbol file
Symbol file data-00000221F6FD7B20 doesn't match image D:\github\Sample\HUNJIN\Library\ScriptAssemblies\Unity.2D.IK.Editor.dll
Symbol file LoadedFromMemory is not a mono symbol file
Symbol file data-0000022044888D40 doesn't match image D:\github\Sample\HUNJIN\Library\ScriptAssemblies\Unity.2D.Sprite.Editor.dll
Symbol file LoadedFromMemory is not a mono symbol file
Symbol file data-0000022045557720 doesn't match image D:\github\Sample\HUNJIN\Library\ScriptAssemblies\Unity.2D.Psdimporter.Editor.dll
Symbol file LoadedFromMemory is not a mono symbol file
Symbol file data-0000022045143490 doesn't match image D:\github\Sample\HUNJIN\Library\ScriptAssemblies\Unity.2D.Path.Editor.dll
Symbol file LoadedFromMemory is not a mono symbol file
Symbol file data-0000022045691B10 doesn't match image D:\github\Sample\HUNJIN\Library\ScriptAssemblies\Febucci.TextAnimator.Demo.Editor.dll
Symbol file LoadedFromMemory is not a mono symbol file
Symbol file data-0000022045003920 doesn't match image D:\github\Sample\HUNJIN\Library\ScriptAssemblies\UnityEditor.UI.dll
Symbol file LoadedFromMemory is not a mono symbol file
Symbol file data-00000221FBD27760 doesn't match image D:\github\Sample\HUNJIN\Library\ScriptAssemblies\Unity.Rider.Editor.dll
Symbol file LoadedFromMemory is not a mono symbol file
Symbol file data-00000220454512A0 doesn't match image D:\github\Sample\HUNJIN\Library\ScriptAssemblies\Febucci.TextAnimator.Runtime.dll
Symbol file LoadedFromMemory is not a mono symbol file
Symbol file data-0000022045183A40 doesn't match image D:\github\Sample\HUNJIN\Library\ScriptAssemblies\UnityEngine.UI.dll
Symbol file LoadedFromMemory is not a mono symbol file
Symbol file data-0000022044F26750 doesn't match image D:\github\Sample\HUNJIN\Library\ScriptAssemblies\Unity.InternalAPIEditorBridge.001.dll
Symbol file LoadedFromMemory is not a mono symbol file
Symbol file data-0000022044D90C70 doesn't match image D:\github\Sample\HUNJIN\Library\ScriptAssemblies\Unity.Mathematics.dll
Symbol file LoadedFromMemory is not a mono symbol file
Symbol file data-0000022044383020 doesn't match image D:\github\Sample\HUNJIN\Library\ScriptAssemblies\Unity.2D.IK.Runtime.dll
Symbol file LoadedFromMemory is not a mono symbol file
Symbol file data-00000220457AE010 doesn't match image D:\github\Sample\HUNJIN\Library\ScriptAssemblies\Unity.2D.Animation.Triangle.Runtime.dll
Symbol file LoadedFromMemory is not a mono symbol file
Symbol file data-0000022045518D40 doesn't match image D:\github\Sample\HUNJIN\Library\ScriptAssemblies\Unity.2D.Animation.Runtime.dll
Symbol file LoadedFromMemory is not a mono symbol file
Symbol file data-0000022043F54420 doesn't match image D:\github\Sample\HUNJIN\Library\ScriptAssemblies\Unity.2D.PixelPerfect.Editor.dll
Symbol file LoadedFromMemory is not a mono symbol file
Symbol file data-0000022040478E70 doesn't match image D:\github\Sample\HUNJIN\Library\ScriptAssemblies\Unity.Timeline.Editor.dll
Symbol file LoadedFromMemory is not a mono symbol file
Symbol file data-0000022045067F10 doesn't match image D:\github\Sample\HUNJIN\Library\ScriptAssemblies\Unity.CollabProxy.Editor.dll
Symbol file LoadedFromMemory is not a mono symbol file
Symbol file data-000002204489CC80 doesn't match image D:\github\Sample\HUNJIN\Library\ScriptAssemblies\Unity.Mathematics.Editor.dll
Symbol file LoadedFromMemory is not a mono symbol file
Symbol file data-000002204051C220 doesn't match image D:\github\Sample\HUNJIN\Library\ScriptAssemblies\Unity.2D.Common.Runtime.dll
Symbol file LoadedFromMemory is not a mono symbol file
Symbol file data-00000221FBAB3040 doesn't match image D:\github\Sample\HUNJIN\Library\ScriptAssemblies\Unity.2D.SpriteShape.Editor.dll
Symbol file LoadedFromMemory is not a mono symbol file
Symbol file data-0000022044F15F80 doesn't match image D:\github\Sample\HUNJIN\Library\ScriptAssemblies\Unity.2D.Common.Editor.dll
Symbol file LoadedFromMemory is not a mono symbol file
Symbol file data-000002204594F050 doesn't match image D:\github\Sample\HUNJIN\Library\ScriptAssemblies\Unity.2D.SpriteShape.Runtime.dll
Symbol file LoadedFromMemory is not a mono symbol file
Native extension for WindowsStandalone target not found
Refreshing native plugins compatible for Editor in 0.41 ms, found 1 plugins.
Preloading 0 native plugins for Editor in 0.00 ms.
Mono: successfully reloaded assembly
- Completed reload, in  0.578 seconds
Platform modules already initialized, skipping
Switching build target platform(5) subTarget(0) extendedPlatform(0) -> platform(13) subTarget(537395200) extendedPlatform(0)
Refreshing native plugins compatible for Editor in 0.23 ms, found 1 plugins.
Preloading 0 native plugins for Editor in 0.00 ms.
Unloading 1860 Unused Serialized files (Serialized files now loaded: 0)
System memory in use before: 106.8 MB.
System memory in use after: 106.8 MB.

Unloading 14 unused Assets to reduce memory usage. Loaded Objects now: 2345.
Total: 1.673400 ms (FindLiveObjects: 0.143200 ms CreateObjectMapping: 0.039400 ms MarkObjects: 1.407000 ms  DeleteObjects: 0.082600 ms)

AssetImportParameters requested are different than current active one (requested -> active):
  custom:graphics/normal-map-encoding: 01000000000000000000000000000000 -> 02000000000000000000000000000000
========================================================================
Received Prepare
Registering precompiled user dll's ...
Registered in 0.001043 seconds.
Begin MonoManager ReloadAssembly
Symbol file data-00000220407DE060 doesn't match image D:\github\Sample\HUNJIN\Library\ScriptAssemblies\Febucci.TextAnimator.Editor.dll
Symbol file LoadedFromMemory is not a mono symbol file
Symbol file data-00000221FBCC9420 doesn't match image D:\github\Sample\HUNJIN\Library\ScriptAssemblies\Unity.2D.Animation.Editor.dll
Symbol file LoadedFromMemory is not a mono symbol file
Symbol file data-0000022045690F90 doesn't match image D:\github\Sample\HUNJIN\Library\ScriptAssemblies\Unity.InternalAPIEngineBridge.001.dll
Symbol file LoadedFromMemory is not a mono symbol file
Symbol file data-00000220405CB020 doesn't match image D:\github\Sample\HUNJIN\Library\ScriptAssemblies\Unity.VSCode.Editor.dll
Symbol file LoadedFromMemory is not a mono symbol file
Symbol file data-000002204566A4D0 doesn't match image D:\github\Sample\HUNJIN\Library\ScriptAssemblies\Febucci.TextAnimator.Demo.Runtime.dll
Symbol file LoadedFromMemory is not a mono symbol file
Symbol file data-00000220455D7500 doesn't match image D:\github\Sample\HUNJIN\Library\ScriptAssemblies\Unity.2D.PixelPerfect.dll
Symbol file LoadedFromMemory is not a mono symbol file
Symbol file data-00000220452B9FD0 doesn't match image D:\github\Sample\HUNJIN\Library\ScriptAssemblies\Unity.2D.Tilemap.Editor.dll
Symbol file LoadedFromMemory is not a mono symbol file
Symbol file data-00000220452CA840 doesn't match image D:\github\Sample\HUNJIN\Library\ScriptAssemblies\PsdPlugin.dll
Symbol file LoadedFromMemory is not a mono symbol file
Symbol file data-00000221FBEE8010 doesn't match image D:\github\Sample\HUNJIN\Library\ScriptAssemblies\Unity.TextMeshPro.Editor.dll
Symbol file LoadedFromMemory is not a mono symbol file
Symbol file data-000002204406A170 doesn't match image D:\github\Sample\HUNJIN\Library\ScriptAssemblies\UnityEngine.TestRunner.dll
Symbol file LoadedFromMemory is not a mono symbol file
Symbol file data-00000220452B9FD0 doesn't match image D:\github\Sample\HUNJIN\Library\ScriptAssemblies\Unity.Timeline.dll
Symbol file LoadedFromMemory is not a mono symbol file
Symbol file data-00000220452F7BF0 doesn't match image D:\github\Sample\HUNJIN\Library\ScriptAssemblies\Unity.TextMeshPro.dll
Symbol file LoadedFromMemory is not a mono symbol file
Symbol file data-000002204182B3A0 doesn't match image D:\github\Sample\HUNJIN\Library\ScriptAssemblies\UnityEditor.TestRunner.dll
Symbol file LoadedFromMemory is not a mono symbol file
Symbol file data-00000220454552B0 doesn't match image D:\github\Sample\HUNJIN\Library\ScriptAssemblies\Unity.2D.IK.Editor.dll
Symbol file LoadedFromMemory is not a mono symbol file
Symbol file data-000002204042A010 doesn't match image D:\github\Sample\HUNJIN\Library\ScriptAssemblies\Unity.2D.Sprite.Editor.dll
Symbol file LoadedFromMemory is not a mono symbol file
Symbol file data-00000221FBAB3040 doesn't match image D:\github\Sample\HUNJIN\Library\ScriptAssemblies\Unity.2D.Psdimporter.Editor.dll
Symbol file LoadedFromMemory is not a mono symbol file
Symbol file data-0000022043B00060 doesn't match image D:\github\Sample\HUNJIN\Library\ScriptAssemblies\Unity.2D.Path.Editor.dll
Symbol file LoadedFromMemory is not a mono symbol file
Symbol file data-000002204183EC00 doesn't match image D:\github\Sample\HUNJIN\Library\ScriptAssemblies\Febucci.TextAnimator.Demo.Editor.dll
Symbol file LoadedFromMemory is not a mono symbol file
Symbol file data-00000221FBAB3040 doesn't match image D:\github\Sample\HUNJIN\Library\ScriptAssemblies\UnityEditor.UI.dll
Symbol file LoadedFromMemory is not a mono symbol file
Symbol file data-00000221FBD27760 doesn't match image D:\github\Sample\HUNJIN\Library\ScriptAssemblies\Unity.Rider.Editor.dll
Symbol file LoadedFromMemory is not a mono symbol file
Symbol file data-00000221FBAB3040 doesn't match image D:\github\Sample\HUNJIN\Library\ScriptAssemblies\Febucci.TextAnimator.Runtime.dll
Symbol file LoadedFromMemory is not a mono symbol file
Symbol file data-0000022045183A40 doesn't match image D:\github\Sample\HUNJIN\Library\ScriptAssemblies\UnityEngine.UI.dll
Symbol file LoadedFromMemory is not a mono symbol file
Symbol file data-0000022044633070 doesn't match image D:\github\Sample\HUNJIN\Library\ScriptAssemblies\Unity.InternalAPIEditorBridge.001.dll
Symbol file LoadedFromMemory is not a mono symbol file
Symbol file data-0000022044504010 doesn't match image D:\github\Sample\HUNJIN\Library\ScriptAssemblies\Unity.Mathematics.dll
Symbol file LoadedFromMemory is not a mono symbol file
Symbol file data-00000220454552B0 doesn't match image D:\github\Sample\HUNJIN\Library\ScriptAssemblies\Unity.2D.IK.Runtime.dll
Symbol file LoadedFromMemory is not a mono symbol file
Symbol file data-0000022042277010 doesn't match image D:\github\Sample\HUNJIN\Library\ScriptAssemblies\Unity.2D.Animation.Triangle.Runtime.dll
Symbol file LoadedFromMemory is not a mono symbol file
Symbol file data-0000022045518D40 doesn't match image D:\github\Sample\HUNJIN\Library\ScriptAssemblies\Unity.2D.Animation.Runtime.dll
Symbol file LoadedFromMemory is not a mono symbol file
Symbol file data-0000022041599D50 doesn't match image D:\github\Sample\HUNJIN\Library\ScriptAssemblies\Unity.2D.PixelPerfect.Editor.dll
Symbol file LoadedFromMemory is not a mono symbol file
Symbol file data-00000220455DFE60 doesn't match image D:\github\Sample\HUNJIN\Library\ScriptAssemblies\Unity.Timeline.Editor.dll
Symbol file LoadedFromMemory is not a mono symbol file
Symbol file data-0000022044F15F80 doesn't match image D:\github\Sample\HUNJIN\Library\ScriptAssemblies\Unity.CollabProxy.Editor.dll
Symbol file LoadedFromMemory is not a mono symbol file
Symbol file data-0000022044B7A2D0 doesn't match image D:\github\Sample\HUNJIN\Library\ScriptAssemblies\Unity.Mathematics.Editor.dll
Symbol file LoadedFromMemory is not a mono symbol file
Symbol file data-000002204051CFA0 doesn't match image D:\github\Sample\HUNJIN\Library\ScriptAssemblies\Unity.2D.Common.Runtime.dll
Symbol file LoadedFromMemory is not a mono symbol file
Symbol file data-00000221FBAB3040 doesn't match image D:\github\Sample\HUNJIN\Library\ScriptAssemblies\Unity.2D.SpriteShape.Editor.dll
Symbol file LoadedFromMemory is not a mono symbol file
Symbol file data-00000220405CB020 doesn't match image D:\github\Sample\HUNJIN\Library\ScriptAssemblies\Unity.2D.Common.Editor.dll
Symbol file LoadedFromMemory is not a mono symbol file
Symbol file data-000002204594F050 doesn't match image D:\github\Sample\HUNJIN\Library\ScriptAssemblies\Unity.2D.SpriteShape.Runtime.dll
Symbol file LoadedFromMemory is not a mono symbol file
Native extension for WindowsStandalone target not found
Refreshing native plugins compatible for Editor in 0.55 ms, found 1 plugins.
Preloading 0 native plugins for Editor in 0.00 ms.
Mono: successfully reloaded assembly
- Completed reload, in  0.686 seconds
Platform modules already initialized, skipping
Switching build target platform(5) subTarget(0) extendedPlatform(0) -> platform(13) subTarget(537395200) extendedPlatform(0)
Refreshing native plugins compatible for Editor in 0.45 ms, found 1 plugins.
Preloading 0 native plugins for Editor in 0.00 ms.
Unloading 1860 Unused Serialized files (Serialized files now loaded: 0)
System memory in use before: 106.9 MB.
System memory in use after: 106.8 MB.

Unloading 14 unused Assets to reduce memory usage. Loaded Objects now: 2348.
Total: 2.626400 ms (FindLiveObjects: 0.321100 ms CreateObjectMapping: 0.042000 ms MarkObjects: 2.066100 ms  DeleteObjects: 0.194600 ms)

AssetImportParameters requested are different than current active one (requested -> active):
  custom:graphics/normal-map-encoding: 01000000000000000000000000000000 -> 02000000000000000000000000000000
========================================================================
Received Prepare
Registering precompiled user dll's ...
Registered in 0.001123 seconds.
Begin MonoManager ReloadAssembly
Symbol file data-0000022043CE80A0 doesn't match image D:\github\Sample\HUNJIN\Library\ScriptAssemblies\Febucci.TextAnimator.Editor.dll
Symbol file LoadedFromMemory is not a mono symbol file
Symbol file data-00000221FBCC9420 doesn't match image D:\github\Sample\HUNJIN\Library\ScriptAssemblies\Unity.2D.Animation.Editor.dll
Symbol file LoadedFromMemory is not a mono symbol file
Symbol file data-00000221FC1023A0 doesn't match image D:\github\Sample\HUNJIN\Library\ScriptAssemblies\Unity.InternalAPIEngineBridge.001.dll
Symbol file LoadedFromMemory is not a mono symbol file
Symbol file data-0000022045083640 doesn't match image D:\github\Sample\HUNJIN\Library\ScriptAssemblies\Unity.VSCode.Editor.dll
Symbol file LoadedFromMemory is not a mono symbol file
Symbol file data-00000221F671F640 doesn't match image D:\github\Sample\HUNJIN\Library\ScriptAssemblies\Febucci.TextAnimator.Demo.Runtime.dll
Symbol file LoadedFromMemory is not a mono symbol file
Symbol file data-0000022041738010 doesn't match image D:\github\Sample\HUNJIN\Library\ScriptAssemblies\Unity.2D.PixelPerfect.dll
Symbol file LoadedFromMemory is not a mono symbol file
Symbol file data-00000220448CC030 doesn't match image D:\github\Sample\HUNJIN\Library\ScriptAssemblies\Unity.2D.Tilemap.Editor.dll
Symbol file LoadedFromMemory is not a mono symbol file
Symbol file data-0000022040B97860 doesn't match image D:\github\Sample\HUNJIN\Library\ScriptAssemblies\PsdPlugin.dll
Symbol file LoadedFromMemory is not a mono symbol file
Symbol file data-0000022040D35010 doesn't match image D:\github\Sample\HUNJIN\Library\ScriptAssemblies\Unity.TextMeshPro.Editor.dll
Symbol file LoadedFromMemory is not a mono symbol file
Symbol file data-0000022040391FB0 doesn't match image D:\github\Sample\HUNJIN\Library\ScriptAssemblies\UnityEngine.TestRunner.dll
Symbol file LoadedFromMemory is not a mono symbol file
Symbol file data-00000220448CC030 doesn't match image D:\github\Sample\HUNJIN\Library\ScriptAssemblies\Unity.Timeline.dll
Symbol file LoadedFromMemory is not a mono symbol file
Symbol file data-00000220452F7BF0 doesn't match image D:\github\Sample\HUNJIN\Library\ScriptAssemblies\Unity.TextMeshPro.dll
Symbol file LoadedFromMemory is not a mono symbol file
Symbol file data-00000220442EB060 doesn't match image D:\github\Sample\HUNJIN\Library\ScriptAssemblies\UnityEditor.TestRunner.dll
Symbol file LoadedFromMemory is not a mono symbol file
Symbol file data-00000221F6FD7B20 doesn't match image D:\github\Sample\HUNJIN\Library\ScriptAssemblies\Unity.2D.IK.Editor.dll
Symbol file LoadedFromMemory is not a mono symbol file
Symbol file data-0000022044EBF010 doesn't match image D:\github\Sample\HUNJIN\Library\ScriptAssemblies\Unity.2D.Sprite.Editor.dll
Symbol file LoadedFromMemory is not a mono symbol file
Symbol file data-0000022040452010 doesn't match image D:\github\Sample\HUNJIN\Library\ScriptAssemblies\Unity.2D.Psdimporter.Editor.dll
Symbol file LoadedFromMemory is not a mono symbol file
Symbol file data-00000220421C9CD0 doesn't match image D:\github\Sample\HUNJIN\Library\ScriptAssemblies\Unity.2D.Path.Editor.dll
Symbol file LoadedFromMemory is not a mono symbol file
Symbol file data-00000221FBB1D970 doesn't match image D:\github\Sample\HUNJIN\Library\ScriptAssemblies\Febucci.TextAnimator.Demo.Editor.dll
Symbol file LoadedFromMemory is not a mono symbol file
Symbol file data-0000022045003920 doesn't match image D:\github\Sample\HUNJIN\Library\ScriptAssemblies\UnityEditor.UI.dll
Symbol file LoadedFromMemory is not a mono symbol file
Symbol file data-00000221FBD27760 doesn't match image D:\github\Sample\HUNJIN\Library\ScriptAssemblies\Unity.Rider.Editor.dll
Symbol file LoadedFromMemory is not a mono symbol file
Symbol file data-0000022040452010 doesn't match image D:\github\Sample\HUNJIN\Library\ScriptAssemblies\Febucci.TextAnimator.Runtime.dll
Symbol file LoadedFromMemory is not a mono symbol file
Symbol file data-0000022040F45A20 doesn't match image D:\github\Sample\HUNJIN\Library\ScriptAssemblies\UnityEngine.UI.dll
Symbol file LoadedFromMemory is not a mono symbol file
Symbol file data-00000221FBBB3060 doesn't match image D:\github\Sample\HUNJIN\Library\ScriptAssemblies\Unity.InternalAPIEditorBridge.001.dll
Symbol file LoadedFromMemory is not a mono symbol file
Symbol file data-0000022044504010 doesn't match image D:\github\Sample\HUNJIN\Library\ScriptAssemblies\Unity.Mathematics.dll
Symbol file LoadedFromMemory is not a mono symbol file
Symbol file data-00000221F6FD7B20 doesn't match image D:\github\Sample\HUNJIN\Library\ScriptAssemblies\Unity.2D.IK.Runtime.dll
Symbol file LoadedFromMemory is not a mono symbol file
Symbol file data-00000220461C6020 doesn't match image D:\github\Sample\HUNJIN\Library\ScriptAssemblies\Unity.2D.Animation.Triangle.Runtime.dll
Symbol file LoadedFromMemory is not a mono symbol file
Symbol file data-0000022045518D40 doesn't match image D:\github\Sample\HUNJIN\Library\ScriptAssemblies\Unity.2D.Animation.Runtime.dll
Symbol file LoadedFromMemory is not a mono symbol file
Symbol file data-0000022046225690 doesn't match image D:\github\Sample\HUNJIN\Library\ScriptAssemblies\Unity.2D.PixelPerfect.Editor.dll
Symbol file LoadedFromMemory is not a mono symbol file
Symbol file data-00000220463F2010 doesn't match image D:\github\Sample\HUNJIN\Library\ScriptAssemblies\Unity.Timeline.Editor.dll
Symbol file LoadedFromMemory is not a mono symbol file
Symbol file data-00000220452B9FD0 doesn't match image D:\github\Sample\HUNJIN\Library\ScriptAssemblies\Unity.CollabProxy.Editor.dll
Symbol file LoadedFromMemory is not a mono symbol file
Symbol file data-0000022044F29A80 doesn't match image D:\github\Sample\HUNJIN\Library\ScriptAssemblies\Unity.Mathematics.Editor.dll
Symbol file LoadedFromMemory is not a mono symbol file
Symbol file data-000002204051C220 doesn't match image D:\github\Sample\HUNJIN\Library\ScriptAssemblies\Unity.2D.Common.Runtime.dll
Symbol file LoadedFromMemory is not a mono symbol file
Symbol file data-0000022040452010 doesn't match image D:\github\Sample\HUNJIN\Library\ScriptAssemblies\Unity.2D.SpriteShape.Editor.dll
Symbol file LoadedFromMemory is not a mono symbol file
Symbol file data-0000022045083640 doesn't match image D:\github\Sample\HUNJIN\Library\ScriptAssemblies\Unity.2D.Common.Editor.dll
Symbol file LoadedFromMemory is not a mono symbol file
Symbol file data-00000220452B9FD0 doesn't match image D:\github\Sample\HUNJIN\Library\ScriptAssemblies\Unity.2D.SpriteShape.Runtime.dll
Symbol file LoadedFromMemory is not a mono symbol file
Native extension for WindowsStandalone target not found
Refreshing native plugins compatible for Editor in 0.25 ms, found 1 plugins.
Preloading 0 native plugins for Editor in 0.00 ms.
Mono: successfully reloaded assembly
- Completed reload, in  0.485 seconds
Platform modules already initialized, skipping
Switching build target platform(5) subTarget(0) extendedPlatform(0) -> platform(13) subTarget(537395200) extendedPlatform(0)
Refreshing native plugins compatible for Editor in 0.24 ms, found 1 plugins.
Preloading 0 native plugins for Editor in 0.00 ms.
Unloading 1860 Unused Serialized files (Serialized files now loaded: 0)
System memory in use before: 106.9 MB.
System memory in use after: 106.8 MB.

Unloading 14 unused Assets to reduce memory usage. Loaded Objects now: 2351.
Total: 1.392200 ms (FindLiveObjects: 0.158700 ms CreateObjectMapping: 0.022200 ms MarkObjects: 1.110500 ms  DeleteObjects: 0.099100 ms)

AssetImportParameters requested are different than current active one (requested -> active):
  custom:graphics/normal-map-encoding: 01000000000000000000000000000000 -> 02000000000000000000000000000000
========================================================================
Received Prepare
Registering precompiled user dll's ...
Registered in 0.002018 seconds.
Begin MonoManager ReloadAssembly
Symbol file data-0000022043CE80A0 doesn't match image D:\github\Sample\HUNJIN\Library\ScriptAssemblies\Febucci.TextAnimator.Editor.dll
Symbol file LoadedFromMemory is not a mono symbol file
Symbol file data-0000022046404020 doesn't match image D:\github\Sample\HUNJIN\Library\ScriptAssemblies\Unity.2D.Animation.Editor.dll
Symbol file LoadedFromMemory is not a mono symbol file
Symbol file data-000002204513CC80 doesn't match image D:\github\Sample\HUNJIN\Library\ScriptAssemblies\Unity.InternalAPIEngineBridge.001.dll
Symbol file LoadedFromMemory is not a mono symbol file
Symbol file data-0000022044EAA030 doesn't match image D:\github\Sample\HUNJIN\Library\ScriptAssemblies\Unity.VSCode.Editor.dll
Symbol file LoadedFromMemory is not a mono symbol file
Symbol file data-00000220455067B0 doesn't match image D:\github\Sample\HUNJIN\Library\ScriptAssemblies\Febucci.TextAnimator.Demo.Runtime.dll
Symbol file LoadedFromMemory is not a mono symbol file
Symbol file data-00000221FBAB9060 doesn't match image D:\github\Sample\HUNJIN\Library\ScriptAssemblies\Unity.2D.PixelPerfect.dll
Symbol file LoadedFromMemory is not a mono symbol file
Symbol file data-0000022044BB6020 doesn't match image D:\github\Sample\HUNJIN\Library\ScriptAssemblies\Unity.2D.Tilemap.Editor.dll
Symbol file LoadedFromMemory is not a mono symbol file
Symbol file data-000002204569E220 doesn't match image D:\github\Sample\HUNJIN\Library\ScriptAssemblies\PsdPlugin.dll
Symbol file LoadedFromMemory is not a mono symbol file
Symbol file data-00000220462FC030 doesn't match image D:\github\Sample\HUNJIN\Library\ScriptAssemblies\Unity.TextMeshPro.Editor.dll
Symbol file LoadedFromMemory is not a mono symbol file
Symbol file data-00000220409C2030 doesn't match image D:\github\Sample\HUNJIN\Library\ScriptAssemblies\UnityEngine.TestRunner.dll
Symbol file LoadedFromMemory is not a mono symbol file
Symbol file data-0000022044BB6020 doesn't match image D:\github\Sample\HUNJIN\Library\ScriptAssemblies\Unity.Timeline.dll
Symbol file LoadedFromMemory is not a mono symbol file
Symbol file data-00000220452F7BF0 doesn't match image D:\github\Sample\HUNJIN\Library\ScriptAssemblies\Unity.TextMeshPro.dll
Symbol file LoadedFromMemory is not a mono symbol file
Symbol file data-00000221FBCF9A50 doesn't match image D:\github\Sample\HUNJIN\Library\ScriptAssemblies\UnityEditor.TestRunner.dll
Symbol file LoadedFromMemory is not a mono symbol file
Symbol file data-00000221F6FD7B20 doesn't match image D:\github\Sample\HUNJIN\Library\ScriptAssemblies\Unity.2D.IK.Editor.dll
Symbol file LoadedFromMemory is not a mono symbol file
Symbol file data-0000022044EBF010 doesn't match image D:\github\Sample\HUNJIN\Library\ScriptAssemblies\Unity.2D.Sprite.Editor.dll
Symbol file LoadedFromMemory is not a mono symbol file
Symbol file data-00000221FBEAA880 doesn't match image D:\github\Sample\HUNJIN\Library\ScriptAssemblies\Unity.2D.Psdimporter.Editor.dll
Symbol file LoadedFromMemory is not a mono symbol file
Symbol file data-000002204569E220 doesn't match image D:\github\Sample\HUNJIN\Library\ScriptAssemblies\Unity.2D.Path.Editor.dll
Symbol file LoadedFromMemory is not a mono symbol file
Symbol file data-0000022040836E90 doesn't match image D:\github\Sample\HUNJIN\Library\ScriptAssemblies\Febucci.TextAnimator.Demo.Editor.dll
Symbol file LoadedFromMemory is not a mono symbol file
Symbol file data-00000221FBEAA880 doesn't match image D:\github\Sample\HUNJIN\Library\ScriptAssemblies\UnityEditor.UI.dll
Symbol file LoadedFromMemory is not a mono symbol file
Symbol file data-00000220461D8010 doesn't match image D:\github\Sample\HUNJIN\Library\ScriptAssemblies\Unity.Rider.Editor.dll
Symbol file LoadedFromMemory is not a mono symbol file
Symbol file data-00000221FBEAA880 doesn't match image D:\github\Sample\HUNJIN\Library\ScriptAssemblies\Febucci.TextAnimator.Runtime.dll
Symbol file LoadedFromMemory is not a mono symbol file
Symbol file data-0000022040F45A20 doesn't match image D:\github\Sample\HUNJIN\Library\ScriptAssemblies\UnityEngine.UI.dll
Symbol file LoadedFromMemory is not a mono symbol file
Symbol file data-0000022044782E10 doesn't match image D:\github\Sample\HUNJIN\Library\ScriptAssemblies\Unity.InternalAPIEditorBridge.001.dll
Symbol file LoadedFromMemory is not a mono symbol file
Symbol file data-00000220463400B0 doesn't match image D:\github\Sample\HUNJIN\Library\ScriptAssemblies\Unity.Mathematics.dll
Symbol file LoadedFromMemory is not a mono symbol file
Symbol file data-00000221F6FD7B20 doesn't match image D:\github\Sample\HUNJIN\Library\ScriptAssemblies\Unity.2D.IK.Runtime.dll
Symbol file LoadedFromMemory is not a mono symbol file
Symbol file data-0000022040F45A20 doesn't match image D:\github\Sample\HUNJIN\Library\ScriptAssemblies\Unity.2D.Animation.Triangle.Runtime.dll
Symbol file LoadedFromMemory is not a mono symbol file
Symbol file data-0000022044EAA030 doesn't match image D:\github\Sample\HUNJIN\Library\ScriptAssemblies\Unity.2D.Animation.Runtime.dll
Symbol file LoadedFromMemory is not a mono symbol file
Symbol file data-000002204048FB00 doesn't match image D:\github\Sample\HUNJIN\Library\ScriptAssemblies\Unity.2D.PixelPerfect.Editor.dll
Symbol file LoadedFromMemory is not a mono symbol file
Symbol file data-00000220450B8F00 doesn't match image D:\github\Sample\HUNJIN\Library\ScriptAssemblies\Unity.Timeline.Editor.dll
Symbol file LoadedFromMemory is not a mono symbol file
Symbol file data-0000022044546020 doesn't match image D:\github\Sample\HUNJIN\Library\ScriptAssemblies\Unity.CollabProxy.Editor.dll
Symbol file LoadedFromMemory is not a mono symbol file
Symbol file data-0000022040461180 doesn't match image D:\github\Sample\HUNJIN\Library\ScriptAssemblies\Unity.Mathematics.Editor.dll
Symbol file LoadedFromMemory is not a mono symbol file
Symbol file data-000002204051CA90 doesn't match image D:\github\Sample\HUNJIN\Library\ScriptAssemblies\Unity.2D.Common.Runtime.dll
Symbol file LoadedFromMemory is not a mono symbol file
Symbol file data-00000221FBEAA880 doesn't match image D:\github\Sample\HUNJIN\Library\ScriptAssemblies\Unity.2D.SpriteShape.Editor.dll
Symbol file LoadedFromMemory is not a mono symbol file
Symbol file data-0000022044EAA030 doesn't match image D:\github\Sample\HUNJIN\Library\ScriptAssemblies\Unity.2D.Common.Editor.dll
Symbol file LoadedFromMemory is not a mono symbol file
Symbol file data-0000022044BB6020 doesn't match image D:\github\Sample\HUNJIN\Library\ScriptAssemblies\Unity.2D.SpriteShape.Runtime.dll
Symbol file LoadedFromMemory is not a mono symbol file
Native extension for WindowsStandalone target not found
Refreshing native plugins compatible for Editor in 0.48 ms, found 1 plugins.
Preloading 0 native plugins for Editor in 0.00 ms.
Mono: successfully reloaded assembly
- Completed reload, in  0.673 seconds
Platform modules already initialized, skipping
Switching build target platform(5) subTarget(0) extendedPlatform(0) -> platform(13) subTarget(537395200) extendedPlatform(0)
Refreshing native plugins compatible for Editor in 1.35 ms, found 1 plugins.
Preloading 0 native plugins for Editor in 0.00 ms.
Unloading 1860 Unused Serialized files (Serialized files now loaded: 0)
System memory in use before: 106.8 MB.
System memory in use after: 106.8 MB.

Unloading 14 unused Assets to reduce memory usage. Loaded Objects now: 2354.
Total: 2.663500 ms (FindLiveObjects: 0.454600 ms CreateObjectMapping: 0.057100 ms MarkObjects: 2.015000 ms  DeleteObjects: 0.135700 ms)

AssetImportParameters requested are different than current active one (requested -> active):
  custom:graphics/normal-map-encoding: 01000000000000000000000000000000 -> 02000000000000000000000000000000
========================================================================
Received Prepare
Registering precompiled user dll's ...
Registered in 0.001315 seconds.
Begin MonoManager ReloadAssembly
Symbol file data-0000022043CE80A0 doesn't match image D:\github\Sample\HUNJIN\Library\ScriptAssemblies\Febucci.TextAnimator.Editor.dll
Symbol file LoadedFromMemory is not a mono symbol file
Symbol file data-00000221FBCC9420 doesn't match image D:\github\Sample\HUNJIN\Library\ScriptAssemblies\Unity.2D.Animation.Editor.dll
Symbol file LoadedFromMemory is not a mono symbol file
Symbol file data-0000022043A38080 doesn't match image D:\github\Sample\HUNJIN\Library\ScriptAssemblies\Unity.InternalAPIEngineBridge.001.dll
Symbol file LoadedFromMemory is not a mono symbol file
Symbol file data-000002204507E5B0 doesn't match image D:\github\Sample\HUNJIN\Library\ScriptAssemblies\Unity.VSCode.Editor.dll
Symbol file LoadedFromMemory is not a mono symbol file
Symbol file data-0000022045690C10 doesn't match image D:\github\Sample\HUNJIN\Library\ScriptAssemblies\Febucci.TextAnimator.Demo.Runtime.dll
Symbol file LoadedFromMemory is not a mono symbol file
Symbol file data-0000022041738010 doesn't match image D:\github\Sample\HUNJIN\Library\ScriptAssemblies\Unity.2D.PixelPerfect.dll
Symbol file LoadedFromMemory is not a mono symbol file
Symbol file data-0000022044BB6020 doesn't match image D:\github\Sample\HUNJIN\Library\ScriptAssemblies\Unity.2D.Tilemap.Editor.dll
Symbol file LoadedFromMemory is not a mono symbol file
Symbol file data-00000220409C2030 doesn't match image D:\github\Sample\HUNJIN\Library\ScriptAssemblies\PsdPlugin.dll
Symbol file LoadedFromMemory is not a mono symbol file
Symbol file data-00000221FBE87040 doesn't match image D:\github\Sample\HUNJIN\Library\ScriptAssemblies\Unity.TextMeshPro.Editor.dll
Symbol file LoadedFromMemory is not a mono symbol file
Symbol file data-0000022045065E80 doesn't match image D:\github\Sample\HUNJIN\Library\ScriptAssemblies\UnityEngine.TestRunner.dll
Symbol file LoadedFromMemory is not a mono symbol file
Symbol file data-0000022044BB6020 doesn't match image D:\github\Sample\HUNJIN\Library\ScriptAssemblies\Unity.Timeline.dll
Symbol file LoadedFromMemory is not a mono symbol file
Symbol file data-00000220452F7BF0 doesn't match image D:\github\Sample\HUNJIN\Library\ScriptAssemblies\Unity.TextMeshPro.dll
Symbol file LoadedFromMemory is not a mono symbol file
Symbol file data-000002204500CE40 doesn't match image D:\github\Sample\HUNJIN\Library\ScriptAssemblies\UnityEditor.TestRunner.dll
Symbol file LoadedFromMemory is not a mono symbol file
Symbol file data-000002204555B730 doesn't match image D:\github\Sample\HUNJIN\Library\ScriptAssemblies\Unity.2D.IK.Editor.dll
Symbol file LoadedFromMemory is not a mono symbol file
Symbol file data-0000022044091010 doesn't match image D:\github\Sample\HUNJIN\Library\ScriptAssemblies\Unity.2D.Sprite.Editor.dll
Symbol file LoadedFromMemory is not a mono symbol file
Symbol file data-0000022041567030 doesn't match image D:\github\Sample\HUNJIN\Library\ScriptAssemblies\Unity.2D.Psdimporter.Editor.dll
Symbol file LoadedFromMemory is not a mono symbol file
Symbol file data-0000022045065E80 doesn't match image D:\github\Sample\HUNJIN\Library\ScriptAssemblies\Unity.2D.Path.Editor.dll
Symbol file LoadedFromMemory is not a mono symbol file
Symbol file data-00000220417B8680 doesn't match image D:\github\Sample\HUNJIN\Library\ScriptAssemblies\Febucci.TextAnimator.Demo.Editor.dll
Symbol file LoadedFromMemory is not a mono symbol file
Symbol file data-0000022041567030 doesn't match image D:\github\Sample\HUNJIN\Library\ScriptAssemblies\UnityEditor.UI.dll
Symbol file LoadedFromMemory is not a mono symbol file
Symbol file data-0000022044FC9EF0 doesn't match image D:\github\Sample\HUNJIN\Library\ScriptAssemblies\Unity.Rider.Editor.dll
Symbol file LoadedFromMemory is not a mono symbol file
Symbol file data-0000022041567030 doesn't match image D:\github\Sample\HUNJIN\Library\ScriptAssemblies\Febucci.TextAnimator.Runtime.dll
Symbol file LoadedFromMemory is not a mono symbol file
Symbol file data-0000022040F45A20 doesn't match image D:\github\Sample\HUNJIN\Library\ScriptAssemblies\UnityEngine.UI.dll
Symbol file LoadedFromMemory is not a mono symbol file
Symbol file data-00000220456A4600 doesn't match image D:\github\Sample\HUNJIN\Library\ScriptAssemblies\Unity.InternalAPIEditorBridge.001.dll
Symbol file LoadedFromMemory is not a mono symbol file
Symbol file data-00000220463400B0 doesn't match image D:\github\Sample\HUNJIN\Library\ScriptAssemblies\Unity.Mathematics.dll
Symbol file LoadedFromMemory is not a mono symbol file
Symbol file data-0000022044638450 doesn't match image D:\github\Sample\HUNJIN\Library\ScriptAssemblies\Unity.2D.IK.Runtime.dll
Symbol file LoadedFromMemory is not a mono symbol file
Symbol file data-0000022040F45A20 doesn't match image D:\github\Sample\HUNJIN\Library\ScriptAssemblies\Unity.2D.Animation.Triangle.Runtime.dll
Symbol file LoadedFromMemory is not a mono symbol file
Symbol file data-0000022040A9A020 doesn't match image D:\github\Sample\HUNJIN\Library\ScriptAssemblies\Unity.2D.Animation.Runtime.dll
Symbol file LoadedFromMemory is not a mono symbol file
Symbol file data-00000220450BB390 doesn't match image D:\github\Sample\HUNJIN\Library\ScriptAssemblies\Unity.2D.PixelPerfect.Editor.dll
Symbol file LoadedFromMemory is not a mono symbol file
Symbol file data-0000022046102040 doesn't match image D:\github\Sample\HUNJIN\Library\ScriptAssemblies\Unity.Timeline.Editor.dll
Symbol file LoadedFromMemory is not a mono symbol file
Symbol file data-000002204099E030 doesn't match image D:\github\Sample\HUNJIN\Library\ScriptAssemblies\Unity.CollabProxy.Editor.dll
Symbol file LoadedFromMemory is not a mono symbol file
Symbol file data-00000220441DBAB0 doesn't match image D:\github\Sample\HUNJIN\Library\ScriptAssemblies\Unity.Mathematics.Editor.dll
Symbol file LoadedFromMemory is not a mono symbol file
Symbol file data-000002204051D4B0 doesn't match image D:\github\Sample\HUNJIN\Library\ScriptAssemblies\Unity.2D.Common.Runtime.dll
Symbol file LoadedFromMemory is not a mono symbol file
Symbol file data-0000022041567030 doesn't match image D:\github\Sample\HUNJIN\Library\ScriptAssemblies\Unity.2D.SpriteShape.Editor.dll
Symbol file LoadedFromMemory is not a mono symbol file
Symbol file data-000002204507E5B0 doesn't match image D:\github\Sample\HUNJIN\Library\ScriptAssemblies\Unity.2D.Common.Editor.dll
Symbol file LoadedFromMemory is not a mono symbol file
Symbol file data-000002204099E030 doesn't match image D:\github\Sample\HUNJIN\Library\ScriptAssemblies\Unity.2D.SpriteShape.Runtime.dll
Symbol file LoadedFromMemory is not a mono symbol file
Native extension for WindowsStandalone target not found
Refreshing native plugins compatible for Editor in 0.35 ms, found 1 plugins.
Preloading 0 native plugins for Editor in 0.00 ms.
Mono: successfully reloaded assembly
- Completed reload, in  0.471 seconds
Platform modules already initialized, skipping
Switching build target platform(5) subTarget(0) extendedPlatform(0) -> platform(13) subTarget(537395200) extendedPlatform(0)
Refreshing native plugins compatible for Editor in 0.24 ms, found 1 plugins.
Preloading 0 native plugins for Editor in 0.00 ms.
Unloading 1860 Unused Serialized files (Serialized files now loaded: 0)
System memory in use before: 106.8 MB.
System memory in use after: 106.8 MB.

Unloading 14 unused Assets to reduce memory usage. Loaded Objects now: 2357.
Total: 1.560100 ms (FindLiveObjects: 0.271200 ms CreateObjectMapping: 0.024800 ms MarkObjects: 1.174900 ms  DeleteObjects: 0.087700 ms)

AssetImportParameters requested are different than current active one (requested -> active):
  custom:graphics/normal-map-encoding: 01000000000000000000000000000000 -> 02000000000000000000000000000000
========================================================================
Received Import Request.
  Time since last request: 6950.135440 seconds.
  path: Assets/Scenes/Prefab/FilterRow.prefab
  artifactKey: Guid(2e1c90878a57a894385eaccb543335ba) Importer(815301076,1909f56bfc062723c751e8b465ee728b)
Start importing Assets/Scenes/Prefab/FilterRow.prefab using Guid(2e1c90878a57a894385eaccb543335ba) Importer(815301076,1909f56bfc062723c751e8b465ee728b)  -> (artifact id: '14b950421fb4bf794a75a927ca748dc9') in 0.044498 seconds
  Import took 0.047080 seconds .

========================================================================
Received Prepare
Registering precompiled user dll's ...
Registered in 0.001104 seconds.
Begin MonoManager ReloadAssembly
Symbol file data-00000220448DC040 doesn't match image D:\github\Sample\HUNJIN\Library\ScriptAssemblies\Febucci.TextAnimator.Editor.dll
Symbol file LoadedFromMemory is not a mono symbol file
Symbol file data-00000221FBCC9420 doesn't match image D:\github\Sample\HUNJIN\Library\ScriptAssemblies\Unity.2D.Animation.Editor.dll
Symbol file LoadedFromMemory is not a mono symbol file
Symbol file data-00000220446384A0 doesn't match image D:\github\Sample\HUNJIN\Library\ScriptAssemblies\Unity.InternalAPIEngineBridge.001.dll
Symbol file LoadedFromMemory is not a mono symbol file
Symbol file data-000002204156B040 doesn't match image D:\github\Sample\HUNJIN\Library\ScriptAssemblies\Unity.VSCode.Editor.dll
Symbol file LoadedFromMemory is not a mono symbol file
Symbol file data-00000221F6721710 doesn't match image D:\github\Sample\HUNJIN\Library\ScriptAssemblies\Febucci.TextAnimator.Demo.Runtime.dll
Symbol file LoadedFromMemory is not a mono symbol file
Symbol file data-00000220452A7D30 doesn't match image D:\github\Sample\HUNJIN\Library\ScriptAssemblies\Unity.2D.PixelPerfect.dll
Symbol file LoadedFromMemory is not a mono symbol file
Symbol file data-0000022043B94030 doesn't match image D:\github\Sample\HUNJIN\Library\ScriptAssemblies\Unity.2D.Tilemap.Editor.dll
Symbol file LoadedFromMemory is not a mono symbol file
Symbol file data-0000022045082630 doesn't match image D:\github\Sample\HUNJIN\Library\ScriptAssemblies\PsdPlugin.dll
Symbol file LoadedFromMemory is not a mono symbol file
Symbol file data-00000220466F7030 doesn't match image D:\github\Sample\HUNJIN\Library\ScriptAssemblies\Unity.TextMeshPro.Editor.dll
Symbol file LoadedFromMemory is not a mono symbol file
Symbol file data-000002204613A080 doesn't match image D:\github\Sample\HUNJIN\Library\ScriptAssemblies\UnityEngine.TestRunner.dll
Symbol file LoadedFromMemory is not a mono symbol file
Symbol file data-0000022043B94030 doesn't match image D:\github\Sample\HUNJIN\Library\ScriptAssemblies\Unity.Timeline.dll
Symbol file LoadedFromMemory is not a mono symbol file
Symbol file data-00000220452F7BF0 doesn't match image D:\github\Sample\HUNJIN\Library\ScriptAssemblies\Unity.TextMeshPro.dll
Symbol file LoadedFromMemory is not a mono symbol file
Symbol file data-00000220450E8F30 doesn't match image D:\github\Sample\HUNJIN\Library\ScriptAssemblies\UnityEditor.TestRunner.dll
Symbol file LoadedFromMemory is not a mono symbol file
Symbol file data-00000221F6FD7B20 doesn't match image D:\github\Sample\HUNJIN\Library\ScriptAssemblies\Unity.2D.IK.Editor.dll
Symbol file LoadedFromMemory is not a mono symbol file
Symbol file data-00000220466F7030 doesn't match image D:\github\Sample\HUNJIN\Library\ScriptAssemblies\Unity.2D.Sprite.Editor.dll
Symbol file LoadedFromMemory is not a mono symbol file
Symbol file data-0000022045499020 doesn't match image D:\github\Sample\HUNJIN\Library\ScriptAssemblies\Unity.2D.Psdimporter.Editor.dll
Symbol file LoadedFromMemory is not a mono symbol file
Symbol file data-0000022040FB2A40 doesn't match image D:\github\Sample\HUNJIN\Library\ScriptAssemblies\Unity.2D.Path.Editor.dll
Symbol file LoadedFromMemory is not a mono symbol file
Symbol file data-0000022045270330 doesn't match image D:\github\Sample\HUNJIN\Library\ScriptAssemblies\Febucci.TextAnimator.Demo.Editor.dll
Symbol file LoadedFromMemory is not a mono symbol file
Symbol file data-0000022045499020 doesn't match image D:\github\Sample\HUNJIN\Library\ScriptAssemblies\UnityEditor.UI.dll
Symbol file LoadedFromMemory is not a mono symbol file
Symbol file data-0000022040830060 doesn't match image D:\github\Sample\HUNJIN\Library\ScriptAssemblies\Unity.Rider.Editor.dll
Symbol file LoadedFromMemory is not a mono symbol file
Symbol file data-0000022045499020 doesn't match image D:\github\Sample\HUNJIN\Library\ScriptAssemblies\Febucci.TextAnimator.Runtime.dll
Symbol file LoadedFromMemory is not a mono symbol file
Symbol file data-0000022040F45A20 doesn't match image D:\github\Sample\HUNJIN\Library\ScriptAssemblies\UnityEngine.UI.dll
Symbol file LoadedFromMemory is not a mono symbol file
Symbol file data-000002204528FB60 doesn't match image D:\github\Sample\HUNJIN\Library\ScriptAssemblies\Unity.InternalAPIEditorBridge.001.dll
Symbol file LoadedFromMemory is not a mono symbol file
Symbol file data-00000220463400B0 doesn't match image D:\github\Sample\HUNJIN\Library\ScriptAssemblies\Unity.Mathematics.dll
Symbol file LoadedFromMemory is not a mono symbol file
Symbol file data-000002204217D450 doesn't match image D:\github\Sample\HUNJIN\Library\ScriptAssemblies\Unity.2D.IK.Runtime.dll
Symbol file LoadedFromMemory is not a mono symbol file
Symbol file data-0000022040F45A20 doesn't match image D:\github\Sample\HUNJIN\Library\ScriptAssemblies\Unity.2D.Animation.Triangle.Runtime.dll
Symbol file LoadedFromMemory is not a mono symbol file
Symbol file data-0000022040A9A020 doesn't match image D:\github\Sample\HUNJIN\Library\ScriptAssemblies\Unity.2D.Animation.Runtime.dll
Symbol file LoadedFromMemory is not a mono symbol file
Symbol file data-00000220453D2430 doesn't match image D:\github\Sample\HUNJIN\Library\ScriptAssemblies\Unity.2D.PixelPerfect.Editor.dll
Symbol file LoadedFromMemory is not a mono symbol file
Symbol file data-0000022044AC51A0 doesn't match image D:\github\Sample\HUNJIN\Library\ScriptAssemblies\Unity.Timeline.Editor.dll
Symbol file LoadedFromMemory is not a mono symbol file
Symbol file data-00000221FBEB6CB0 doesn't match image D:\github\Sample\HUNJIN\Library\ScriptAssemblies\Unity.CollabProxy.Editor.dll
Symbol file LoadedFromMemory is not a mono symbol file
Symbol file data-0000022044BBC2E0 doesn't match image D:\github\Sample\HUNJIN\Library\ScriptAssemblies\Unity.Mathematics.Editor.dll
Symbol file LoadedFromMemory is not a mono symbol file
Symbol file data-000002204051C3D0 doesn't match image D:\github\Sample\HUNJIN\Library\ScriptAssemblies\Unity.2D.Common.Runtime.dll
Symbol file LoadedFromMemory is not a mono symbol file
Symbol file data-0000022045499020 doesn't match image D:\github\Sample\HUNJIN\Library\ScriptAssemblies\Unity.2D.SpriteShape.Editor.dll
Symbol file LoadedFromMemory is not a mono symbol file
Symbol file data-000002204156B040 doesn't match image D:\github\Sample\HUNJIN\Library\ScriptAssemblies\Unity.2D.Common.Editor.dll
Symbol file LoadedFromMemory is not a mono symbol file
Symbol file data-00000221FBEB6CB0 doesn't match image D:\github\Sample\HUNJIN\Library\ScriptAssemblies\Unity.2D.SpriteShape.Runtime.dll
Symbol file LoadedFromMemory is not a mono symbol file
Native extension for WindowsStandalone target not found
Refreshing native plugins compatible for Editor in 0.27 ms, found 1 plugins.
Preloading 0 native plugins for Editor in 0.00 ms.
Mono: successfully reloaded assembly
- Completed reload, in  0.501 seconds
Platform modules already initialized, skipping
Switching build target platform(5) subTarget(0) extendedPlatform(0) -> platform(13) subTarget(537395200) extendedPlatform(0)
Refreshing native plugins compatible for Editor in 0.39 ms, found 1 plugins.
Preloading 0 native plugins for Editor in 0.00 ms.
Unloading 1860 Unused Serialized files (Serialized files now loaded: 0)
System memory in use before: 107.1 MB.
System memory in use after: 107.0 MB.

Unloading 20 unused Assets to reduce memory usage. Loaded Objects now: 2362.
Total: 1.382200 ms (FindLiveObjects: 0.132500 ms CreateObjectMapping: 0.025200 ms MarkObjects: 1.130200 ms  DeleteObjects: 0.093100 ms)

AssetImportParameters requested are different than current active one (requested -> active):
  custom:graphics/normal-map-encoding: 01000000000000000000000000000000 -> 02000000000000000000000000000000
========================================================================
Received Prepare
Registering precompiled user dll's ...
Registered in 0.000930 seconds.
Begin MonoManager ReloadAssembly
Symbol file data-00000220467D70F0 doesn't match image D:\github\Sample\HUNJIN\Library\ScriptAssemblies\Febucci.TextAnimator.Editor.dll
Symbol file LoadedFromMemory is not a mono symbol file
Symbol file data-00000221FBCC9420 doesn't match image D:\github\Sample\HUNJIN\Library\ScriptAssemblies\Unity.2D.Animation.Editor.dll
Symbol file LoadedFromMemory is not a mono symbol file
Symbol file data-00000220467E5E90 doesn't match image D:\github\Sample\HUNJIN\Library\ScriptAssemblies\Unity.InternalAPIEngineBridge.001.dll
Symbol file LoadedFromMemory is not a mono symbol file
Symbol file data-0000022045501020 doesn't match image D:\github\Sample\HUNJIN\Library\ScriptAssemblies\Unity.VSCode.Editor.dll
Symbol file LoadedFromMemory is not a mono symbol file
Symbol file data-00000221FBB484E0 doesn't match image D:\github\Sample\HUNJIN\Library\ScriptAssemblies\Febucci.TextAnimator.Demo.Runtime.dll
Symbol file LoadedFromMemory is not a mono symbol file
Symbol file data-00000220408E9630 doesn't match image D:\github\Sample\HUNJIN\Library\ScriptAssemblies\Unity.2D.PixelPerfect.dll
Symbol file LoadedFromMemory is not a mono symbol file
Symbol file data-00000220452B9CF0 doesn't match image D:\github\Sample\HUNJIN\Library\ScriptAssemblies\Unity.2D.Tilemap.Editor.dll
Symbol file LoadedFromMemory is not a mono symbol file
Symbol file data-000002204550C020 doesn't match image D:\github\Sample\HUNJIN\Library\ScriptAssemblies\PsdPlugin.dll
Symbol file LoadedFromMemory is not a mono symbol file
Symbol file data-00000220467970C0 doesn't match image D:\github\Sample\HUNJIN\Library\ScriptAssemblies\Unity.TextMeshPro.Editor.dll
Symbol file LoadedFromMemory is not a mono symbol file
Symbol file data-00000221FBEB6CB0 doesn't match image D:\github\Sample\HUNJIN\Library\ScriptAssemblies\UnityEngine.TestRunner.dll
Symbol file LoadedFromMemory is not a mono symbol file
Symbol file data-00000220452B9CF0 doesn't match image D:\github\Sample\HUNJIN\Library\ScriptAssemblies\Unity.Timeline.dll
Symbol file LoadedFromMemory is not a mono symbol file
Symbol file data-00000220452F7BF0 doesn't match image D:\github\Sample\HUNJIN\Library\ScriptAssemblies\Unity.TextMeshPro.dll
Symbol file LoadedFromMemory is not a mono symbol file
Symbol file data-0000022045639050 doesn't match image D:\github\Sample\HUNJIN\Library\ScriptAssemblies\UnityEditor.TestRunner.dll
Symbol file LoadedFromMemory is not a mono symbol file
Symbol file data-0000022045501020 doesn't match image D:\github\Sample\HUNJIN\Library\ScriptAssemblies\Unity.2D.IK.Editor.dll
Symbol file LoadedFromMemory is not a mono symbol file
Symbol file data-00000220467970C0 doesn't match image D:\github\Sample\HUNJIN\Library\ScriptAssemblies\Unity.2D.Sprite.Editor.dll
Symbol file LoadedFromMemory is not a mono symbol file
Symbol file data-0000022045499020 doesn't match image D:\github\Sample\HUNJIN\Library\ScriptAssemblies\Unity.2D.Psdimporter.Editor.dll
Symbol file LoadedFromMemory is not a mono symbol file
Symbol file data-0000022040A60010 doesn't match image D:\github\Sample\HUNJIN\Library\ScriptAssemblies\Unity.2D.Path.Editor.dll
Symbol file LoadedFromMemory is not a mono symbol file
Symbol file data-000002204173AC60 doesn't match image D:\github\Sample\HUNJIN\Library\ScriptAssemblies\Febucci.TextAnimator.Demo.Editor.dll
Symbol file LoadedFromMemory is not a mono symbol file
Symbol file data-0000022045499020 doesn't match image D:\github\Sample\HUNJIN\Library\ScriptAssemblies\UnityEditor.UI.dll
Symbol file LoadedFromMemory is not a mono symbol file
Symbol file data-00000220406D8030 doesn't match image D:\github\Sample\HUNJIN\Library\ScriptAssemblies\Unity.Rider.Editor.dll
Symbol file LoadedFromMemory is not a mono symbol file
Symbol file data-0000022045499020 doesn't match image D:\github\Sample\HUNJIN\Library\ScriptAssemblies\Febucci.TextAnimator.Runtime.dll
Symbol file LoadedFromMemory is not a mono symbol file
Symbol file data-0000022040F45A20 doesn't match image D:\github\Sample\HUNJIN\Library\ScriptAssemblies\UnityEngine.UI.dll
Symbol file LoadedFromMemory is not a mono symbol file
Symbol file data-0000022045680B10 doesn't match image D:\github\Sample\HUNJIN\Library\ScriptAssemblies\Unity.InternalAPIEditorBridge.001.dll
Symbol file LoadedFromMemory is not a mono symbol file
Symbol file data-00000220463400B0 doesn't match image D:\github\Sample\HUNJIN\Library\ScriptAssemblies\Unity.Mathematics.dll
Symbol file LoadedFromMemory is not a mono symbol file
Symbol file data-0000022045501020 doesn't match image D:\github\Sample\HUNJIN\Library\ScriptAssemblies\Unity.2D.IK.Runtime.dll
Symbol file LoadedFromMemory is not a mono symbol file
Symbol file data-0000022040F45A20 doesn't match image D:\github\Sample\HUNJIN\Library\ScriptAssemblies\Unity.2D.Animation.Triangle.Runtime.dll
Symbol file LoadedFromMemory is not a mono symbol file
Symbol file data-0000022040A9A020 doesn't match image D:\github\Sample\HUNJIN\Library\ScriptAssemblies\Unity.2D.Animation.Runtime.dll
Symbol file LoadedFromMemory is not a mono symbol file
Symbol file data-000002204027AFE0 doesn't match image D:\github\Sample\HUNJIN\Library\ScriptAssemblies\Unity.2D.PixelPerfect.Editor.dll
Symbol file LoadedFromMemory is not a mono symbol file
Symbol file data-00000220463400B0 doesn't match image D:\github\Sample\HUNJIN\Library\ScriptAssemblies\Unity.Timeline.Editor.dll
Symbol file LoadedFromMemory is not a mono symbol file
Symbol file data-00000221FBEB6CB0 doesn't match image D:\github\Sample\HUNJIN\Library\ScriptAssemblies\Unity.CollabProxy.Editor.dll
Symbol file LoadedFromMemory is not a mono symbol file
Symbol file data-00000221FBD95250 doesn't match image D:\github\Sample\HUNJIN\Library\ScriptAssemblies\Unity.Mathematics.Editor.dll
Symbol file LoadedFromMemory is not a mono symbol file
Symbol file data-000002204051CFA0 doesn't match image D:\github\Sample\HUNJIN\Library\ScriptAssemblies\Unity.2D.Common.Runtime.dll
Symbol file LoadedFromMemory is not a mono symbol file
Symbol file data-0000022045499020 doesn't match image D:\github\Sample\HUNJIN\Library\ScriptAssemblies\Unity.2D.SpriteShape.Editor.dll
Symbol file LoadedFromMemory is not a mono symbol file
Symbol file data-000002204409D030 doesn't match image D:\github\Sample\HUNJIN\Library\ScriptAssemblies\Unity.2D.Common.Editor.dll
Symbol file LoadedFromMemory is not a mono symbol file
Symbol file data-00000221FBEB6CB0 doesn't match image D:\github\Sample\HUNJIN\Library\ScriptAssemblies\Unity.2D.SpriteShape.Runtime.dll
Symbol file LoadedFromMemory is not a mono symbol file
Native extension for WindowsStandalone target not found
Refreshing native plugins compatible for Editor in 0.36 ms, found 1 plugins.
Preloading 0 native plugins for Editor in 0.00 ms.
Mono: successfully reloaded assembly
- Completed reload, in  0.445 seconds
Platform modules already initialized, skipping
Switching build target platform(5) subTarget(0) extendedPlatform(0) -> platform(13) subTarget(537395200) extendedPlatform(0)
Refreshing native plugins compatible for Editor in 0.24 ms, found 1 plugins.
Preloading 0 native plugins for Editor in 0.00 ms.
Unloading 1860 Unused Serialized files (Serialized files now loaded: 0)
System memory in use before: 107.1 MB.
System memory in use after: 107.0 MB.

Unloading 14 unused Assets to reduce memory usage. Loaded Objects now: 2365.
Total: 1.504400 ms (FindLiveObjects: 0.156400 ms CreateObjectMapping: 0.023700 ms MarkObjects: 1.234000 ms  DeleteObjects: 0.089000 ms)

AssetImportParameters requested are different than current active one (requested -> active):
  custom:graphics/normal-map-encoding: 01000000000000000000000000000000 -> 02000000000000000000000000000000
========================================================================
Received Prepare
Registering precompiled user dll's ...
Registered in 0.000989 seconds.
Begin MonoManager ReloadAssembly
Symbol file data-00000220467D70F0 doesn't match image D:\github\Sample\HUNJIN\Library\ScriptAssemblies\Febucci.TextAnimator.Editor.dll
Symbol file LoadedFromMemory is not a mono symbol file
Symbol file data-000002204700E020 doesn't match image D:\github\Sample\HUNJIN\Library\ScriptAssemblies\Unity.2D.Animation.Editor.dll
Symbol file LoadedFromMemory is not a mono symbol file
Symbol file data-000002204507E070 doesn't match image D:\github\Sample\HUNJIN\Library\ScriptAssemblies\Unity.InternalAPIEngineBridge.001.dll
Symbol file LoadedFromMemory is not a mono symbol file
Symbol file data-0000022044638040 doesn't match image D:\github\Sample\HUNJIN\Library\ScriptAssemblies\Unity.VSCode.Editor.dll
Symbol file LoadedFromMemory is not a mono symbol file
Symbol file data-0000022044CB0DB0 doesn't match image D:\github\Sample\HUNJIN\Library\ScriptAssemblies\Febucci.TextAnimator.Demo.Runtime.dll
Symbol file LoadedFromMemory is not a mono symbol file
Symbol file data-0000022046E41200 doesn't match image D:\github\Sample\HUNJIN\Library\ScriptAssemblies\Unity.2D.PixelPerfect.dll
Symbol file LoadedFromMemory is not a mono symbol file
Symbol file data-0000022044F900F0 doesn't match image D:\github\Sample\HUNJIN\Library\ScriptAssemblies\Unity.2D.Tilemap.Editor.dll
Symbol file LoadedFromMemory is not a mono symbol file
Symbol file data-0000022044F900F0 doesn't match image D:\github\Sample\HUNJIN\Library\ScriptAssemblies\PsdPlugin.dll
Symbol file LoadedFromMemory is not a mono symbol file
Symbol file data-0000022044F900F0 doesn't match image D:\github\Sample\HUNJIN\Library\ScriptAssemblies\Unity.TextMeshPro.Editor.dll
Symbol file LoadedFromMemory is not a mono symbol file
Symbol file data-0000022044F900F0 doesn't match image D:\github\Sample\HUNJIN\Library\ScriptAssemblies\UnityEngine.TestRunner.dll
Symbol file LoadedFromMemory is not a mono symbol file
Symbol file data-0000022044F900F0 doesn't match image D:\github\Sample\HUNJIN\Library\ScriptAssemblies\Unity.Timeline.dll
Symbol file LoadedFromMemory is not a mono symbol file
Symbol file data-00000220452F7BF0 doesn't match image D:\github\Sample\HUNJIN\Library\ScriptAssemblies\Unity.TextMeshPro.dll
Symbol file LoadedFromMemory is not a mono symbol file
Symbol file data-00000220450E8F30 doesn't match image D:\github\Sample\HUNJIN\Library\ScriptAssemblies\UnityEditor.TestRunner.dll
Symbol file LoadedFromMemory is not a mono symbol file
Symbol file data-0000022044638040 doesn't match image D:\github\Sample\HUNJIN\Library\ScriptAssemblies\Unity.2D.IK.Editor.dll
Symbol file LoadedFromMemory is not a mono symbol file
Symbol file data-0000022044F900F0 doesn't match image D:\github\Sample\HUNJIN\Library\ScriptAssemblies\Unity.2D.Sprite.Editor.dll
Symbol file LoadedFromMemory is not a mono symbol file
Symbol file data-0000022044046020 doesn't match image D:\github\Sample\HUNJIN\Library\ScriptAssemblies\Unity.2D.Psdimporter.Editor.dll
Symbol file LoadedFromMemory is not a mono symbol file
Symbol file data-0000022040FB2A40 doesn't match image D:\github\Sample\HUNJIN\Library\ScriptAssemblies\Unity.2D.Path.Editor.dll
Symbol file LoadedFromMemory is not a mono symbol file
Symbol file data-00000220407E54A0 doesn't match image D:\github\Sample\HUNJIN\Library\ScriptAssemblies\Febucci.TextAnimator.Demo.Editor.dll
Symbol file LoadedFromMemory is not a mono symbol file
Symbol file data-0000022044E9FE40 doesn't match image D:\github\Sample\HUNJIN\Library\ScriptAssemblies\UnityEditor.UI.dll
Symbol file LoadedFromMemory is not a mono symbol file
Symbol file data-00000220420CB1B0 doesn't match image D:\github\Sample\HUNJIN\Library\ScriptAssemblies\Unity.Rider.Editor.dll
Symbol file LoadedFromMemory is not a mono symbol file
Symbol file data-0000022044046020 doesn't match image D:\github\Sample\HUNJIN\Library\ScriptAssemblies\Febucci.TextAnimator.Runtime.dll
Symbol file LoadedFromMemory is not a mono symbol file
Symbol file data-0000022040F45A20 doesn't match image D:\github\Sample\HUNJIN\Library\ScriptAssemblies\UnityEngine.UI.dll
Symbol file LoadedFromMemory is not a mono symbol file
Symbol file data-0000022046E2C460 doesn't match image D:\github\Sample\HUNJIN\Library\ScriptAssemblies\Unity.InternalAPIEditorBridge.001.dll
Symbol file LoadedFromMemory is not a mono symbol file
Symbol file data-00000220463400B0 doesn't match image D:\github\Sample\HUNJIN\Library\ScriptAssemblies\Unity.Mathematics.dll
Symbol file LoadedFromMemory is not a mono symbol file
Symbol file data-0000022044383020 doesn't match image D:\github\Sample\HUNJIN\Library\ScriptAssemblies\Unity.2D.IK.Runtime.dll
Symbol file LoadedFromMemory is not a mono symbol file
Symbol file data-000002204627E050 doesn't match image D:\github\Sample\HUNJIN\Library\ScriptAssemblies\Unity.2D.Animation.Triangle.Runtime.dll
Symbol file LoadedFromMemory is not a mono symbol file
Symbol file data-0000022045518930 doesn't match image D:\github\Sample\HUNJIN\Library\ScriptAssemblies\Unity.2D.Animation.Runtime.dll
Symbol file LoadedFromMemory is not a mono symbol file
Symbol file data-000002204099E990 doesn't match image D:\github\Sample\HUNJIN\Library\ScriptAssemblies\Unity.2D.PixelPerfect.Editor.dll
Symbol file LoadedFromMemory is not a mono symbol file
Symbol file data-0000022046848160 doesn't match image D:\github\Sample\HUNJIN\Library\ScriptAssemblies\Unity.Timeline.Editor.dll
Symbol file LoadedFromMemory is not a mono symbol file
Symbol file data-00000220454D59E0 doesn't match image D:\github\Sample\HUNJIN\Library\ScriptAssemblies\Unity.CollabProxy.Editor.dll
Symbol file LoadedFromMemory is not a mono symbol file
Symbol file data-00000220413E4070 doesn't match image D:\github\Sample\HUNJIN\Library\ScriptAssemblies\Unity.Mathematics.Editor.dll
Symbol file LoadedFromMemory is not a mono symbol file
Symbol file data-000002204051DB70 doesn't match image D:\github\Sample\HUNJIN\Library\ScriptAssemblies\Unity.2D.Common.Runtime.dll
Symbol file LoadedFromMemory is not a mono symbol file
Symbol file data-0000022044046020 doesn't match image D:\github\Sample\HUNJIN\Library\ScriptAssemblies\Unity.2D.SpriteShape.Editor.dll
Symbol file LoadedFromMemory is not a mono symbol file
Symbol file data-0000022044638040 doesn't match image D:\github\Sample\HUNJIN\Library\ScriptAssemblies\Unity.2D.Common.Editor.dll
Symbol file LoadedFromMemory is not a mono symbol file
Symbol file data-00000220454D59E0 doesn't match image D:\github\Sample\HUNJIN\Library\ScriptAssemblies\Unity.2D.SpriteShape.Runtime.dll
Symbol file LoadedFromMemory is not a mono symbol file
Native extension for WindowsStandalone target not found
Refreshing native plugins compatible for Editor in 0.30 ms, found 1 plugins.
Preloading 0 native plugins for Editor in 0.00 ms.
Mono: successfully reloaded assembly
- Completed reload, in  0.489 seconds
Platform modules already initialized, skipping
Switching build target platform(5) subTarget(0) extendedPlatform(0) -> platform(13) subTarget(537395200) extendedPlatform(0)
Refreshing native plugins compatible for Editor in 0.24 ms, found 1 plugins.
Preloading 0 native plugins for Editor in 0.00 ms.
Unloading 1860 Unused Serialized files (Serialized files now loaded: 0)
System memory in use before: 107.1 MB.
System memory in use after: 107.0 MB.

Unloading 14 unused Assets to reduce memory usage. Loaded Objects now: 2368.
Total: 1.488100 ms (FindLiveObjects: 0.150400 ms CreateObjectMapping: 0.023000 ms MarkObjects: 1.227300 ms  DeleteObjects: 0.086400 ms)

AssetImportParameters requested are different than current active one (requested -> active):
  custom:graphics/normal-map-encoding: 01000000000000000000000000000000 -> 02000000000000000000000000000000
========================================================================
Received Prepare
Registering precompiled user dll's ...
Registered in 0.001551 seconds.
Begin MonoManager ReloadAssembly
Symbol file data-00000220467D70F0 doesn't match image D:\github\Sample\HUNJIN\Library\ScriptAssemblies\Febucci.TextAnimator.Editor.dll
Symbol file LoadedFromMemory is not a mono symbol file
Symbol file data-000002204700E020 doesn't match image D:\github\Sample\HUNJIN\Library\ScriptAssemblies\Unity.2D.Animation.Editor.dll
Symbol file LoadedFromMemory is not a mono symbol file
Symbol file data-00000220406E3570 doesn't match image D:\github\Sample\HUNJIN\Library\ScriptAssemblies\Unity.InternalAPIEngineBridge.001.dll
Symbol file LoadedFromMemory is not a mono symbol file
Symbol file data-0000022044638040 doesn't match image D:\github\Sample\HUNJIN\Library\ScriptAssemblies\Unity.VSCode.Editor.dll
Symbol file LoadedFromMemory is not a mono symbol file
Symbol file data-00000221FBDD8410 doesn't match image D:\github\Sample\HUNJIN\Library\ScriptAssemblies\Febucci.TextAnimator.Demo.Runtime.dll
Symbol file LoadedFromMemory is not a mono symbol file
Symbol file data-0000022044551630 doesn't match image D:\github\Sample\HUNJIN\Library\ScriptAssemblies\Unity.2D.PixelPerfect.dll
Symbol file LoadedFromMemory is not a mono symbol file
Symbol file data-0000022040233050 doesn't match image D:\github\Sample\HUNJIN\Library\ScriptAssemblies\Unity.2D.Tilemap.Editor.dll
Symbol file LoadedFromMemory is not a mono symbol file
Symbol file data-0000022045507E50 doesn't match image D:\github\Sample\HUNJIN\Library\ScriptAssemblies\PsdPlugin.dll
Symbol file LoadedFromMemory is not a mono symbol file
Symbol file data-0000022040233050 doesn't match image D:\github\Sample\HUNJIN\Library\ScriptAssemblies\Unity.TextMeshPro.Editor.dll
Symbol file LoadedFromMemory is not a mono symbol file
Symbol file data-0000022045507E50 doesn't match image D:\github\Sample\HUNJIN\Library\ScriptAssemblies\UnityEngine.TestRunner.dll
Symbol file LoadedFromMemory is not a mono symbol file
Symbol file data-0000022045507E50 doesn't match image D:\github\Sample\HUNJIN\Library\ScriptAssemblies\Unity.Timeline.dll
Symbol file LoadedFromMemory is not a mono symbol file
Symbol file data-00000220452F7BF0 doesn't match image D:\github\Sample\HUNJIN\Library\ScriptAssemblies\Unity.TextMeshPro.dll
Symbol file LoadedFromMemory is not a mono symbol file
Symbol file data-0000022045639050 doesn't match image D:\github\Sample\HUNJIN\Library\ScriptAssemblies\UnityEditor.TestRunner.dll
Symbol file LoadedFromMemory is not a mono symbol file
Symbol file data-0000022044638040 doesn't match image D:\github\Sample\HUNJIN\Library\ScriptAssemblies\Unity.2D.IK.Editor.dll
Symbol file LoadedFromMemory is not a mono symbol file
Symbol file data-0000022040233050 doesn't match image D:\github\Sample\HUNJIN\Library\ScriptAssemblies\Unity.2D.Sprite.Editor.dll
Symbol file LoadedFromMemory is not a mono symbol file
Symbol file data-00000221FBC21010 doesn't match image D:\github\Sample\HUNJIN\Library\ScriptAssemblies\Unity.2D.Psdimporter.Editor.dll
Symbol file LoadedFromMemory is not a mono symbol file
Symbol file data-00000220450C0F10 doesn't match image D:\github\Sample\HUNJIN\Library\ScriptAssemblies\Unity.2D.Path.Editor.dll
Symbol file LoadedFromMemory is not a mono symbol file
Symbol file data-0000022043CE9BF0 doesn't match image D:\github\Sample\HUNJIN\Library\ScriptAssemblies\Febucci.TextAnimator.Demo.Editor.dll
Symbol file LoadedFromMemory is not a mono symbol file
Symbol file data-0000022042280E40 doesn't match image D:\github\Sample\HUNJIN\Library\ScriptAssemblies\UnityEditor.UI.dll
Symbol file LoadedFromMemory is not a mono symbol file
Symbol file data-00000220420CB1B0 doesn't match image D:\github\Sample\HUNJIN\Library\ScriptAssemblies\Unity.Rider.Editor.dll
Symbol file LoadedFromMemory is not a mono symbol file
Symbol file data-00000221FBC21010 doesn't match image D:\github\Sample\HUNJIN\Library\ScriptAssemblies\Febucci.TextAnimator.Runtime.dll
Symbol file LoadedFromMemory is not a mono symbol file
Symbol file data-0000022040F45A20 doesn't match image D:\github\Sample\HUNJIN\Library\ScriptAssemblies\UnityEngine.UI.dll
Symbol file LoadedFromMemory is not a mono symbol file
Symbol file data-000002204073C060 doesn't match image D:\github\Sample\HUNJIN\Library\ScriptAssemblies\Unity.InternalAPIEditorBridge.001.dll
Symbol file LoadedFromMemory is not a mono symbol file
Symbol file data-00000220463400B0 doesn't match image D:\github\Sample\HUNJIN\Library\ScriptAssemblies\Unity.Mathematics.dll
Symbol file LoadedFromMemory is not a mono symbol file
Symbol file data-0000022044383020 doesn't match image D:\github\Sample\HUNJIN\Library\ScriptAssemblies\Unity.2D.IK.Runtime.dll
Symbol file LoadedFromMemory is not a mono symbol file
Symbol file data-0000022040F45A20 doesn't match image D:\github\Sample\HUNJIN\Library\ScriptAssemblies\Unity.2D.Animation.Triangle.Runtime.dll
Symbol file LoadedFromMemory is not a mono symbol file
Symbol file data-0000022045518930 doesn't match image D:\github\Sample\HUNJIN\Library\ScriptAssemblies\Unity.2D.Animation.Runtime.dll
Symbol file LoadedFromMemory is not a mono symbol file
Symbol file data-000002204675E6A0 doesn't match image D:\github\Sample\HUNJIN\Library\ScriptAssemblies\Unity.2D.PixelPerfect.Editor.dll
Symbol file LoadedFromMemory is not a mono symbol file
Symbol file data-00000220463400B0 doesn't match image D:\github\Sample\HUNJIN\Library\ScriptAssemblies\Unity.Timeline.Editor.dll
Symbol file LoadedFromMemory is not a mono symbol file
Symbol file data-0000022040233050 doesn't match image D:\github\Sample\HUNJIN\Library\ScriptAssemblies\Unity.CollabProxy.Editor.dll
Symbol file LoadedFromMemory is not a mono symbol file
Symbol file data-00000220452050D0 doesn't match image D:\github\Sample\HUNJIN\Library\ScriptAssemblies\Unity.Mathematics.Editor.dll
Symbol file LoadedFromMemory is not a mono symbol file
Symbol file data-000002204051CDF0 doesn't match image D:\github\Sample\HUNJIN\Library\ScriptAssemblies\Unity.2D.Common.Runtime.dll
Symbol file LoadedFromMemory is not a mono symbol file
Symbol file data-00000221FBC21010 doesn't match image D:\github\Sample\HUNJIN\Library\ScriptAssemblies\Unity.2D.SpriteShape.Editor.dll
Symbol file LoadedFromMemory is not a mono symbol file
Symbol file data-0000022044638040 doesn't match image D:\github\Sample\HUNJIN\Library\ScriptAssemblies\Unity.2D.Common.Editor.dll
Symbol file LoadedFromMemory is not a mono symbol file
Symbol file data-0000022040233050 doesn't match image D:\github\Sample\HUNJIN\Library\ScriptAssemblies\Unity.2D.SpriteShape.Runtime.dll
Symbol file LoadedFromMemory is not a mono symbol file
Native extension for WindowsStandalone target not found
Refreshing native plugins compatible for Editor in 0.25 ms, found 1 plugins.
Preloading 0 native plugins for Editor in 0.00 ms.
Mono: successfully reloaded assembly
- Completed reload, in  0.501 seconds
Platform modules already initialized, skipping
Switching build target platform(5) subTarget(0) extendedPlatform(0) -> platform(13) subTarget(537395200) extendedPlatform(0)
Refreshing native plugins compatible for Editor in 0.33 ms, found 1 plugins.
Preloading 0 native plugins for Editor in 0.00 ms.
Unloading 1860 Unused Serialized files (Serialized files now loaded: 0)
System memory in use before: 107.1 MB.
System memory in use after: 107.1 MB.

Unloading 14 unused Assets to reduce memory usage. Loaded Objects now: 2371.
Total: 1.356200 ms (FindLiveObjects: 0.112700 ms CreateObjectMapping: 0.022800 ms MarkObjects: 1.115900 ms  DeleteObjects: 0.103900 ms)

AssetImportParameters requested are different than current active one (requested -> active):
  custom:graphics/normal-map-encoding: 01000000000000000000000000000000 -> 02000000000000000000000000000000
========================================================================
Received Import Request.
  Time since last request: 31863.070729 seconds.
  path: Assets/Scenes/Script/GameManager.cs
  artifactKey: Guid(dfa880e716ae16b448512c5d33531f34) Importer(815301076,1909f56bfc062723c751e8b465ee728b)
Start importing Assets/Scenes/Script/GameManager.cs using Guid(dfa880e716ae16b448512c5d33531f34) Importer(815301076,1909f56bfc062723c751e8b465ee728b)  -> (artifact id: 'c9ca5175a7501084003a688503a326cd') in 0.164850 seconds
  Import took 0.227903 seconds .

========================================================================
Received Prepare
Registering precompiled user dll's ...
Registered in 0.216498 seconds.
Begin MonoManager ReloadAssembly
Symbol file data-00000220467D70F0 doesn't match image D:\github\Sample\HUNJIN\Library\ScriptAssemblies\Febucci.TextAnimator.Editor.dll
Symbol file LoadedFromMemory is not a mono symbol file
Symbol file data-000002204700E020 doesn't match image D:\github\Sample\HUNJIN\Library\ScriptAssemblies\Unity.2D.Animation.Editor.dll
Symbol file LoadedFromMemory is not a mono symbol file
Symbol file data-00000221FBB53C10 doesn't match image D:\github\Sample\HUNJIN\Library\ScriptAssemblies\Unity.InternalAPIEngineBridge.001.dll
Symbol file LoadedFromMemory is not a mono symbol file
Symbol file data-0000022040240860 doesn't match image D:\github\Sample\HUNJIN\Library\ScriptAssemblies\Unity.VSCode.Editor.dll
Symbol file LoadedFromMemory is not a mono symbol file
Symbol file data-0000022044B787F0 doesn't match image D:\github\Sample\HUNJIN\Library\ScriptAssemblies\Febucci.TextAnimator.Demo.Runtime.dll
Symbol file LoadedFromMemory is not a mono symbol file
Symbol file data-0000022046E61230 doesn't match image D:\github\Sample\HUNJIN\Library\ScriptAssemblies\Unity.2D.PixelPerfect.dll
Symbol file LoadedFromMemory is not a mono symbol file
Symbol file data-0000022041593040 doesn't match image D:\github\Sample\HUNJIN\Library\ScriptAssemblies\Unity.2D.Tilemap.Editor.dll
Symbol file LoadedFromMemory is not a mono symbol file
Symbol file data-0000022042277010 doesn't match image D:\github\Sample\HUNJIN\Library\ScriptAssemblies\PsdPlugin.dll
Symbol file LoadedFromMemory is not a mono symbol file
Symbol file data-0000022041593040 doesn't match image D:\github\Sample\HUNJIN\Library\ScriptAssemblies\Unity.TextMeshPro.Editor.dll
Symbol file LoadedFromMemory is not a mono symbol file
Symbol file data-0000022045507E50 doesn't match image D:\github\Sample\HUNJIN\Library\ScriptAssemblies\UnityEngine.TestRunner.dll
Symbol file LoadedFromMemory is not a mono symbol file
Symbol file data-0000022045507E50 doesn't match image D:\github\Sample\HUNJIN\Library\ScriptAssemblies\Unity.Timeline.dll
Symbol file LoadedFromMemory is not a mono symbol file
Symbol file data-00000220452F7BF0 doesn't match image D:\github\Sample\HUNJIN\Library\ScriptAssemblies\Unity.TextMeshPro.dll
Symbol file LoadedFromMemory is not a mono symbol file
Symbol file data-00000220439D4120 doesn't match image D:\github\Sample\HUNJIN\Library\ScriptAssemblies\UnityEditor.TestRunner.dll
Symbol file LoadedFromMemory is not a mono symbol file
Symbol file data-00000221F6FD7B20 doesn't match image D:\github\Sample\HUNJIN\Library\ScriptAssemblies\Unity.2D.IK.Editor.dll
Symbol file LoadedFromMemory is not a mono symbol file
Symbol file data-0000022041593040 doesn't match image D:\github\Sample\HUNJIN\Library\ScriptAssemblies\Unity.2D.Sprite.Editor.dll
Symbol file LoadedFromMemory is not a mono symbol file
Symbol file data-0000022041567030 doesn't match image D:\github\Sample\HUNJIN\Library\ScriptAssemblies\Unity.2D.Psdimporter.Editor.dll
Symbol file LoadedFromMemory is not a mono symbol file
Symbol file data-00000220474D7E60 doesn't match image D:\github\Sample\HUNJIN\Library\ScriptAssemblies\Unity.2D.Path.Editor.dll
Symbol file LoadedFromMemory is not a mono symbol file
Symbol file data-0000022073445080 doesn't match image D:\github\Sample\HUNJIN\Library\ScriptAssemblies\Febucci.TextAnimator.Demo.Editor.dll
Symbol file LoadedFromMemory is not a mono symbol file
Symbol file data-0000022041567030 doesn't match image D:\github\Sample\HUNJIN\Library\ScriptAssemblies\UnityEditor.UI.dll
Symbol file LoadedFromMemory is not a mono symbol file
Symbol file data-0000022044B9A2B0 doesn't match image D:\github\Sample\HUNJIN\Library\ScriptAssemblies\Unity.Rider.Editor.dll
Symbol file LoadedFromMemory is not a mono symbol file
Symbol file data-0000022041567030 doesn't match image D:\github\Sample\HUNJIN\Library\ScriptAssemblies\Febucci.TextAnimator.Runtime.dll
Symbol file LoadedFromMemory is not a mono symbol file
Symbol file data-0000022040F45A20 doesn't match image D:\github\Sample\HUNJIN\Library\ScriptAssemblies\UnityEngine.UI.dll
Symbol file LoadedFromMemory is not a mono symbol file
Symbol file data-00000220409C4CC0 doesn't match image D:\github\Sample\HUNJIN\Library\ScriptAssemblies\Unity.InternalAPIEditorBridge.001.dll
Symbol file LoadedFromMemory is not a mono symbol file
Symbol file data-00000220463400B0 doesn't match image D:\github\Sample\HUNJIN\Library\ScriptAssemblies\Unity.Mathematics.dll
Symbol file LoadedFromMemory is not a mono symbol file
Symbol file data-00000220409FE020 doesn't match image D:\github\Sample\HUNJIN\Library\ScriptAssemblies\Unity.2D.IK.Runtime.dll
Symbol file LoadedFromMemory is not a mono symbol file
Symbol file data-0000022047473D30 doesn't match image D:\github\Sample\HUNJIN\Library\ScriptAssemblies\Unity.2D.Animation.Triangle.Runtime.dll
Symbol file LoadedFromMemory is not a mono symbol file
Symbol file data-0000022045518930 doesn't match image D:\github\Sample\HUNJIN\Library\ScriptAssemblies\Unity.2D.Animation.Runtime.dll
Symbol file LoadedFromMemory is not a mono symbol file
Symbol file data-00000221FBE36B20 doesn't match image D:\github\Sample\HUNJIN\Library\ScriptAssemblies\Unity.2D.PixelPerfect.Editor.dll
Symbol file LoadedFromMemory is not a mono symbol file
Symbol file data-000002204768D020 doesn't match image D:\github\Sample\HUNJIN\Library\ScriptAssemblies\Unity.Timeline.Editor.dll
Symbol file LoadedFromMemory is not a mono symbol file
Symbol file data-0000022045507E50 doesn't match image D:\github\Sample\HUNJIN\Library\ScriptAssemblies\Unity.CollabProxy.Editor.dll
Symbol file LoadedFromMemory is not a mono symbol file
Symbol file data-000002204529FB70 doesn't match image D:\github\Sample\HUNJIN\Library\ScriptAssemblies\Unity.Mathematics.Editor.dll
Symbol file LoadedFromMemory is not a mono symbol file
Symbol file data-000002204051CA90 doesn't match image D:\github\Sample\HUNJIN\Library\ScriptAssemblies\Unity.2D.Common.Runtime.dll
Symbol file LoadedFromMemory is not a mono symbol file
Symbol file data-0000022041567030 doesn't match image D:\github\Sample\HUNJIN\Library\ScriptAssemblies\Unity.2D.SpriteShape.Editor.dll
Symbol file LoadedFromMemory is not a mono symbol file
Symbol file data-0000022040240860 doesn't match image D:\github\Sample\HUNJIN\Library\ScriptAssemblies\Unity.2D.Common.Editor.dll
Symbol file LoadedFromMemory is not a mono symbol file
Symbol file data-0000022045507E50 doesn't match image D:\github\Sample\HUNJIN\Library\ScriptAssemblies\Unity.2D.SpriteShape.Runtime.dll
Symbol file LoadedFromMemory is not a mono symbol file
Native extension for WindowsStandalone target not found
Refreshing native plugins compatible for Editor in 0.28 ms, found 1 plugins.
Preloading 0 native plugins for Editor in 0.00 ms.
Mono: successfully reloaded assembly
- Completed reload, in  0.951 seconds
Platform modules already initialized, skipping
Switching build target platform(5) subTarget(0) extendedPlatform(0) -> platform(13) subTarget(537395200) extendedPlatform(0)
Refreshing native plugins compatible for Editor in 0.25 ms, found 1 plugins.
Preloading 0 native plugins for Editor in 0.00 ms.
Unloading 1860 Unused Serialized files (Serialized files now loaded: 0)
System memory in use before: 107.1 MB.
System memory in use after: 107.1 MB.

Unloading 14 unused Assets to reduce memory usage. Loaded Objects now: 2374.
Total: 1.358600 ms (FindLiveObjects: 0.131500 ms CreateObjectMapping: 0.023500 ms MarkObjects: 1.071100 ms  DeleteObjects: 0.130700 ms)

AssetImportParameters requested are different than current active one (requested -> active):
  custom:graphics/normal-map-encoding: 01000000000000000000000000000000 -> 02000000000000000000000000000000
========================================================================
Received Prepare
Registering precompiled user dll's ...
Registered in 0.001413 seconds.
Begin MonoManager ReloadAssembly
Symbol file data-00000220467D70F0 doesn't match image D:\github\Sample\HUNJIN\Library\ScriptAssemblies\Febucci.TextAnimator.Editor.dll
Symbol file LoadedFromMemory is not a mono symbol file
Symbol file data-000002204700E020 doesn't match image D:\github\Sample\HUNJIN\Library\ScriptAssemblies\Unity.2D.Animation.Editor.dll
Symbol file LoadedFromMemory is not a mono symbol file
Symbol file data-0000022041BA2C70 doesn't match image D:\github\Sample\HUNJIN\Library\ScriptAssemblies\Unity.InternalAPIEngineBridge.001.dll
Symbol file LoadedFromMemory is not a mono symbol file
Symbol file data-00000220442FC940 doesn't match image D:\github\Sample\HUNJIN\Library\ScriptAssemblies\Unity.VSCode.Editor.dll
Symbol file LoadedFromMemory is not a mono symbol file
Symbol file data-0000022047D434C0 doesn't match image D:\github\Sample\HUNJIN\Library\ScriptAssemblies\Febucci.TextAnimator.Demo.Runtime.dll
Symbol file LoadedFromMemory is not a mono symbol file
Symbol file data-0000022046E61230 doesn't match image D:\github\Sample\HUNJIN\Library\ScriptAssemblies\Unity.2D.PixelPerfect.dll
Symbol file LoadedFromMemory is not a mono symbol file
Symbol file data-00000220439940F0 doesn't match image D:\github\Sample\HUNJIN\Library\ScriptAssemblies\Unity.2D.Tilemap.Editor.dll
Symbol file LoadedFromMemory is not a mono symbol file
Symbol file data-000002204531FC10 doesn't match image D:\github\Sample\HUNJIN\Library\ScriptAssemblies\PsdPlugin.dll
Symbol file LoadedFromMemory is not a mono symbol file
Symbol file data-00000220439940F0 doesn't match image D:\github\Sample\HUNJIN\Library\ScriptAssemblies\Unity.TextMeshPro.Editor.dll
Symbol file LoadedFromMemory is not a mono symbol file
Symbol file data-000002204531FC10 doesn't match image D:\github\Sample\HUNJIN\Library\ScriptAssemblies\UnityEngine.TestRunner.dll
Symbol file LoadedFromMemory is not a mono symbol file
Symbol file data-00000220439940F0 doesn't match image D:\github\Sample\HUNJIN\Library\ScriptAssemblies\Unity.Timeline.dll
Symbol file LoadedFromMemory is not a mono symbol file
Symbol file data-00000220452F7BF0 doesn't match image D:\github\Sample\HUNJIN\Library\ScriptAssemblies\Unity.TextMeshPro.dll
Symbol file LoadedFromMemory is not a mono symbol file
Symbol file data-0000022045639050 doesn't match image D:\github\Sample\HUNJIN\Library\ScriptAssemblies\UnityEditor.TestRunner.dll
Symbol file LoadedFromMemory is not a mono symbol file
Symbol file data-00000220442FC940 doesn't match image D:\github\Sample\HUNJIN\Library\ScriptAssemblies\Unity.2D.IK.Editor.dll
Symbol file LoadedFromMemory is not a mono symbol file
Symbol file data-00000220439940F0 doesn't match image D:\github\Sample\HUNJIN\Library\ScriptAssemblies\Unity.2D.Sprite.Editor.dll
Symbol file LoadedFromMemory is not a mono symbol file
Symbol file data-0000022046E301C0 doesn't match image D:\github\Sample\HUNJIN\Library\ScriptAssemblies\Unity.2D.Psdimporter.Editor.dll
Symbol file LoadedFromMemory is not a mono symbol file
Symbol file data-000002204531FC10 doesn't match image D:\github\Sample\HUNJIN\Library\ScriptAssemblies\Unity.2D.Path.Editor.dll
Symbol file LoadedFromMemory is not a mono symbol file
Symbol file data-00000220452DD490 doesn't match image D:\github\Sample\HUNJIN\Library\ScriptAssemblies\Febucci.TextAnimator.Demo.Editor.dll
Symbol file LoadedFromMemory is not a mono symbol file
Symbol file data-0000022046E301C0 doesn't match image D:\github\Sample\HUNJIN\Library\ScriptAssemblies\UnityEditor.UI.dll
Symbol file LoadedFromMemory is not a mono symbol file
Symbol file data-00000220420CB1B0 doesn't match image D:\github\Sample\HUNJIN\Library\ScriptAssemblies\Unity.Rider.Editor.dll
Symbol file LoadedFromMemory is not a mono symbol file
Symbol file data-0000022046E301C0 doesn't match image D:\github\Sample\HUNJIN\Library\ScriptAssemblies\Febucci.TextAnimator.Runtime.dll
Symbol file LoadedFromMemory is not a mono symbol file
Symbol file data-0000022040F45A20 doesn't match image D:\github\Sample\HUNJIN\Library\ScriptAssemblies\UnityEngine.UI.dll
Symbol file LoadedFromMemory is not a mono symbol file
Symbol file data-0000022046E00190 doesn't match image D:\github\Sample\HUNJIN\Library\ScriptAssemblies\Unity.InternalAPIEditorBridge.001.dll
Symbol file LoadedFromMemory is not a mono symbol file
Symbol file data-00000220463400B0 doesn't match image D:\github\Sample\HUNJIN\Library\ScriptAssemblies\Unity.Mathematics.dll
Symbol file LoadedFromMemory is not a mono symbol file
Symbol file data-00000220442FC940 doesn't match image D:\github\Sample\HUNJIN\Library\ScriptAssemblies\Unity.2D.IK.Runtime.dll
Symbol file LoadedFromMemory is not a mono symbol file
Symbol file data-0000022040F45A20 doesn't match image D:\github\Sample\HUNJIN\Library\ScriptAssemblies\Unity.2D.Animation.Triangle.Runtime.dll
Symbol file LoadedFromMemory is not a mono symbol file
Symbol file data-0000022044F9CB10 doesn't match image D:\github\Sample\HUNJIN\Library\ScriptAssemblies\Unity.2D.Animation.Runtime.dll
Symbol file LoadedFromMemory is not a mono symbol file
Symbol file data-000002204557F6E0 doesn't match image D:\github\Sample\HUNJIN\Library\ScriptAssemblies\Unity.2D.PixelPerfect.Editor.dll
Symbol file LoadedFromMemory is not a mono symbol file
Symbol file data-0000022047BF2010 doesn't match image D:\github\Sample\HUNJIN\Library\ScriptAssemblies\Unity.Timeline.Editor.dll
Symbol file LoadedFromMemory is not a mono symbol file
Symbol file data-0000022045507E50 doesn't match image D:\github\Sample\HUNJIN\Library\ScriptAssemblies\Unity.CollabProxy.Editor.dll
Symbol file LoadedFromMemory is not a mono symbol file
Symbol file data-0000022046339D10 doesn't match image D:\github\Sample\HUNJIN\Library\ScriptAssemblies\Unity.Mathematics.Editor.dll
Symbol file LoadedFromMemory is not a mono symbol file
Symbol file data-000002204051DB70 doesn't match image D:\github\Sample\HUNJIN\Library\ScriptAssemblies\Unity.2D.Common.Runtime.dll
Symbol file LoadedFromMemory is not a mono symbol file
Symbol file data-0000022046E301C0 doesn't match image D:\github\Sample\HUNJIN\Library\ScriptAssemblies\Unity.2D.SpriteShape.Editor.dll
Symbol file LoadedFromMemory is not a mono symbol file
Symbol file data-00000220442FC940 doesn't match image D:\github\Sample\HUNJIN\Library\ScriptAssemblies\Unity.2D.Common.Editor.dll
Symbol file LoadedFromMemory is not a mono symbol file
Symbol file data-0000022045507E50 doesn't match image D:\github\Sample\HUNJIN\Library\ScriptAssemblies\Unity.2D.SpriteShape.Runtime.dll
Symbol file LoadedFromMemory is not a mono symbol file
Native extension for WindowsStandalone target not found
Refreshing native plugins compatible for Editor in 0.25 ms, found 1 plugins.
Preloading 0 native plugins for Editor in 0.00 ms.
Mono: successfully reloaded assembly
- Completed reload, in  0.446 seconds
Platform modules already initialized, skipping
Switching build target platform(5) subTarget(0) extendedPlatform(0) -> platform(13) subTarget(537395200) extendedPlatform(0)
Refreshing native plugins compatible for Editor in 0.26 ms, found 1 plugins.
Preloading 0 native plugins for Editor in 0.00 ms.
Unloading 1860 Unused Serialized files (Serialized files now loaded: 0)
System memory in use before: 107.1 MB.
System memory in use after: 107.1 MB.

Unloading 14 unused Assets to reduce memory usage. Loaded Objects now: 2377.
Total: 1.502900 ms (FindLiveObjects: 0.247900 ms CreateObjectMapping: 0.028600 ms MarkObjects: 1.139100 ms  DeleteObjects: 0.084700 ms)

AssetImportParameters requested are different than current active one (requested -> active):
  custom:graphics/normal-map-encoding: 01000000000000000000000000000000 -> 02000000000000000000000000000000
========================================================================
Received Prepare
Registering precompiled user dll's ...
Registered in 0.001074 seconds.
Begin MonoManager ReloadAssembly
Symbol file data-0000022046142090 doesn't match image D:\github\Sample\HUNJIN\Library\ScriptAssemblies\Febucci.TextAnimator.Editor.dll
Symbol file LoadedFromMemory is not a mono symbol file
Symbol file data-000002204700E020 doesn't match image D:\github\Sample\HUNJIN\Library\ScriptAssemblies\Unity.2D.Animation.Editor.dll
Symbol file LoadedFromMemory is not a mono symbol file
Symbol file data-0000022044FC8070 doesn't match image D:\github\Sample\HUNJIN\Library\ScriptAssemblies\Unity.InternalAPIEngineBridge.001.dll
Symbol file LoadedFromMemory is not a mono symbol file
Symbol file data-00000220442FC940 doesn't match image D:\github\Sample\HUNJIN\Library\ScriptAssemblies\Unity.VSCode.Editor.dll
Symbol file LoadedFromMemory is not a mono symbol file
Symbol file data-00000220452EF700 doesn't match image D:\github\Sample\HUNJIN\Library\ScriptAssemblies\Febucci.TextAnimator.Demo.Runtime.dll
Symbol file LoadedFromMemory is not a mono symbol file
Symbol file data-0000022041738010 doesn't match image D:\github\Sample\HUNJIN\Library\ScriptAssemblies\Unity.2D.PixelPerfect.dll
Symbol file LoadedFromMemory is not a mono symbol file
Symbol file data-000002204771D050 doesn't match image D:\github\Sample\HUNJIN\Library\ScriptAssemblies\Unity.2D.Tilemap.Editor.dll
Symbol file LoadedFromMemory is not a mono symbol file
Symbol file data-0000022042277010 doesn't match image D:\github\Sample\HUNJIN\Library\ScriptAssemblies\PsdPlugin.dll
Symbol file LoadedFromMemory is not a mono symbol file
Symbol file data-0000022044FB0100 doesn't match image D:\github\Sample\HUNJIN\Library\ScriptAssemblies\Unity.TextMeshPro.Editor.dll
Symbol file LoadedFromMemory is not a mono symbol file
Symbol file data-0000022040370E00 doesn't match image D:\github\Sample\HUNJIN\Library\ScriptAssemblies\UnityEngine.TestRunner.dll
Symbol file LoadedFromMemory is not a mono symbol file
Symbol file data-000002204771D050 doesn't match image D:\github\Sample\HUNJIN\Library\ScriptAssemblies\Unity.Timeline.dll
Symbol file LoadedFromMemory is not a mono symbol file
Symbol file data-00000220452F7BF0 doesn't match image D:\github\Sample\HUNJIN\Library\ScriptAssemblies\Unity.TextMeshPro.dll
Symbol file LoadedFromMemory is not a mono symbol file
Symbol file data-0000022045639050 doesn't match image D:\github\Sample\HUNJIN\Library\ScriptAssemblies\UnityEditor.TestRunner.dll
Symbol file LoadedFromMemory is not a mono symbol file
Symbol file data-00000221F6FD7B20 doesn't match image D:\github\Sample\HUNJIN\Library\ScriptAssemblies\Unity.2D.IK.Editor.dll
Symbol file LoadedFromMemory is not a mono symbol file
Symbol file data-0000022044FB0100 doesn't match image D:\github\Sample\HUNJIN\Library\ScriptAssemblies\Unity.2D.Sprite.Editor.dll
Symbol file LoadedFromMemory is not a mono symbol file
Symbol file data-00000221FBC21010 doesn't match image D:\github\Sample\HUNJIN\Library\ScriptAssemblies\Unity.2D.Psdimporter.Editor.dll
Symbol file LoadedFromMemory is not a mono symbol file
Symbol file data-00000220454DD9F0 doesn't match image D:\github\Sample\HUNJIN\Library\ScriptAssemblies\Unity.2D.Path.Editor.dll
Symbol file LoadedFromMemory is not a mono symbol file
Symbol file data-000002204163E1C0 doesn't match image D:\github\Sample\HUNJIN\Library\ScriptAssemblies\Febucci.TextAnimator.Demo.Editor.dll
Symbol file LoadedFromMemory is not a mono symbol file
Symbol file data-00000221FBC21010 doesn't match image D:\github\Sample\HUNJIN\Library\ScriptAssemblies\UnityEditor.UI.dll
Symbol file LoadedFromMemory is not a mono symbol file
Symbol file data-00000220420CB1B0 doesn't match image D:\github\Sample\HUNJIN\Library\ScriptAssemblies\Unity.Rider.Editor.dll
Symbol file LoadedFromMemory is not a mono symbol file
Symbol file data-00000221FBC21010 doesn't match image D:\github\Sample\HUNJIN\Library\ScriptAssemblies\Febucci.TextAnimator.Runtime.dll
Symbol file LoadedFromMemory is not a mono symbol file
Symbol file data-0000022040F45A20 doesn't match image D:\github\Sample\HUNJIN\Library\ScriptAssemblies\UnityEngine.UI.dll
Symbol file LoadedFromMemory is not a mono symbol file
Symbol file data-000002204631E420 doesn't match image D:\github\Sample\HUNJIN\Library\ScriptAssemblies\Unity.InternalAPIEditorBridge.001.dll
Symbol file LoadedFromMemory is not a mono symbol file
Symbol file data-00000220463400B0 doesn't match image D:\github\Sample\HUNJIN\Library\ScriptAssemblies\Unity.Mathematics.dll
Symbol file LoadedFromMemory is not a mono symbol file
Symbol file data-0000022044383020 doesn't match image D:\github\Sample\HUNJIN\Library\ScriptAssemblies\Unity.2D.IK.Runtime.dll
Symbol file LoadedFromMemory is not a mono symbol file
Symbol file data-0000022040F45A20 doesn't match image D:\github\Sample\HUNJIN\Library\ScriptAssemblies\Unity.2D.Animation.Triangle.Runtime.dll
Symbol file LoadedFromMemory is not a mono symbol file
Symbol file data-0000022045518930 doesn't match image D:\github\Sample\HUNJIN\Library\ScriptAssemblies\Unity.2D.Animation.Runtime.dll
Symbol file LoadedFromMemory is not a mono symbol file
Symbol file data-00000220407D0DF0 doesn't match image D:\github\Sample\HUNJIN\Library\ScriptAssemblies\Unity.2D.PixelPerfect.Editor.dll
Symbol file LoadedFromMemory is not a mono symbol file
Symbol file data-00000220463400B0 doesn't match image D:\github\Sample\HUNJIN\Library\ScriptAssemblies\Unity.Timeline.Editor.dll
Symbol file LoadedFromMemory is not a mono symbol file
Symbol file data-0000022040370E00 doesn't match image D:\github\Sample\HUNJIN\Library\ScriptAssemblies\Unity.CollabProxy.Editor.dll
Symbol file LoadedFromMemory is not a mono symbol file
Symbol file data-00000221FBCFE0F0 doesn't match image D:\github\Sample\HUNJIN\Library\ScriptAssemblies\Unity.Mathematics.Editor.dll
Symbol file LoadedFromMemory is not a mono symbol file
Symbol file data-000002204051D4B0 doesn't match image D:\github\Sample\HUNJIN\Library\ScriptAssemblies\Unity.2D.Common.Runtime.dll
Symbol file LoadedFromMemory is not a mono symbol file
Symbol file data-00000221FBC21010 doesn't match image D:\github\Sample\HUNJIN\Library\ScriptAssemblies\Unity.2D.SpriteShape.Editor.dll
Symbol file LoadedFromMemory is not a mono symbol file
Symbol file data-00000220442FC940 doesn't match image D:\github\Sample\HUNJIN\Library\ScriptAssemblies\Unity.2D.Common.Editor.dll
Symbol file LoadedFromMemory is not a mono symbol file
Symbol file data-0000022040370E00 doesn't match image D:\github\Sample\HUNJIN\Library\ScriptAssemblies\Unity.2D.SpriteShape.Runtime.dll
Symbol file LoadedFromMemory is not a mono symbol file
Native extension for WindowsStandalone target not found
Refreshing native plugins compatible for Editor in 0.24 ms, found 1 plugins.
Preloading 0 native plugins for Editor in 0.00 ms.
Mono: successfully reloaded assembly
- Completed reload, in  0.437 seconds
Platform modules already initialized, skipping
Switching build target platform(5) subTarget(0) extendedPlatform(0) -> platform(13) subTarget(537395200) extendedPlatform(0)
Refreshing native plugins compatible for Editor in 0.25 ms, found 1 plugins.
Preloading 0 native plugins for Editor in 0.00 ms.
Unloading 1860 Unused Serialized files (Serialized files now loaded: 0)
System memory in use before: 107.1 MB.
System memory in use after: 107.1 MB.

Unloading 14 unused Assets to reduce memory usage. Loaded Objects now: 2380.
Total: 1.439300 ms (FindLiveObjects: 0.234700 ms CreateObjectMapping: 0.028300 ms MarkObjects: 1.096200 ms  DeleteObjects: 0.078800 ms)

AssetImportParameters requested are different than current active one (requested -> active):
  custom:graphics/normal-map-encoding: 01000000000000000000000000000000 -> 02000000000000000000000000000000
========================================================================
Received Import Request.
  Time since last request: 3201.821057 seconds.
  path: Assets/Scenes/Prefab/scrollObject.prefab
  artifactKey: Guid(e9da88b595576b84aafefeac4c51fd7a) Importer(815301076,1909f56bfc062723c751e8b465ee728b)
Start importing Assets/Scenes/Prefab/scrollObject.prefab using Guid(e9da88b595576b84aafefeac4c51fd7a) Importer(815301076,1909f56bfc062723c751e8b465ee728b)  -> (artifact id: '61f4deb9c1949806c5749f2847d289ee') in 0.569250 seconds
  Import took 0.572029 seconds .

========================================================================
Received Import Request.
  Time since last request: 0.000119 seconds.
  path: Assets/Scenes/Prefab/FilterRow.prefab
  artifactKey: Guid(2e1c90878a57a894385eaccb543335ba) Importer(815301076,1909f56bfc062723c751e8b465ee728b)
Start importing Assets/Scenes/Prefab/FilterRow.prefab using Guid(2e1c90878a57a894385eaccb543335ba) Importer(815301076,1909f56bfc062723c751e8b465ee728b)  -> (artifact id: '340a29de0e2af7d0a7918ca6ecd13a4a') in 0.023401 seconds
  Import took 0.025159 seconds .

========================================================================
Received Prepare
Registering precompiled user dll's ...
Registered in 0.000959 seconds.
Begin MonoManager ReloadAssembly
Symbol file data-00000220467D70F0 doesn't match image D:\github\Sample\HUNJIN\Library\ScriptAssemblies\Febucci.TextAnimator.Editor.dll
Symbol file LoadedFromMemory is not a mono symbol file
Symbol file data-0000022040B5F030 doesn't match image D:\github\Sample\HUNJIN\Library\ScriptAssemblies\Unity.2D.Animation.Editor.dll
Symbol file LoadedFromMemory is not a mono symbol file
Symbol file data-00000221FBC261F0 doesn't match image D:\github\Sample\HUNJIN\Library\ScriptAssemblies\Unity.InternalAPIEngineBridge.001.dll
Symbol file LoadedFromMemory is not a mono symbol file
Symbol file data-0000022041DDC830 doesn't match image D:\github\Sample\HUNJIN\Library\ScriptAssemblies\Unity.VSCode.Editor.dll
Symbol file LoadedFromMemory is not a mono symbol file
Symbol file data-0000022044DDA520 doesn't match image D:\github\Sample\HUNJIN\Library\ScriptAssemblies\Febucci.TextAnimator.Demo.Runtime.dll
Symbol file LoadedFromMemory is not a mono symbol file
Symbol file data-0000022046E61230 doesn't match image D:\github\Sample\HUNJIN\Library\ScriptAssemblies\Unity.2D.PixelPerfect.dll
Symbol file LoadedFromMemory is not a mono symbol file
Symbol file data-000002204771D050 doesn't match image D:\github\Sample\HUNJIN\Library\ScriptAssemblies\Unity.2D.Tilemap.Editor.dll
Symbol file LoadedFromMemory is not a mono symbol file
Symbol file data-0000022045183A00 doesn't match image D:\github\Sample\HUNJIN\Library\ScriptAssemblies\PsdPlugin.dll
Symbol file LoadedFromMemory is not a mono symbol file
Symbol file data-0000022047D2A0B0 doesn't match image D:\github\Sample\HUNJIN\Library\ScriptAssemblies\Unity.TextMeshPro.Editor.dll
Symbol file LoadedFromMemory is not a mono symbol file
Symbol file data-00000220476C3040 doesn't match image D:\github\Sample\HUNJIN\Library\ScriptAssemblies\UnityEngine.TestRunner.dll
Symbol file LoadedFromMemory is not a mono symbol file
Symbol file data-000002204771D050 doesn't match image D:\github\Sample\HUNJIN\Library\ScriptAssemblies\Unity.Timeline.dll
Symbol file LoadedFromMemory is not a mono symbol file
Symbol file data-00000220473B7030 doesn't match image D:\github\Sample\HUNJIN\Library\ScriptAssemblies\Unity.TextMeshPro.dll
Symbol file LoadedFromMemory is not a mono symbol file
Symbol file data-0000022045639050 doesn't match image D:\github\Sample\HUNJIN\Library\ScriptAssemblies\UnityEditor.TestRunner.dll
Symbol file LoadedFromMemory is not a mono symbol file
Symbol file data-0000022041DDC830 doesn't match image D:\github\Sample\HUNJIN\Library\ScriptAssemblies\Unity.2D.IK.Editor.dll
Symbol file LoadedFromMemory is not a mono symbol file
Symbol file data-00000221FBDAF010 doesn't match image D:\github\Sample\HUNJIN\Library\ScriptAssemblies\Unity.2D.Sprite.Editor.dll
Symbol file LoadedFromMemory is not a mono symbol file
Symbol file data-0000022044046020 doesn't match image D:\github\Sample\HUNJIN\Library\ScriptAssemblies\Unity.2D.Psdimporter.Editor.dll
Symbol file LoadedFromMemory is not a mono symbol file
Symbol file data-0000022047E62030 doesn't match image D:\github\Sample\HUNJIN\Library\ScriptAssemblies\Unity.2D.Path.Editor.dll
Symbol file LoadedFromMemory is not a mono symbol file
Symbol file data-0000022045455900 doesn't match image D:\github\Sample\HUNJIN\Library\ScriptAssemblies\Febucci.TextAnimator.Demo.Editor.dll
Symbol file LoadedFromMemory is not a mono symbol file
Symbol file data-0000022044046020 doesn't match image D:\github\Sample\HUNJIN\Library\ScriptAssemblies\UnityEditor.UI.dll
Symbol file LoadedFromMemory is not a mono symbol file
Symbol file data-00000220420CB1B0 doesn't match image D:\github\Sample\HUNJIN\Library\ScriptAssemblies\Unity.Rider.Editor.dll
Symbol file LoadedFromMemory is not a mono symbol file
Symbol file data-0000022044046020 doesn't match image D:\github\Sample\HUNJIN\Library\ScriptAssemblies\Febucci.TextAnimator.Runtime.dll
Symbol file LoadedFromMemory is not a mono symbol file
Symbol file data-0000022040F45A20 doesn't match image D:\github\Sample\HUNJIN\Library\ScriptAssemblies\UnityEngine.UI.dll
Symbol file LoadedFromMemory is not a mono symbol file
Symbol file data-0000022046E9F860 doesn't match image D:\github\Sample\HUNJIN\Library\ScriptAssemblies\Unity.InternalAPIEditorBridge.001.dll
Symbol file LoadedFromMemory is not a mono symbol file
Symbol file data-00000220463400B0 doesn't match image D:\github\Sample\HUNJIN\Library\ScriptAssemblies\Unity.Mathematics.dll
Symbol file LoadedFromMemory is not a mono symbol file
Symbol file data-000002204217D450 doesn't match image D:\github\Sample\HUNJIN\Library\ScriptAssemblies\Unity.2D.IK.Runtime.dll
Symbol file LoadedFromMemory is not a mono symbol file
Symbol file data-0000022040F45A20 doesn't match image D:\github\Sample\HUNJIN\Library\ScriptAssemblies\Unity.2D.Animation.Triangle.Runtime.dll
Symbol file LoadedFromMemory is not a mono symbol file
Symbol file data-0000022045518930 doesn't match image D:\github\Sample\HUNJIN\Library\ScriptAssemblies\Unity.2D.Animation.Runtime.dll
Symbol file LoadedFromMemory is not a mono symbol file
Symbol file data-00000221FBE38650 doesn't match image D:\github\Sample\HUNJIN\Library\ScriptAssemblies\Unity.2D.PixelPerfect.Editor.dll
Symbol file LoadedFromMemory is not a mono symbol file
Symbol file data-0000022047DDA1B0 doesn't match image D:\github\Sample\HUNJIN\Library\ScriptAssemblies\Unity.Timeline.Editor.dll
Symbol file LoadedFromMemory is not a mono symbol file
Symbol file data-00000220476C3040 doesn't match image D:\github\Sample\HUNJIN\Library\ScriptAssemblies\Unity.CollabProxy.Editor.dll
Symbol file LoadedFromMemory is not a mono symbol file
Symbol file data-000002204528DD30 doesn't match image D:\github\Sample\HUNJIN\Library\ScriptAssemblies\Unity.Mathematics.Editor.dll
Symbol file LoadedFromMemory is not a mono symbol file
Symbol file data-000002204051CA90 doesn't match image D:\github\Sample\HUNJIN\Library\ScriptAssemblies\Unity.2D.Common.Runtime.dll
Symbol file LoadedFromMemory is not a mono symbol file
Symbol file data-0000022044046020 doesn't match image D:\github\Sample\HUNJIN\Library\ScriptAssemblies\Unity.2D.SpriteShape.Editor.dll
Symbol file LoadedFromMemory is not a mono symbol file
Symbol file data-00000220417DD750 doesn't match image D:\github\Sample\HUNJIN\Library\ScriptAssemblies\Unity.2D.Common.Editor.dll
Symbol file LoadedFromMemory is not a mono symbol file
Symbol file data-0000022045507E50 doesn't match image D:\github\Sample\HUNJIN\Library\ScriptAssemblies\Unity.2D.SpriteShape.Runtime.dll
Symbol file LoadedFromMemory is not a mono symbol file
Native extension for WindowsStandalone target not found
Refreshing native plugins compatible for Editor in 0.24 ms, found 1 plugins.
Preloading 0 native plugins for Editor in 0.00 ms.
Mono: successfully reloaded assembly
- Completed reload, in  0.437 seconds
Platform modules already initialized, skipping
Switching build target platform(5) subTarget(0) extendedPlatform(0) -> platform(13) subTarget(537395200) extendedPlatform(0)
Refreshing native plugins compatible for Editor in 0.27 ms, found 1 plugins.
Preloading 0 native plugins for Editor in 0.00 ms.
Unloading 1860 Unused Serialized files (Serialized files now loaded: 0)
System memory in use before: 107.1 MB.
System memory in use after: 107.1 MB.

Unloading 20 unused Assets to reduce memory usage. Loaded Objects now: 2383.
Total: 1.208600 ms (FindLiveObjects: 0.117900 ms CreateObjectMapping: 0.022600 ms MarkObjects: 0.977900 ms  DeleteObjects: 0.089400 ms)

AssetImportParameters requested are different than current active one (requested -> active):
  custom:graphics/normal-map-encoding: 01000000000000000000000000000000 -> 02000000000000000000000000000000
========================================================================
Received Prepare
Registering precompiled user dll's ...
Registered in 0.000938 seconds.
Begin MonoManager ReloadAssembly
Symbol file data-0000022044BF4330 doesn't match image D:\github\Sample\HUNJIN\Library\ScriptAssemblies\Febucci.TextAnimator.Editor.dll
Symbol file LoadedFromMemory is not a mono symbol file
Symbol file data-0000022040B5F030 doesn't match image D:\github\Sample\HUNJIN\Library\ScriptAssemblies\Unity.2D.Animation.Editor.dll
Symbol file LoadedFromMemory is not a mono symbol file
Symbol file data-00000220452F5DE0 doesn't match image D:\github\Sample\HUNJIN\Library\ScriptAssemblies\Unity.InternalAPIEngineBridge.001.dll
Symbol file LoadedFromMemory is not a mono symbol file
Symbol file data-00000220417DD750 doesn't match image D:\github\Sample\HUNJIN\Library\ScriptAssemblies\Unity.VSCode.Editor.dll
Symbol file LoadedFromMemory is not a mono symbol file
Symbol file data-000002204592C060 doesn't match image D:\github\Sample\HUNJIN\Library\ScriptAssemblies\Febucci.TextAnimator.Demo.Runtime.dll
Symbol file LoadedFromMemory is not a mono symbol file
Symbol file data-0000022044551440 doesn't match image D:\github\Sample\HUNJIN\Library\ScriptAssemblies\Unity.2D.PixelPerfect.dll
Symbol file LoadedFromMemory is not a mono symbol file
Symbol file data-0000022047FB4010 doesn't match image D:\github\Sample\HUNJIN\Library\ScriptAssemblies\Unity.2D.Tilemap.Editor.dll
Symbol file LoadedFromMemory is not a mono symbol file
Symbol file data-000002204410D020 doesn't match image D:\github\Sample\HUNJIN\Library\ScriptAssemblies\PsdPlugin.dll
Symbol file LoadedFromMemory is not a mono symbol file
Symbol file data-0000022047FB4010 doesn't match image D:\github\Sample\HUNJIN\Library\ScriptAssemblies\Unity.TextMeshPro.Editor.dll
Symbol file LoadedFromMemory is not a mono symbol file
Symbol file data-0000022040370E00 doesn't match image D:\github\Sample\HUNJIN\Library\ScriptAssemblies\UnityEngine.TestRunner.dll
Symbol file LoadedFromMemory is not a mono symbol file
Symbol file data-0000022047FB4010 doesn't match image D:\github\Sample\HUNJIN\Library\ScriptAssemblies\Unity.Timeline.dll
Symbol file LoadedFromMemory is not a mono symbol file
Symbol file data-00000220452F7BF0 doesn't match image D:\github\Sample\HUNJIN\Library\ScriptAssemblies\Unity.TextMeshPro.dll
Symbol file LoadedFromMemory is not a mono symbol file
Symbol file data-0000022045639050 doesn't match image D:\github\Sample\HUNJIN\Library\ScriptAssemblies\UnityEditor.TestRunner.dll
Symbol file LoadedFromMemory is not a mono symbol file
Symbol file data-0000022041DDC830 doesn't match image D:\github\Sample\HUNJIN\Library\ScriptAssemblies\Unity.2D.IK.Editor.dll
Symbol file LoadedFromMemory is not a mono symbol file
Symbol file data-0000022047FB4010 doesn't match image D:\github\Sample\HUNJIN\Library\ScriptAssemblies\Unity.2D.Sprite.Editor.dll
Symbol file LoadedFromMemory is not a mono symbol file
Symbol file data-00000221FBEAA880 doesn't match image D:\github\Sample\HUNJIN\Library\ScriptAssemblies\Unity.2D.Psdimporter.Editor.dll
Symbol file LoadedFromMemory is not a mono symbol file
Symbol file data-000002204410D020 doesn't match image D:\github\Sample\HUNJIN\Library\ScriptAssemblies\Unity.2D.Path.Editor.dll
Symbol file LoadedFromMemory is not a mono symbol file
Symbol file data-0000022041BF1BB0 doesn't match image D:\github\Sample\HUNJIN\Library\ScriptAssemblies\Febucci.TextAnimator.Demo.Editor.dll
Symbol file LoadedFromMemory is not a mono symbol file
Symbol file data-00000221FBEAA880 doesn't match image D:\github\Sample\HUNJIN\Library\ScriptAssemblies\UnityEditor.UI.dll
Symbol file LoadedFromMemory is not a mono symbol file
Symbol file data-00000220420CB1B0 doesn't match image D:\github\Sample\HUNJIN\Library\ScriptAssemblies\Unity.Rider.Editor.dll
Symbol file LoadedFromMemory is not a mono symbol file
Symbol file data-00000221FBEAA880 doesn't match image D:\github\Sample\HUNJIN\Library\ScriptAssemblies\Febucci.TextAnimator.Runtime.dll
Symbol file LoadedFromMemory is not a mono symbol file
Symbol file data-0000022040F45A20 doesn't match image D:\github\Sample\HUNJIN\Library\ScriptAssemblies\UnityEngine.UI.dll
Symbol file LoadedFromMemory is not a mono symbol file
Symbol file data-00000220485E04E0 doesn't match image D:\github\Sample\HUNJIN\Library\ScriptAssemblies\Unity.InternalAPIEditorBridge.001.dll
Symbol file LoadedFromMemory is not a mono symbol file
Symbol file data-00000220463400B0 doesn't match image D:\github\Sample\HUNJIN\Library\ScriptAssemblies\Unity.Mathematics.dll
Symbol file LoadedFromMemory is not a mono symbol file
Symbol file data-000002204217D450 doesn't match image D:\github\Sample\HUNJIN\Library\ScriptAssemblies\Unity.2D.IK.Runtime.dll
Symbol file LoadedFromMemory is not a mono symbol file
Symbol file data-0000022040F45A20 doesn't match image D:\github\Sample\HUNJIN\Library\ScriptAssemblies\Unity.2D.Animation.Triangle.Runtime.dll
Symbol file LoadedFromMemory is not a mono symbol file
Symbol file data-0000022045518930 doesn't match image D:\github\Sample\HUNJIN\Library\ScriptAssemblies\Unity.2D.Animation.Runtime.dll
Symbol file LoadedFromMemory is not a mono symbol file
Symbol file data-000002204686A600 doesn't match image D:\github\Sample\HUNJIN\Library\ScriptAssemblies\Unity.2D.PixelPerfect.Editor.dll
Symbol file LoadedFromMemory is not a mono symbol file
Symbol file data-00000220463400B0 doesn't match image D:\github\Sample\HUNJIN\Library\ScriptAssemblies\Unity.Timeline.Editor.dll
Symbol file LoadedFromMemory is not a mono symbol file
Symbol file data-0000022040370E00 doesn't match image D:\github\Sample\HUNJIN\Library\ScriptAssemblies\Unity.CollabProxy.Editor.dll
Symbol file LoadedFromMemory is not a mono symbol file
Symbol file data-00000220485D5980 doesn't match image D:\github\Sample\HUNJIN\Library\ScriptAssemblies\Unity.Mathematics.Editor.dll
Symbol file LoadedFromMemory is not a mono symbol file
Symbol file data-000002204051CDF0 doesn't match image D:\github\Sample\HUNJIN\Library\ScriptAssemblies\Unity.2D.Common.Runtime.dll
Symbol file LoadedFromMemory is not a mono symbol file
Symbol file data-00000221FBEAA880 doesn't match image D:\github\Sample\HUNJIN\Library\ScriptAssemblies\Unity.2D.SpriteShape.Editor.dll
Symbol file LoadedFromMemory is not a mono symbol file
Symbol file data-00000220417DD750 doesn't match image D:\github\Sample\HUNJIN\Library\ScriptAssemblies\Unity.2D.Common.Editor.dll
Symbol file LoadedFromMemory is not a mono symbol file
Symbol file data-0000022040370E00 doesn't match image D:\github\Sample\HUNJIN\Library\ScriptAssemblies\Unity.2D.SpriteShape.Runtime.dll
Symbol file LoadedFromMemory is not a mono symbol file
Native extension for WindowsStandalone target not found
Refreshing native plugins compatible for Editor in 0.25 ms, found 1 plugins.
Preloading 0 native plugins for Editor in 0.00 ms.
Mono: successfully reloaded assembly
- Completed reload, in  0.436 seconds
Platform modules already initialized, skipping
Switching build target platform(5) subTarget(0) extendedPlatform(0) -> platform(13) subTarget(537395200) extendedPlatform(0)
Refreshing native plugins compatible for Editor in 0.24 ms, found 1 plugins.
Preloading 0 native plugins for Editor in 0.00 ms.
Unloading 1860 Unused Serialized files (Serialized files now loaded: 0)
System memory in use before: 107.1 MB.
System memory in use after: 107.1 MB.

Unloading 14 unused Assets to reduce memory usage. Loaded Objects now: 2386.
Total: 1.431200 ms (FindLiveObjects: 0.162300 ms CreateObjectMapping: 0.026300 ms MarkObjects: 1.160900 ms  DeleteObjects: 0.080900 ms)

AssetImportParameters requested are different than current active one (requested -> active):
  custom:graphics/normal-map-encoding: 01000000000000000000000000000000 -> 02000000000000000000000000000000
========================================================================
Received Import Request.
  Time since last request: 34.161916 seconds.
  path: Assets/Scenes/Prefab/FilterRow.prefab
  artifactKey: Guid(2e1c90878a57a894385eaccb543335ba) Importer(815301076,1909f56bfc062723c751e8b465ee728b)
Start importing Assets/Scenes/Prefab/FilterRow.prefab using Guid(2e1c90878a57a894385eaccb543335ba) Importer(815301076,1909f56bfc062723c751e8b465ee728b)  -> (artifact id: 'b06ac2738fd2768e210067b9c75af9e6') in 0.029863 seconds
  Import took 0.031806 seconds .

========================================================================
Received Prepare
Registering precompiled user dll's ...
Registered in 0.000915 seconds.
Begin MonoManager ReloadAssembly
Symbol file data-0000022046EFF070 doesn't match image D:\github\Sample\HUNJIN\Library\ScriptAssemblies\Febucci.TextAnimator.Editor.dll
Symbol file LoadedFromMemory is not a mono symbol file
Symbol file data-0000022040B5F030 doesn't match image D:\github\Sample\HUNJIN\Library\ScriptAssemblies\Unity.2D.Animation.Editor.dll
Symbol file LoadedFromMemory is not a mono symbol file
Symbol file data-000002204188D070 doesn't match image D:\github\Sample\HUNJIN\Library\ScriptAssemblies\Unity.InternalAPIEngineBridge.001.dll
Symbol file LoadedFromMemory is not a mono symbol file
Symbol file data-00000220417DD750 doesn't match image D:\github\Sample\HUNJIN\Library\ScriptAssemblies\Unity.VSCode.Editor.dll
Symbol file LoadedFromMemory is not a mono symbol file
Symbol file data-000002204592C6F0 doesn't match image D:\github\Sample\HUNJIN\Library\ScriptAssemblies\Febucci.TextAnimator.Demo.Runtime.dll
Symbol file LoadedFromMemory is not a mono symbol file
Symbol file data-0000022041738010 doesn't match image D:\github\Sample\HUNJIN\Library\ScriptAssemblies\Unity.2D.PixelPerfect.dll
Symbol file LoadedFromMemory is not a mono symbol file
Symbol file data-00000220439940F0 doesn't match image D:\github\Sample\HUNJIN\Library\ScriptAssemblies\Unity.2D.Tilemap.Editor.dll
Symbol file LoadedFromMemory is not a mono symbol file
Symbol file data-0000022045183A00 doesn't match image D:\github\Sample\HUNJIN\Library\ScriptAssemblies\PsdPlugin.dll
Symbol file LoadedFromMemory is not a mono symbol file
Symbol file data-00000220439940F0 doesn't match image D:\github\Sample\HUNJIN\Library\ScriptAssemblies\Unity.TextMeshPro.Editor.dll
Symbol file LoadedFromMemory is not a mono symbol file
Symbol file data-0000022046142090 doesn't match image D:\github\Sample\HUNJIN\Library\ScriptAssemblies\UnityEngine.TestRunner.dll
Symbol file LoadedFromMemory is not a mono symbol file
Symbol file data-00000220439940F0 doesn't match image D:\github\Sample\HUNJIN\Library\ScriptAssemblies\Unity.Timeline.dll
Symbol file LoadedFromMemory is not a mono symbol file
Symbol file data-00000220452F7BF0 doesn't match image D:\github\Sample\HUNJIN\Library\ScriptAssemblies\Unity.TextMeshPro.dll
Symbol file LoadedFromMemory is not a mono symbol file
Symbol file data-0000022045639050 doesn't match image D:\github\Sample\HUNJIN\Library\ScriptAssemblies\UnityEditor.TestRunner.dll
Symbol file LoadedFromMemory is not a mono symbol file
Symbol file data-00000221F6FD7B20 doesn't match image D:\github\Sample\HUNJIN\Library\ScriptAssemblies\Unity.2D.IK.Editor.dll
Symbol file LoadedFromMemory is not a mono symbol file
Symbol file data-00000220439940F0 doesn't match image D:\github\Sample\HUNJIN\Library\ScriptAssemblies\Unity.2D.Sprite.Editor.dll
Symbol file LoadedFromMemory is not a mono symbol file
Symbol file data-00000220468891A0 doesn't match image D:\github\Sample\HUNJIN\Library\ScriptAssemblies\Unity.2D.Psdimporter.Editor.dll
Symbol file LoadedFromMemory is not a mono symbol file
Symbol file data-0000022047D320C0 doesn't match image D:\github\Sample\HUNJIN\Library\ScriptAssemblies\Unity.2D.Path.Editor.dll
Symbol file LoadedFromMemory is not a mono symbol file
Symbol file data-000002204565D620 doesn't match image D:\github\Sample\HUNJIN\Library\ScriptAssemblies\Febucci.TextAnimator.Demo.Editor.dll
Symbol file LoadedFromMemory is not a mono symbol file
Symbol file data-00000220468891A0 doesn't match image D:\github\Sample\HUNJIN\Library\ScriptAssemblies\UnityEditor.UI.dll
Symbol file LoadedFromMemory is not a mono symbol file
Symbol file data-00000220420CB1B0 doesn't match image D:\github\Sample\HUNJIN\Library\ScriptAssemblies\Unity.Rider.Editor.dll
Symbol file LoadedFromMemory is not a mono symbol file
Symbol file data-00000220468891A0 doesn't match image D:\github\Sample\HUNJIN\Library\ScriptAssemblies\Febucci.TextAnimator.Runtime.dll
Symbol file LoadedFromMemory is not a mono symbol file
Symbol file data-0000022040F45A20 doesn't match image D:\github\Sample\HUNJIN\Library\ScriptAssemblies\UnityEngine.UI.dll
Symbol file LoadedFromMemory is not a mono symbol file
Symbol file data-00000220405A48E0 doesn't match image D:\github\Sample\HUNJIN\Library\ScriptAssemblies\Unity.InternalAPIEditorBridge.001.dll
Symbol file LoadedFromMemory is not a mono symbol file
Symbol file data-00000220463400B0 doesn't match image D:\github\Sample\HUNJIN\Library\ScriptAssemblies\Unity.Mathematics.dll
Symbol file LoadedFromMemory is not a mono symbol file
Symbol file data-00000221F6FD7B20 doesn't match image D:\github\Sample\HUNJIN\Library\ScriptAssemblies\Unity.2D.IK.Runtime.dll
Symbol file LoadedFromMemory is not a mono symbol file
Symbol file data-0000022040F45A20 doesn't match image D:\github\Sample\HUNJIN\Library\ScriptAssemblies\Unity.2D.Animation.Triangle.Runtime.dll
Symbol file LoadedFromMemory is not a mono symbol file
Symbol file data-0000022045518930 doesn't match image D:\github\Sample\HUNJIN\Library\ScriptAssemblies\Unity.2D.Animation.Runtime.dll
Symbol file LoadedFromMemory is not a mono symbol file
Symbol file data-00000220450539E0 doesn't match image D:\github\Sample\HUNJIN\Library\ScriptAssemblies\Unity.2D.PixelPerfect.Editor.dll
Symbol file LoadedFromMemory is not a mono symbol file
Symbol file data-00000220482A8020 doesn't match image D:\github\Sample\HUNJIN\Library\ScriptAssemblies\Unity.Timeline.Editor.dll
Symbol file LoadedFromMemory is not a mono symbol file
Symbol file data-0000022046142090 doesn't match image D:\github\Sample\HUNJIN\Library\ScriptAssemblies\Unity.CollabProxy.Editor.dll
Symbol file LoadedFromMemory is not a mono symbol file
Symbol file data-000002204509C750 doesn't match image D:\github\Sample\HUNJIN\Library\ScriptAssemblies\Unity.Mathematics.Editor.dll
Symbol file LoadedFromMemory is not a mono symbol file
Symbol file data-000002204051D150 doesn't match image D:\github\Sample\HUNJIN\Library\ScriptAssemblies\Unity.2D.Common.Runtime.dll
Symbol file LoadedFromMemory is not a mono symbol file
Symbol file data-00000220468891A0 doesn't match image D:\github\Sample\HUNJIN\Library\ScriptAssemblies\Unity.2D.SpriteShape.Editor.dll
Symbol file LoadedFromMemory is not a mono symbol file
Symbol file data-00000220417DD750 doesn't match image D:\github\Sample\HUNJIN\Library\ScriptAssemblies\Unity.2D.Common.Editor.dll
Symbol file LoadedFromMemory is not a mono symbol file
Symbol file data-0000022046142090 doesn't match image D:\github\Sample\HUNJIN\Library\ScriptAssemblies\Unity.2D.SpriteShape.Runtime.dll
Symbol file LoadedFromMemory is not a mono symbol file
Native extension for WindowsStandalone target not found
Refreshing native plugins compatible for Editor in 0.24 ms, found 1 plugins.
Preloading 0 native plugins for Editor in 0.00 ms.
Mono: successfully reloaded assembly
- Completed reload, in  0.431 seconds
Platform modules already initialized, skipping
Switching build target platform(5) subTarget(0) extendedPlatform(0) -> platform(13) subTarget(537395200) extendedPlatform(0)
Refreshing native plugins compatible for Editor in 0.27 ms, found 1 plugins.
Preloading 0 native plugins for Editor in 0.00 ms.
Unloading 1860 Unused Serialized files (Serialized files now loaded: 0)
System memory in use before: 107.1 MB.
System memory in use after: 107.1 MB.

Unloading 20 unused Assets to reduce memory usage. Loaded Objects now: 2389.
Total: 1.205200 ms (FindLiveObjects: 0.181200 ms CreateObjectMapping: 0.028100 ms MarkObjects: 0.917600 ms  DeleteObjects: 0.077600 ms)

AssetImportParameters requested are different than current active one (requested -> active):
  custom:graphics/normal-map-encoding: 01000000000000000000000000000000 -> 02000000000000000000000000000000
========================================================================
Received Import Request.
  Time since last request: 19.818845 seconds.
  path: Assets/Scenes/Prefab/FilterRow.prefab
  artifactKey: Guid(2e1c90878a57a894385eaccb543335ba) Importer(815301076,1909f56bfc062723c751e8b465ee728b)
Start importing Assets/Scenes/Prefab/FilterRow.prefab using Guid(2e1c90878a57a894385eaccb543335ba) Importer(815301076,1909f56bfc062723c751e8b465ee728b)  -> (artifact id: 'ab2f8b9d60b4bd1c476c1ca1f31d9326') in 0.029463 seconds
  Import took 0.031318 seconds .

========================================================================
Received Prepare
Registering precompiled user dll's ...
Registered in 0.000960 seconds.
Begin MonoManager ReloadAssembly
Symbol file data-0000022046EFF070 doesn't match image D:\github\Sample\HUNJIN\Library\ScriptAssemblies\Febucci.TextAnimator.Editor.dll
Symbol file LoadedFromMemory is not a mono symbol file
Symbol file data-0000022040B5F030 doesn't match image D:\github\Sample\HUNJIN\Library\ScriptAssemblies\Unity.2D.Animation.Editor.dll
Symbol file LoadedFromMemory is not a mono symbol file
Symbol file data-00000220452C67E0 doesn't match image D:\github\Sample\HUNJIN\Library\ScriptAssemblies\Unity.InternalAPIEngineBridge.001.dll
Symbol file LoadedFromMemory is not a mono symbol file
Symbol file data-00000220417DD750 doesn't match image D:\github\Sample\HUNJIN\Library\ScriptAssemblies\Unity.VSCode.Editor.dll
Symbol file LoadedFromMemory is not a mono symbol file
Symbol file data-00000221FBBBBD30 doesn't match image D:\github\Sample\HUNJIN\Library\ScriptAssemblies\Febucci.TextAnimator.Demo.Runtime.dll
Symbol file LoadedFromMemory is not a mono symbol file
Symbol file data-000002204519D010 doesn't match image D:\github\Sample\HUNJIN\Library\ScriptAssemblies\Unity.2D.PixelPerfect.dll
Symbol file LoadedFromMemory is not a mono symbol file
Symbol file data-00000220488BF030 doesn't match image D:\github\Sample\HUNJIN\Library\ScriptAssemblies\Unity.2D.Tilemap.Editor.dll
Symbol file LoadedFromMemory is not a mono symbol file
Symbol file data-0000022045183A00 doesn't match image D:\github\Sample\HUNJIN\Library\ScriptAssemblies\PsdPlugin.dll
Symbol file LoadedFromMemory is not a mono symbol file
Symbol file data-00000220481900B0 doesn't match image D:\github\Sample\HUNJIN\Library\ScriptAssemblies\Unity.TextMeshPro.Editor.dll
Symbol file LoadedFromMemory is not a mono symbol file
Symbol file data-0000022040370E00 doesn't match image D:\github\Sample\HUNJIN\Library\ScriptAssemblies\UnityEngine.TestRunner.dll
Symbol file LoadedFromMemory is not a mono symbol file
Symbol file data-00000220488BF030 doesn't match image D:\github\Sample\HUNJIN\Library\ScriptAssemblies\Unity.Timeline.dll
Symbol file LoadedFromMemory is not a mono symbol file
Symbol file data-00000220452F7BF0 doesn't match image D:\github\Sample\HUNJIN\Library\ScriptAssemblies\Unity.TextMeshPro.dll
Symbol file LoadedFromMemory is not a mono symbol file
Symbol file data-0000022045639050 doesn't match image D:\github\Sample\HUNJIN\Library\ScriptAssemblies\UnityEditor.TestRunner.dll
Symbol file LoadedFromMemory is not a mono symbol file
Symbol file data-00000221F6FD7B20 doesn't match image D:\github\Sample\HUNJIN\Library\ScriptAssemblies\Unity.2D.IK.Editor.dll
Symbol file LoadedFromMemory is not a mono symbol file
Symbol file data-00000220481900B0 doesn't match image D:\github\Sample\HUNJIN\Library\ScriptAssemblies\Unity.2D.Sprite.Editor.dll
Symbol file LoadedFromMemory is not a mono symbol file
Symbol file data-00000220468891A0 doesn't match image D:\github\Sample\HUNJIN\Library\ScriptAssemblies\Unity.2D.Psdimporter.Editor.dll
Symbol file LoadedFromMemory is not a mono symbol file
Symbol file data-0000022047FBC020 doesn't match image D:\github\Sample\HUNJIN\Library\ScriptAssemblies\Unity.2D.Path.Editor.dll
Symbol file LoadedFromMemory is not a mono symbol file
Symbol file data-000002204188D970 doesn't match image D:\github\Sample\HUNJIN\Library\ScriptAssemblies\Febucci.TextAnimator.Demo.Editor.dll
Symbol file LoadedFromMemory is not a mono symbol file
Symbol file data-00000220468891A0 doesn't match image D:\github\Sample\HUNJIN\Library\ScriptAssemblies\UnityEditor.UI.dll
Symbol file LoadedFromMemory is not a mono symbol file
Symbol file data-00000220420CB1B0 doesn't match image D:\github\Sample\HUNJIN\Library\ScriptAssemblies\Unity.Rider.Editor.dll
Symbol file LoadedFromMemory is not a mono symbol file
Symbol file data-00000220468891A0 doesn't match image D:\github\Sample\HUNJIN\Library\ScriptAssemblies\Febucci.TextAnimator.Runtime.dll
Symbol file LoadedFromMemory is not a mono symbol file
Symbol file data-0000022040F45A20 doesn't match image D:\github\Sample\HUNJIN\Library\ScriptAssemblies\UnityEngine.UI.dll
Symbol file LoadedFromMemory is not a mono symbol file
Symbol file data-0000022045525BF0 doesn't match image D:\github\Sample\HUNJIN\Library\ScriptAssemblies\Unity.InternalAPIEditorBridge.001.dll
Symbol file LoadedFromMemory is not a mono symbol file
Symbol file data-00000220463400B0 doesn't match image D:\github\Sample\HUNJIN\Library\ScriptAssemblies\Unity.Mathematics.dll
Symbol file LoadedFromMemory is not a mono symbol file
Symbol file data-0000022044EF5010 doesn't match image D:\github\Sample\HUNJIN\Library\ScriptAssemblies\Unity.2D.IK.Runtime.dll
Symbol file LoadedFromMemory is not a mono symbol file
Symbol file data-0000022040F45A20 doesn't match image D:\github\Sample\HUNJIN\Library\ScriptAssemblies\Unity.2D.Animation.Triangle.Runtime.dll
Symbol file LoadedFromMemory is not a mono symbol file
Symbol file data-0000022045518930 doesn't match image D:\github\Sample\HUNJIN\Library\ScriptAssemblies\Unity.2D.Animation.Runtime.dll
Symbol file LoadedFromMemory is not a mono symbol file
Symbol file data-00000220466EC200 doesn't match image D:\github\Sample\HUNJIN\Library\ScriptAssemblies\Unity.2D.PixelPerfect.Editor.dll
Symbol file LoadedFromMemory is not a mono symbol file
Symbol file data-00000220482A8020 doesn't match image D:\github\Sample\HUNJIN\Library\ScriptAssemblies\Unity.Timeline.Editor.dll
Symbol file LoadedFromMemory is not a mono symbol file
Symbol file data-0000022040370E00 doesn't match image D:\github\Sample\HUNJIN\Library\ScriptAssemblies\Unity.CollabProxy.Editor.dll
Symbol file LoadedFromMemory is not a mono symbol file
Symbol file data-0000022048134510 doesn't match image D:\github\Sample\HUNJIN\Library\ScriptAssemblies\Unity.Mathematics.Editor.dll
Symbol file LoadedFromMemory is not a mono symbol file
Symbol file data-000002204051CC40 doesn't match image D:\github\Sample\HUNJIN\Library\ScriptAssemblies\Unity.2D.Common.Runtime.dll
Symbol file LoadedFromMemory is not a mono symbol file
Symbol file data-00000220468891A0 doesn't match image D:\github\Sample\HUNJIN\Library\ScriptAssemblies\Unity.2D.SpriteShape.Editor.dll
Symbol file LoadedFromMemory is not a mono symbol file
Symbol file data-00000220417DD750 doesn't match image D:\github\Sample\HUNJIN\Library\ScriptAssemblies\Unity.2D.Common.Editor.dll
Symbol file LoadedFromMemory is not a mono symbol file
Symbol file data-0000022040370E00 doesn't match image D:\github\Sample\HUNJIN\Library\ScriptAssemblies\Unity.2D.SpriteShape.Runtime.dll
Symbol file LoadedFromMemory is not a mono symbol file
Native extension for WindowsStandalone target not found
Refreshing native plugins compatible for Editor in 0.23 ms, found 1 plugins.
Preloading 0 native plugins for Editor in 0.00 ms.
Mono: successfully reloaded assembly
- Completed reload, in  0.428 seconds
Platform modules already initialized, skipping
Switching build target platform(5) subTarget(0) extendedPlatform(0) -> platform(13) subTarget(537395200) extendedPlatform(0)
Refreshing native plugins compatible for Editor in 0.24 ms, found 1 plugins.
Preloading 0 native plugins for Editor in 0.00 ms.
Unloading 1860 Unused Serialized files (Serialized files now loaded: 0)
System memory in use before: 107.1 MB.
System memory in use after: 107.1 MB.

Unloading 20 unused Assets to reduce memory usage. Loaded Objects now: 2392.
Total: 1.199400 ms (FindLiveObjects: 0.150500 ms CreateObjectMapping: 0.022900 ms MarkObjects: 0.942000 ms  DeleteObjects: 0.083400 ms)

AssetImportParameters requested are different than current active one (requested -> active):
  custom:graphics/normal-map-encoding: 01000000000000000000000000000000 -> 02000000000000000000000000000000
========================================================================
Received Import Request.
  Time since last request: 33.527205 seconds.
  path: Assets/Scenes/Prefab/FilterRow.prefab
  artifactKey: Guid(2e1c90878a57a894385eaccb543335ba) Importer(815301076,1909f56bfc062723c751e8b465ee728b)
Start importing Assets/Scenes/Prefab/FilterRow.prefab using Guid(2e1c90878a57a894385eaccb543335ba) Importer(815301076,1909f56bfc062723c751e8b465ee728b)  -> (artifact id: '9757a752c2496d1b914bafb9fa4deb20') in 0.029411 seconds
  Import took 0.031678 seconds .

========================================================================
Received Prepare
Registering precompiled user dll's ...
Registered in 0.001189 seconds.
Begin MonoManager ReloadAssembly
Symbol file data-0000022046EFF070 doesn't match image D:\github\Sample\HUNJIN\Library\ScriptAssemblies\Febucci.TextAnimator.Editor.dll
Symbol file LoadedFromMemory is not a mono symbol file
Symbol file data-0000022048A68020 doesn't match image D:\github\Sample\HUNJIN\Library\ScriptAssemblies\Unity.2D.Animation.Editor.dll
Symbol file LoadedFromMemory is not a mono symbol file
Symbol file data-0000022044B05CA0 doesn't match image D:\github\Sample\HUNJIN\Library\ScriptAssemblies\Unity.InternalAPIEngineBridge.001.dll
Symbol file LoadedFromMemory is not a mono symbol file
Symbol file data-00000220417DD750 doesn't match image D:\github\Sample\HUNJIN\Library\ScriptAssemblies\Unity.VSCode.Editor.dll
Symbol file LoadedFromMemory is not a mono symbol file
Symbol file data-000002204188BE50 doesn't match image D:\github\Sample\HUNJIN\Library\ScriptAssemblies\Febucci.TextAnimator.Demo.Runtime.dll
Symbol file LoadedFromMemory is not a mono symbol file
Symbol file data-0000022041738010 doesn't match image D:\github\Sample\HUNJIN\Library\ScriptAssemblies\Unity.2D.PixelPerfect.dll
Symbol file LoadedFromMemory is not a mono symbol file
Symbol file data-00000220481900B0 doesn't match image D:\github\Sample\HUNJIN\Library\ScriptAssemblies\Unity.2D.Tilemap.Editor.dll
Symbol file LoadedFromMemory is not a mono symbol file
Symbol file data-0000022045183A00 doesn't match image D:\github\Sample\HUNJIN\Library\ScriptAssemblies\PsdPlugin.dll
Symbol file LoadedFromMemory is not a mono symbol file
Symbol file data-00000220481900B0 doesn't match image D:\github\Sample\HUNJIN\Library\ScriptAssemblies\Unity.TextMeshPro.Editor.dll
Symbol file LoadedFromMemory is not a mono symbol file
Symbol file data-0000022044B72030 doesn't match image D:\github\Sample\HUNJIN\Library\ScriptAssemblies\UnityEngine.TestRunner.dll
Symbol file LoadedFromMemory is not a mono symbol file
Symbol file data-00000220481900B0 doesn't match image D:\github\Sample\HUNJIN\Library\ScriptAssemblies\Unity.Timeline.dll
Symbol file LoadedFromMemory is not a mono symbol file
Symbol file data-00000220452F7BF0 doesn't match image D:\github\Sample\HUNJIN\Library\ScriptAssemblies\Unity.TextMeshPro.dll
Symbol file LoadedFromMemory is not a mono symbol file
Symbol file data-0000022045639050 doesn't match image D:\github\Sample\HUNJIN\Library\ScriptAssemblies\UnityEditor.TestRunner.dll
Symbol file LoadedFromMemory is not a mono symbol file
Symbol file data-00000221F6FD7B20 doesn't match image D:\github\Sample\HUNJIN\Library\ScriptAssemblies\Unity.2D.IK.Editor.dll
Symbol file LoadedFromMemory is not a mono symbol file
Symbol file data-00000220481900B0 doesn't match image D:\github\Sample\HUNJIN\Library\ScriptAssemblies\Unity.2D.Sprite.Editor.dll
Symbol file LoadedFromMemory is not a mono symbol file
Symbol file data-00000220468891A0 doesn't match image D:\github\Sample\HUNJIN\Library\ScriptAssemblies\Unity.2D.Psdimporter.Editor.dll
Symbol file LoadedFromMemory is not a mono symbol file
Symbol file data-00000220482E2030 doesn't match image D:\github\Sample\HUNJIN\Library\ScriptAssemblies\Unity.2D.Path.Editor.dll
Symbol file LoadedFromMemory is not a mono symbol file
Symbol file data-0000022045602310 doesn't match image D:\github\Sample\HUNJIN\Library\ScriptAssemblies\Febucci.TextAnimator.Demo.Editor.dll
Symbol file LoadedFromMemory is not a mono symbol file
Symbol file data-00000220468891A0 doesn't match image D:\github\Sample\HUNJIN\Library\ScriptAssemblies\UnityEditor.UI.dll
Symbol file LoadedFromMemory is not a mono symbol file
Symbol file data-00000220420CB1B0 doesn't match image D:\github\Sample\HUNJIN\Library\ScriptAssemblies\Unity.Rider.Editor.dll
Symbol file LoadedFromMemory is not a mono symbol file
Symbol file data-00000220468891A0 doesn't match image D:\github\Sample\HUNJIN\Library\ScriptAssemblies\Febucci.TextAnimator.Runtime.dll
Symbol file LoadedFromMemory is not a mono symbol file
Symbol file data-0000022040F45A20 doesn't match image D:\github\Sample\HUNJIN\Library\ScriptAssemblies\UnityEngine.UI.dll
Symbol file LoadedFromMemory is not a mono symbol file
Symbol file data-00000220462027B0 doesn't match image D:\github\Sample\HUNJIN\Library\ScriptAssemblies\Unity.InternalAPIEditorBridge.001.dll
Symbol file LoadedFromMemory is not a mono symbol file
Symbol file data-00000220463400B0 doesn't match image D:\github\Sample\HUNJIN\Library\ScriptAssemblies\Unity.Mathematics.dll
Symbol file LoadedFromMemory is not a mono symbol file
Symbol file data-000002204217D450 doesn't match image D:\github\Sample\HUNJIN\Library\ScriptAssemblies\Unity.2D.IK.Runtime.dll
Symbol file LoadedFromMemory is not a mono symbol file
Symbol file data-0000022040F45A20 doesn't match image D:\github\Sample\HUNJIN\Library\ScriptAssemblies\Unity.2D.Animation.Triangle.Runtime.dll
Symbol file LoadedFromMemory is not a mono symbol file
Symbol file data-0000022045518930 doesn't match image D:\github\Sample\HUNJIN\Library\ScriptAssemblies\Unity.2D.Animation.Runtime.dll
Symbol file LoadedFromMemory is not a mono symbol file
Symbol file data-0000022048184060 doesn't match image D:\github\Sample\HUNJIN\Library\ScriptAssemblies\Unity.2D.PixelPerfect.Editor.dll
Symbol file LoadedFromMemory is not a mono symbol file
Symbol file data-00000220463400B0 doesn't match image D:\github\Sample\HUNJIN\Library\ScriptAssemblies\Unity.Timeline.Editor.dll
Symbol file LoadedFromMemory is not a mono symbol file
Symbol file data-0000022046142090 doesn't match image D:\github\Sample\HUNJIN\Library\ScriptAssemblies\Unity.CollabProxy.Editor.dll
Symbol file LoadedFromMemory is not a mono symbol file
Symbol file data-000002204059F060 doesn't match image D:\github\Sample\HUNJIN\Library\ScriptAssemblies\Unity.Mathematics.Editor.dll
Symbol file LoadedFromMemory is not a mono symbol file
Symbol file data-000002204051CA90 doesn't match image D:\github\Sample\HUNJIN\Library\ScriptAssemblies\Unity.2D.Common.Runtime.dll
Symbol file LoadedFromMemory is not a mono symbol file
Symbol file data-00000220468891A0 doesn't match image D:\github\Sample\HUNJIN\Library\ScriptAssemblies\Unity.2D.SpriteShape.Editor.dll
Symbol file LoadedFromMemory is not a mono symbol file
Symbol file data-00000220417DD750 doesn't match image D:\github\Sample\HUNJIN\Library\ScriptAssemblies\Unity.2D.Common.Editor.dll
Symbol file LoadedFromMemory is not a mono symbol file
Symbol file data-0000022046142090 doesn't match image D:\github\Sample\HUNJIN\Library\ScriptAssemblies\Unity.2D.SpriteShape.Runtime.dll
Symbol file LoadedFromMemory is not a mono symbol file
Native extension for WindowsStandalone target not found
Refreshing native plugins compatible for Editor in 0.25 ms, found 1 plugins.
Preloading 0 native plugins for Editor in 0.00 ms.
Mono: successfully reloaded assembly
- Completed reload, in  0.429 seconds
Platform modules already initialized, skipping
Switching build target platform(5) subTarget(0) extendedPlatform(0) -> platform(13) subTarget(537395200) extendedPlatform(0)
Refreshing native plugins compatible for Editor in 0.24 ms, found 1 plugins.
Preloading 0 native plugins for Editor in 0.00 ms.
Unloading 1860 Unused Serialized files (Serialized files now loaded: 0)
System memory in use before: 107.2 MB.
System memory in use after: 107.1 MB.

Unloading 20 unused Assets to reduce memory usage. Loaded Objects now: 2395.
Total: 1.297400 ms (FindLiveObjects: 0.158400 ms CreateObjectMapping: 0.023700 ms MarkObjects: 1.032500 ms  DeleteObjects: 0.081900 ms)

AssetImportParameters requested are different than current active one (requested -> active):
  custom:graphics/normal-map-encoding: 01000000000000000000000000000000 -> 02000000000000000000000000000000
========================================================================
Received Import Request.
  Time since last request: 23.228089 seconds.
  path: Assets/Scenes/Prefab/FilterRow.prefab
  artifactKey: Guid(2e1c90878a57a894385eaccb543335ba) Importer(815301076,1909f56bfc062723c751e8b465ee728b)
Start importing Assets/Scenes/Prefab/FilterRow.prefab using Guid(2e1c90878a57a894385eaccb543335ba) Importer(815301076,1909f56bfc062723c751e8b465ee728b)  -> (artifact id: '8d9e4e0b8400d98086b53b270191e91b') in 0.029049 seconds
  Import took 0.030843 seconds .

========================================================================
Received Prepare
Registering precompiled user dll's ...
Registered in 0.000928 seconds.
Begin MonoManager ReloadAssembly
Symbol file data-0000022046EFF070 doesn't match image D:\github\Sample\HUNJIN\Library\ScriptAssemblies\Febucci.TextAnimator.Editor.dll
Symbol file LoadedFromMemory is not a mono symbol file
Symbol file data-0000022040B5F030 doesn't match image D:\github\Sample\HUNJIN\Library\ScriptAssemblies\Unity.2D.Animation.Editor.dll
Symbol file LoadedFromMemory is not a mono symbol file
Symbol file data-00000220452DDC10 doesn't match image D:\github\Sample\HUNJIN\Library\ScriptAssemblies\Unity.InternalAPIEngineBridge.001.dll
Symbol file LoadedFromMemory is not a mono symbol file
Symbol file data-00000220417DD750 doesn't match image D:\github\Sample\HUNJIN\Library\ScriptAssemblies\Unity.VSCode.Editor.dll
Symbol file LoadedFromMemory is not a mono symbol file
Symbol file data-000002204188BE50 doesn't match image D:\github\Sample\HUNJIN\Library\ScriptAssemblies\Febucci.TextAnimator.Demo.Runtime.dll
Symbol file LoadedFromMemory is not a mono symbol file
Symbol file data-000002204519D010 doesn't match image D:\github\Sample\HUNJIN\Library\ScriptAssemblies\Unity.2D.PixelPerfect.dll
Symbol file LoadedFromMemory is not a mono symbol file
Symbol file data-00000220473C7040 doesn't match image D:\github\Sample\HUNJIN\Library\ScriptAssemblies\Unity.2D.Tilemap.Editor.dll
Symbol file LoadedFromMemory is not a mono symbol file
Symbol file data-000002204410D020 doesn't match image D:\github\Sample\HUNJIN\Library\ScriptAssemblies\PsdPlugin.dll
Symbol file LoadedFromMemory is not a mono symbol file
Symbol file data-00000220473C7040 doesn't match image D:\github\Sample\HUNJIN\Library\ScriptAssemblies\Unity.TextMeshPro.Editor.dll
Symbol file LoadedFromMemory is not a mono symbol file
Symbol file data-000002204410D020 doesn't match image D:\github\Sample\HUNJIN\Library\ScriptAssemblies\UnityEngine.TestRunner.dll
Symbol file LoadedFromMemory is not a mono symbol file
Symbol file data-00000220473C7040 doesn't match image D:\github\Sample\HUNJIN\Library\ScriptAssemblies\Unity.Timeline.dll
Symbol file LoadedFromMemory is not a mono symbol file
Symbol file data-00000220452F7BF0 doesn't match image D:\github\Sample\HUNJIN\Library\ScriptAssemblies\Unity.TextMeshPro.dll
Symbol file LoadedFromMemory is not a mono symbol file
Symbol file data-0000022045639050 doesn't match image D:\github\Sample\HUNJIN\Library\ScriptAssemblies\UnityEditor.TestRunner.dll
Symbol file LoadedFromMemory is not a mono symbol file
Symbol file data-00000221F6FD7B20 doesn't match image D:\github\Sample\HUNJIN\Library\ScriptAssemblies\Unity.2D.IK.Editor.dll
Symbol file LoadedFromMemory is not a mono symbol file
Symbol file data-00000220473C7040 doesn't match image D:\github\Sample\HUNJIN\Library\ScriptAssemblies\Unity.2D.Sprite.Editor.dll
Symbol file LoadedFromMemory is not a mono symbol file
Symbol file data-00000220468891A0 doesn't match image D:\github\Sample\HUNJIN\Library\ScriptAssemblies\Unity.2D.Psdimporter.Editor.dll
Symbol file LoadedFromMemory is not a mono symbol file
Symbol file data-00000220482E2030 doesn't match image D:\github\Sample\HUNJIN\Library\ScriptAssemblies\Unity.2D.Path.Editor.dll
Symbol file LoadedFromMemory is not a mono symbol file
Symbol file data-00000220407E45A0 doesn't match image D:\github\Sample\HUNJIN\Library\ScriptAssemblies\Febucci.TextAnimator.Demo.Editor.dll
Symbol file LoadedFromMemory is not a mono symbol file
Symbol file data-00000220468891A0 doesn't match image D:\github\Sample\HUNJIN\Library\ScriptAssemblies\UnityEditor.UI.dll
Symbol file LoadedFromMemory is not a mono symbol file
Symbol file data-00000220420CB1B0 doesn't match image D:\github\Sample\HUNJIN\Library\ScriptAssemblies\Unity.Rider.Editor.dll
Symbol file LoadedFromMemory is not a mono symbol file
Symbol file data-00000220468891A0 doesn't match image D:\github\Sample\HUNJIN\Library\ScriptAssemblies\Febucci.TextAnimator.Runtime.dll
Symbol file LoadedFromMemory is not a mono symbol file
Symbol file data-0000022040F45A20 doesn't match image D:\github\Sample\HUNJIN\Library\ScriptAssemblies\UnityEngine.UI.dll
Symbol file LoadedFromMemory is not a mono symbol file
Symbol file data-0000022048959BE0 doesn't match image D:\github\Sample\HUNJIN\Library\ScriptAssemblies\Unity.InternalAPIEditorBridge.001.dll
Symbol file LoadedFromMemory is not a mono symbol file
Symbol file data-00000220463400B0 doesn't match image D:\github\Sample\HUNJIN\Library\ScriptAssemblies\Unity.Mathematics.dll
Symbol file LoadedFromMemory is not a mono symbol file
Symbol file data-00000221F6FD7B20 doesn't match image D:\github\Sample\HUNJIN\Library\ScriptAssemblies\Unity.2D.IK.Runtime.dll
Symbol file LoadedFromMemory is not a mono symbol file
Symbol file data-0000022040F45A20 doesn't match image D:\github\Sample\HUNJIN\Library\ScriptAssemblies\Unity.2D.Animation.Triangle.Runtime.dll
Symbol file LoadedFromMemory is not a mono symbol file
Symbol file data-0000022045518930 doesn't match image D:\github\Sample\HUNJIN\Library\ScriptAssemblies\Unity.2D.Animation.Runtime.dll
Symbol file LoadedFromMemory is not a mono symbol file
Symbol file data-00000220407CE9B0 doesn't match image D:\github\Sample\HUNJIN\Library\ScriptAssemblies\Unity.2D.PixelPerfect.Editor.dll
Symbol file LoadedFromMemory is not a mono symbol file
Symbol file data-00000220463400B0 doesn't match image D:\github\Sample\HUNJIN\Library\ScriptAssemblies\Unity.Timeline.Editor.dll
Symbol file LoadedFromMemory is not a mono symbol file
Symbol file data-0000022040370E00 doesn't match image D:\github\Sample\HUNJIN\Library\ScriptAssemblies\Unity.CollabProxy.Editor.dll
Symbol file LoadedFromMemory is not a mono symbol file
Symbol file data-000002204644B2D0 doesn't match image D:\github\Sample\HUNJIN\Library\ScriptAssemblies\Unity.Mathematics.Editor.dll
Symbol file LoadedFromMemory is not a mono symbol file
Symbol file data-000002204051CDF0 doesn't match image D:\github\Sample\HUNJIN\Library\ScriptAssemblies\Unity.2D.Common.Runtime.dll
Symbol file LoadedFromMemory is not a mono symbol file
Symbol file data-00000220468891A0 doesn't match image D:\github\Sample\HUNJIN\Library\ScriptAssemblies\Unity.2D.SpriteShape.Editor.dll
Symbol file LoadedFromMemory is not a mono symbol file
Symbol file data-00000220417DD750 doesn't match image D:\github\Sample\HUNJIN\Library\ScriptAssemblies\Unity.2D.Common.Editor.dll
Symbol file LoadedFromMemory is not a mono symbol file
Symbol file data-0000022040370E00 doesn't match image D:\github\Sample\HUNJIN\Library\ScriptAssemblies\Unity.2D.SpriteShape.Runtime.dll
Symbol file LoadedFromMemory is not a mono symbol file
Native extension for WindowsStandalone target not found
Refreshing native plugins compatible for Editor in 0.23 ms, found 1 plugins.
Preloading 0 native plugins for Editor in 0.00 ms.
Mono: successfully reloaded assembly
- Completed reload, in  0.441 seconds
Platform modules already initialized, skipping
Switching build target platform(5) subTarget(0) extendedPlatform(0) -> platform(13) subTarget(537395200) extendedPlatform(0)
Refreshing native plugins compatible for Editor in 0.24 ms, found 1 plugins.
Preloading 0 native plugins for Editor in 0.00 ms.
Unloading 1860 Unused Serialized files (Serialized files now loaded: 0)
System memory in use before: 107.2 MB.
System memory in use after: 107.1 MB.

Unloading 20 unused Assets to reduce memory usage. Loaded Objects now: 2398.
Total: 1.369000 ms (FindLiveObjects: 0.171500 ms CreateObjectMapping: 0.026900 ms MarkObjects: 1.083400 ms  DeleteObjects: 0.086200 ms)

AssetImportParameters requested are different than current active one (requested -> active):
  custom:graphics/normal-map-encoding: 01000000000000000000000000000000 -> 02000000000000000000000000000000
========================================================================
Received Import Request.
  Time since last request: 18.670398 seconds.
  path: Assets/Scenes/Prefab/FilterRow.prefab
  artifactKey: Guid(2e1c90878a57a894385eaccb543335ba) Importer(815301076,1909f56bfc062723c751e8b465ee728b)
Start importing Assets/Scenes/Prefab/FilterRow.prefab using Guid(2e1c90878a57a894385eaccb543335ba) Importer(815301076,1909f56bfc062723c751e8b465ee728b)  -> (artifact id: '7163e19b2aa3b6334250378056c4a7c3') in 0.029889 seconds
  Import took 0.031912 seconds .

========================================================================
Received Prepare
Registering precompiled user dll's ...
Registered in 0.001228 seconds.
Begin MonoManager ReloadAssembly
Symbol file data-0000022046EFF070 doesn't match image D:\github\Sample\HUNJIN\Library\ScriptAssemblies\Febucci.TextAnimator.Editor.dll
Symbol file LoadedFromMemory is not a mono symbol file
Symbol file data-0000022040B5F030 doesn't match image D:\github\Sample\HUNJIN\Library\ScriptAssemblies\Unity.2D.Animation.Editor.dll
Symbol file LoadedFromMemory is not a mono symbol file
Symbol file data-00000221FBD80B30 doesn't match image D:\github\Sample\HUNJIN\Library\ScriptAssemblies\Unity.InternalAPIEngineBridge.001.dll
Symbol file LoadedFromMemory is not a mono symbol file
Symbol file data-00000220417DD750 doesn't match image D:\github\Sample\HUNJIN\Library\ScriptAssemblies\Unity.VSCode.Editor.dll
Symbol file LoadedFromMemory is not a mono symbol file
Symbol file data-00000220452A65F0 doesn't match image D:\github\Sample\HUNJIN\Library\ScriptAssemblies\Febucci.TextAnimator.Demo.Runtime.dll
Symbol file LoadedFromMemory is not a mono symbol file
Symbol file data-0000022041738010 doesn't match image D:\github\Sample\HUNJIN\Library\ScriptAssemblies\Unity.2D.PixelPerfect.dll
Symbol file LoadedFromMemory is not a mono symbol file
Symbol file data-000002204744FD10 doesn't match image D:\github\Sample\HUNJIN\Library\ScriptAssemblies\Unity.2D.Tilemap.Editor.dll
Symbol file LoadedFromMemory is not a mono symbol file
Symbol file data-0000022047929050 doesn't match image D:\github\Sample\HUNJIN\Library\ScriptAssemblies\PsdPlugin.dll
Symbol file LoadedFromMemory is not a mono symbol file
Symbol file data-000002204744FD10 doesn't match image D:\github\Sample\HUNJIN\Library\ScriptAssemblies\Unity.TextMeshPro.Editor.dll
Symbol file LoadedFromMemory is not a mono symbol file
Symbol file data-0000022044B72030 doesn't match image D:\github\Sample\HUNJIN\Library\ScriptAssemblies\UnityEngine.TestRunner.dll
Symbol file LoadedFromMemory is not a mono symbol file
Symbol file data-0000022048B78110 doesn't match image D:\github\Sample\HUNJIN\Library\ScriptAssemblies\Unity.Timeline.dll
Symbol file LoadedFromMemory is not a mono symbol file
Symbol file data-00000220452F7BF0 doesn't match image D:\github\Sample\HUNJIN\Library\ScriptAssemblies\Unity.TextMeshPro.dll
Symbol file LoadedFromMemory is not a mono symbol file
Symbol file data-0000022045639050 doesn't match image D:\github\Sample\HUNJIN\Library\ScriptAssemblies\UnityEditor.TestRunner.dll
Symbol file LoadedFromMemory is not a mono symbol file
Symbol file data-0000022041DDC830 doesn't match image D:\github\Sample\HUNJIN\Library\ScriptAssemblies\Unity.2D.IK.Editor.dll
Symbol file LoadedFromMemory is not a mono symbol file
Symbol file data-000002204744FD10 doesn't match image D:\github\Sample\HUNJIN\Library\ScriptAssemblies\Unity.2D.Sprite.Editor.dll
Symbol file LoadedFromMemory is not a mono symbol file
Symbol file data-00000221FBEAA880 doesn't match image D:\github\Sample\HUNJIN\Library\ScriptAssemblies\Unity.2D.Psdimporter.Editor.dll
Symbol file LoadedFromMemory is not a mono symbol file
Symbol file data-0000022047DF21D0 doesn't match image D:\github\Sample\HUNJIN\Library\ScriptAssemblies\Unity.2D.Path.Editor.dll
Symbol file LoadedFromMemory is not a mono symbol file
Symbol file data-0000022040456370 doesn't match image D:\github\Sample\HUNJIN\Library\ScriptAssemblies\Febucci.TextAnimator.Demo.Editor.dll
Symbol file LoadedFromMemory is not a mono symbol file
Symbol file data-00000221FBEAA880 doesn't match image D:\github\Sample\HUNJIN\Library\ScriptAssemblies\UnityEditor.UI.dll
Symbol file LoadedFromMemory is not a mono symbol file
Symbol file data-00000220420CB1B0 doesn't match image D:\github\Sample\HUNJIN\Library\ScriptAssemblies\Unity.Rider.Editor.dll
Symbol file LoadedFromMemory is not a mono symbol file
Symbol file data-00000221FBEAA880 doesn't match image D:\github\Sample\HUNJIN\Library\ScriptAssemblies\Febucci.TextAnimator.Runtime.dll
Symbol file LoadedFromMemory is not a mono symbol file
Symbol file data-0000022040F45A20 doesn't match image D:\github\Sample\HUNJIN\Library\ScriptAssemblies\UnityEngine.UI.dll
Symbol file LoadedFromMemory is not a mono symbol file
Symbol file data-0000022047AA7420 doesn't match image D:\github\Sample\HUNJIN\Library\ScriptAssemblies\Unity.InternalAPIEditorBridge.001.dll
Symbol file LoadedFromMemory is not a mono symbol file
Symbol file data-00000220463400B0 doesn't match image D:\github\Sample\HUNJIN\Library\ScriptAssemblies\Unity.Mathematics.dll
Symbol file LoadedFromMemory is not a mono symbol file
Symbol file data-00000220409FE020 doesn't match image D:\github\Sample\HUNJIN\Library\ScriptAssemblies\Unity.2D.IK.Runtime.dll
Symbol file LoadedFromMemory is not a mono symbol file
Symbol file data-0000022040F45A20 doesn't match image D:\github\Sample\HUNJIN\Library\ScriptAssemblies\Unity.2D.Animation.Triangle.Runtime.dll
Symbol file LoadedFromMemory is not a mono symbol file
Symbol file data-0000022045518930 doesn't match image D:\github\Sample\HUNJIN\Library\ScriptAssemblies\Unity.2D.Animation.Runtime.dll
Symbol file LoadedFromMemory is not a mono symbol file
Symbol file data-000002204840AD20 doesn't match image D:\github\Sample\HUNJIN\Library\ScriptAssemblies\Unity.2D.PixelPerfect.Editor.dll
Symbol file LoadedFromMemory is not a mono symbol file
Symbol file data-00000220463400B0 doesn't match image D:\github\Sample\HUNJIN\Library\ScriptAssemblies\Unity.Timeline.Editor.dll
Symbol file LoadedFromMemory is not a mono symbol file
Symbol file data-0000022048B78110 doesn't match image D:\github\Sample\HUNJIN\Library\ScriptAssemblies\Unity.CollabProxy.Editor.dll
Symbol file LoadedFromMemory is not a mono symbol file
Symbol file data-00000220485FBDA0 doesn't match image D:\github\Sample\HUNJIN\Library\ScriptAssemblies\Unity.Mathematics.Editor.dll
Symbol file LoadedFromMemory is not a mono symbol file
Symbol file data-000002204051CA90 doesn't match image D:\github\Sample\HUNJIN\Library\ScriptAssemblies\Unity.2D.Common.Runtime.dll
Symbol file LoadedFromMemory is not a mono symbol file
Symbol file data-00000221FBEAA880 doesn't match image D:\github\Sample\HUNJIN\Library\ScriptAssemblies\Unity.2D.SpriteShape.Editor.dll
Symbol file LoadedFromMemory is not a mono symbol file
Symbol file data-00000220417DD750 doesn't match image D:\github\Sample\HUNJIN\Library\ScriptAssemblies\Unity.2D.Common.Editor.dll
Symbol file LoadedFromMemory is not a mono symbol file
Symbol file data-0000022048B78110 doesn't match image D:\github\Sample\HUNJIN\Library\ScriptAssemblies\Unity.2D.SpriteShape.Runtime.dll
Symbol file LoadedFromMemory is not a mono symbol file
Native extension for WindowsStandalone target not found
Refreshing native plugins compatible for Editor in 0.29 ms, found 1 plugins.
Preloading 0 native plugins for Editor in 0.00 ms.
Mono: successfully reloaded assembly
- Completed reload, in  0.424 seconds
Platform modules already initialized, skipping
Switching build target platform(5) subTarget(0) extendedPlatform(0) -> platform(13) subTarget(537395200) extendedPlatform(0)
Refreshing native plugins compatible for Editor in 0.24 ms, found 1 plugins.
Preloading 0 native plugins for Editor in 0.00 ms.
Unloading 1860 Unused Serialized files (Serialized files now loaded: 0)
System memory in use before: 107.2 MB.
System memory in use after: 107.1 MB.

Unloading 20 unused Assets to reduce memory usage. Loaded Objects now: 2401.
Total: 1.097000 ms (FindLiveObjects: 0.103600 ms CreateObjectMapping: 0.024300 ms MarkObjects: 0.893400 ms  DeleteObjects: 0.074700 ms)

AssetImportParameters requested are different than current active one (requested -> active):
  custom:graphics/normal-map-encoding: 01000000000000000000000000000000 -> 02000000000000000000000000000000
========================================================================
Received Prepare
Registering precompiled user dll's ...
Registered in 0.000956 seconds.
Begin MonoManager ReloadAssembly
Symbol file data-00000221FC021030 doesn't match image D:\github\Sample\HUNJIN\Library\ScriptAssemblies\Febucci.TextAnimator.Editor.dll
Symbol file LoadedFromMemory is not a mono symbol file
Symbol file data-0000022040B5F030 doesn't match image D:\github\Sample\HUNJIN\Library\ScriptAssemblies\Unity.2D.Animation.Editor.dll
Symbol file LoadedFromMemory is not a mono symbol file
Symbol file data-00000220452A7460 doesn't match image D:\github\Sample\HUNJIN\Library\ScriptAssemblies\Unity.InternalAPIEngineBridge.001.dll
Symbol file LoadedFromMemory is not a mono symbol file
Symbol file data-0000022048CEF050 doesn't match image D:\github\Sample\HUNJIN\Library\ScriptAssemblies\Unity.VSCode.Editor.dll
Symbol file LoadedFromMemory is not a mono symbol file
Symbol file data-000002204819C7B0 doesn't match image D:\github\Sample\HUNJIN\Library\ScriptAssemblies\Febucci.TextAnimator.Demo.Runtime.dll
Symbol file LoadedFromMemory is not a mono symbol file
Symbol file data-0000022040C02060 doesn't match image D:\github\Sample\HUNJIN\Library\ScriptAssemblies\Unity.2D.PixelPerfect.dll
Symbol file LoadedFromMemory is not a mono symbol file
Symbol file data-0000022045639050 doesn't match image D:\github\Sample\HUNJIN\Library\ScriptAssemblies\Unity.2D.Tilemap.Editor.dll
Symbol file LoadedFromMemory is not a mono symbol file
Symbol file data-0000022044B72030 doesn't match image D:\github\Sample\HUNJIN\Library\ScriptAssemblies\PsdPlugin.dll
Symbol file LoadedFromMemory is not a mono symbol file
Symbol file data-0000022045639050 doesn't match image D:\github\Sample\HUNJIN\Library\ScriptAssemblies\Unity.TextMeshPro.Editor.dll
Symbol file LoadedFromMemory is not a mono symbol file
Symbol file data-0000022045639050 doesn't match image D:\github\Sample\HUNJIN\Library\ScriptAssemblies\UnityEngine.TestRunner.dll
Symbol file LoadedFromMemory is not a mono symbol file
Symbol file data-0000022045639050 doesn't match image D:\github\Sample\HUNJIN\Library\ScriptAssemblies\Unity.Timeline.dll
Symbol file LoadedFromMemory is not a mono symbol file
Symbol file data-00000220452F7BF0 doesn't match image D:\github\Sample\HUNJIN\Library\ScriptAssemblies\Unity.TextMeshPro.dll
Symbol file LoadedFromMemory is not a mono symbol file
Symbol file data-0000022045639050 doesn't match image D:\github\Sample\HUNJIN\Library\ScriptAssemblies\UnityEditor.TestRunner.dll
Symbol file LoadedFromMemory is not a mono symbol file
Symbol file data-0000022041DDC830 doesn't match image D:\github\Sample\HUNJIN\Library\ScriptAssemblies\Unity.2D.IK.Editor.dll
Symbol file LoadedFromMemory is not a mono symbol file
Symbol file data-0000022045639050 doesn't match image D:\github\Sample\HUNJIN\Library\ScriptAssemblies\Unity.2D.Sprite.Editor.dll
Symbol file LoadedFromMemory is not a mono symbol file
Symbol file data-00000220441ED020 doesn't match image D:\github\Sample\HUNJIN\Library\ScriptAssemblies\Unity.2D.Psdimporter.Editor.dll
Symbol file LoadedFromMemory is not a mono symbol file
Symbol file data-0000022047835030 doesn't match image D:\github\Sample\HUNJIN\Library\ScriptAssemblies\Unity.2D.Path.Editor.dll
Symbol file LoadedFromMemory is not a mono symbol file
Symbol file data-0000022044FCF730 doesn't match image D:\github\Sample\HUNJIN\Library\ScriptAssemblies\Febucci.TextAnimator.Demo.Editor.dll
Symbol file LoadedFromMemory is not a mono symbol file
Symbol file data-00000220441ED020 doesn't match image D:\github\Sample\HUNJIN\Library\ScriptAssemblies\UnityEditor.UI.dll
Symbol file LoadedFromMemory is not a mono symbol file
Symbol file data-00000220420CB1B0 doesn't match image D:\github\Sample\HUNJIN\Library\ScriptAssemblies\Unity.Rider.Editor.dll
Symbol file LoadedFromMemory is not a mono symbol file
Symbol file data-00000220441ED020 doesn't match image D:\github\Sample\HUNJIN\Library\ScriptAssemblies\Febucci.TextAnimator.Runtime.dll
Symbol file LoadedFromMemory is not a mono symbol file
Symbol file data-0000022040F45A20 doesn't match image D:\github\Sample\HUNJIN\Library\ScriptAssemblies\UnityEngine.UI.dll
Symbol file LoadedFromMemory is not a mono symbol file
Symbol file data-0000022048BF4690 doesn't match image D:\github\Sample\HUNJIN\Library\ScriptAssemblies\Unity.InternalAPIEditorBridge.001.dll
Symbol file LoadedFromMemory is not a mono symbol file
Symbol file data-00000220463400B0 doesn't match image D:\github\Sample\HUNJIN\Library\ScriptAssemblies\Unity.Mathematics.dll
Symbol file LoadedFromMemory is not a mono symbol file
Symbol file data-0000022041DDC830 doesn't match image D:\github\Sample\HUNJIN\Library\ScriptAssemblies\Unity.2D.IK.Runtime.dll
Symbol file LoadedFromMemory is not a mono symbol file
Symbol file data-0000022048D33010 doesn't match image D:\github\Sample\HUNJIN\Library\ScriptAssemblies\Unity.2D.Animation.Triangle.Runtime.dll
Symbol file LoadedFromMemory is not a mono symbol file
Symbol file data-00000220441E5050 doesn't match image D:\github\Sample\HUNJIN\Library\ScriptAssemblies\Unity.2D.Animation.Runtime.dll
Symbol file LoadedFromMemory is not a mono symbol file
Symbol file data-00000220473A81F0 doesn't match image D:\github\Sample\HUNJIN\Library\ScriptAssemblies\Unity.2D.PixelPerfect.Editor.dll
Symbol file LoadedFromMemory is not a mono symbol file
Symbol file data-0000022048756050 doesn't match image D:\github\Sample\HUNJIN\Library\ScriptAssemblies\Unity.Timeline.Editor.dll
Symbol file LoadedFromMemory is not a mono symbol file
Symbol file data-000002204561F020 doesn't match image D:\github\Sample\HUNJIN\Library\ScriptAssemblies\Unity.CollabProxy.Editor.dll
Symbol file LoadedFromMemory is not a mono symbol file
Symbol file data-0000022047451980 doesn't match image D:\github\Sample\HUNJIN\Library\ScriptAssemblies\Unity.Mathematics.Editor.dll
Symbol file LoadedFromMemory is not a mono symbol file
Symbol file data-000002204051CA90 doesn't match image D:\github\Sample\HUNJIN\Library\ScriptAssemblies\Unity.2D.Common.Runtime.dll
Symbol file LoadedFromMemory is not a mono symbol file
Symbol file data-00000220441ED020 doesn't match image D:\github\Sample\HUNJIN\Library\ScriptAssemblies\Unity.2D.SpriteShape.Editor.dll
Symbol file LoadedFromMemory is not a mono symbol file
Symbol file data-0000022048CEF050 doesn't match image D:\github\Sample\HUNJIN\Library\ScriptAssemblies\Unity.2D.Common.Editor.dll
Symbol file LoadedFromMemory is not a mono symbol file
Symbol file data-000002204561F020 doesn't match image D:\github\Sample\HUNJIN\Library\ScriptAssemblies\Unity.2D.SpriteShape.Runtime.dll
Symbol file LoadedFromMemory is not a mono symbol file
Native extension for WindowsStandalone target not found
Refreshing native plugins compatible for Editor in 0.27 ms, found 1 plugins.
Preloading 0 native plugins for Editor in 0.00 ms.
Mono: successfully reloaded assembly
- Completed reload, in  0.431 seconds
Platform modules already initialized, skipping
Switching build target platform(5) subTarget(0) extendedPlatform(0) -> platform(13) subTarget(537395200) extendedPlatform(0)
Refreshing native plugins compatible for Editor in 0.24 ms, found 1 plugins.
Preloading 0 native plugins for Editor in 0.00 ms.
Unloading 1860 Unused Serialized files (Serialized files now loaded: 0)
System memory in use before: 107.2 MB.
System memory in use after: 107.1 MB.

Unloading 14 unused Assets to reduce memory usage. Loaded Objects now: 2404.
Total: 1.572700 ms (FindLiveObjects: 0.140300 ms CreateObjectMapping: 0.026700 ms MarkObjects: 1.328000 ms  DeleteObjects: 0.076400 ms)

AssetImportParameters requested are different than current active one (requested -> active):
  custom:graphics/normal-map-encoding: 01000000000000000000000000000000 -> 02000000000000000000000000000000
========================================================================
Received Prepare
Registering precompiled user dll's ...
Registered in 0.001037 seconds.
Begin MonoManager ReloadAssembly
Symbol file data-00000220445A3060 doesn't match image D:\github\Sample\HUNJIN\Library\ScriptAssemblies\Febucci.TextAnimator.Editor.dll
Symbol file LoadedFromMemory is not a mono symbol file
Symbol file data-0000022040B5F030 doesn't match image D:\github\Sample\HUNJIN\Library\ScriptAssemblies\Unity.2D.Animation.Editor.dll
Symbol file LoadedFromMemory is not a mono symbol file
Symbol file data-0000022044638E90 doesn't match image D:\github\Sample\HUNJIN\Library\ScriptAssemblies\Unity.InternalAPIEngineBridge.001.dll
Symbol file LoadedFromMemory is not a mono symbol file
Symbol file data-00000220417DD750 doesn't match image D:\github\Sample\HUNJIN\Library\ScriptAssemblies\Unity.VSCode.Editor.dll
Symbol file LoadedFromMemory is not a mono symbol file
Symbol file data-0000022044DD6700 doesn't match image D:\github\Sample\HUNJIN\Library\ScriptAssemblies\Febucci.TextAnimator.Demo.Runtime.dll
Symbol file LoadedFromMemory is not a mono symbol file
Symbol file data-000002204215AC70 doesn't match image D:\github\Sample\HUNJIN\Library\ScriptAssemblies\Unity.2D.PixelPerfect.dll
Symbol file LoadedFromMemory is not a mono symbol file
Symbol file data-0000022044DC6010 doesn't match image D:\github\Sample\HUNJIN\Library\ScriptAssemblies\Unity.2D.Tilemap.Editor.dll
Symbol file LoadedFromMemory is not a mono symbol file
Symbol file data-0000022044B72030 doesn't match image D:\github\Sample\HUNJIN\Library\ScriptAssemblies\PsdPlugin.dll
Symbol file LoadedFromMemory is not a mono symbol file
Symbol file data-0000022044DC6010 doesn't match image D:\github\Sample\HUNJIN\Library\ScriptAssemblies\Unity.TextMeshPro.Editor.dll
Symbol file LoadedFromMemory is not a mono symbol file
Symbol file data-0000022048C95010 doesn't match image D:\github\Sample\HUNJIN\Library\ScriptAssemblies\UnityEngine.TestRunner.dll
Symbol file LoadedFromMemory is not a mono symbol file
Symbol file data-0000022044DC6010 doesn't match image D:\github\Sample\HUNJIN\Library\ScriptAssemblies\Unity.Timeline.dll
Symbol file LoadedFromMemory is not a mono symbol file
Symbol file data-00000220452F7BF0 doesn't match image D:\github\Sample\HUNJIN\Library\ScriptAssemblies\Unity.TextMeshPro.dll
Symbol file LoadedFromMemory is not a mono symbol file
Symbol file data-0000022045639050 doesn't match image D:\github\Sample\HUNJIN\Library\ScriptAssemblies\UnityEditor.TestRunner.dll
Symbol file LoadedFromMemory is not a mono symbol file
Symbol file data-00000221F6FD7B20 doesn't match image D:\github\Sample\HUNJIN\Library\ScriptAssemblies\Unity.2D.IK.Editor.dll
Symbol file LoadedFromMemory is not a mono symbol file
Symbol file data-0000022044DC6010 doesn't match image D:\github\Sample\HUNJIN\Library\ScriptAssemblies\Unity.2D.Sprite.Editor.dll
Symbol file LoadedFromMemory is not a mono symbol file
Symbol file data-0000022047457D20 doesn't match image D:\github\Sample\HUNJIN\Library\ScriptAssemblies\Unity.2D.Psdimporter.Editor.dll
Symbol file LoadedFromMemory is not a mono symbol file
Symbol file data-00000220482E2030 doesn't match image D:\github\Sample\HUNJIN\Library\ScriptAssemblies\Unity.2D.Path.Editor.dll
Symbol file LoadedFromMemory is not a mono symbol file
Symbol file data-00000220467A3440 doesn't match image D:\github\Sample\HUNJIN\Library\ScriptAssemblies\Febucci.TextAnimator.Demo.Editor.dll
Symbol file LoadedFromMemory is not a mono symbol file
Symbol file data-00000220473DB050 doesn't match image D:\github\Sample\HUNJIN\Library\ScriptAssemblies\UnityEditor.UI.dll
Symbol file LoadedFromMemory is not a mono symbol file
Symbol file data-00000220420CB1B0 doesn't match image D:\github\Sample\HUNJIN\Library\ScriptAssemblies\Unity.Rider.Editor.dll
Symbol file LoadedFromMemory is not a mono symbol file
Symbol file data-0000022047457D20 doesn't match image D:\github\Sample\HUNJIN\Library\ScriptAssemblies\Febucci.TextAnimator.Runtime.dll
Symbol file LoadedFromMemory is not a mono symbol file
Symbol file data-0000022040F45A20 doesn't match image D:\github\Sample\HUNJIN\Library\ScriptAssemblies\UnityEngine.UI.dll
Symbol file LoadedFromMemory is not a mono symbol file
Symbol file data-00000220477168F0 doesn't match image D:\github\Sample\HUNJIN\Library\ScriptAssemblies\Unity.InternalAPIEditorBridge.001.dll
Symbol file LoadedFromMemory is not a mono symbol file
Symbol file data-00000220463400B0 doesn't match image D:\github\Sample\HUNJIN\Library\ScriptAssemblies\Unity.Mathematics.dll
Symbol file LoadedFromMemory is not a mono symbol file
Symbol file data-00000220409FE020 doesn't match image D:\github\Sample\HUNJIN\Library\ScriptAssemblies\Unity.2D.IK.Runtime.dll
Symbol file LoadedFromMemory is not a mono symbol file
Symbol file data-000002204B54E070 doesn't match image D:\github\Sample\HUNJIN\Library\ScriptAssemblies\Unity.2D.Animation.Triangle.Runtime.dll
Symbol file LoadedFromMemory is not a mono symbol file
Symbol file data-00000220485BE100 doesn't match image D:\github\Sample\HUNJIN\Library\ScriptAssemblies\Unity.2D.Animation.Runtime.dll
Symbol file LoadedFromMemory is not a mono symbol file
Symbol file data-0000022044FB52E0 doesn't match image D:\github\Sample\HUNJIN\Library\ScriptAssemblies\Unity.2D.PixelPerfect.Editor.dll
Symbol file LoadedFromMemory is not a mono symbol file
Symbol file data-00000220463400B0 doesn't match image D:\github\Sample\HUNJIN\Library\ScriptAssemblies\Unity.Timeline.Editor.dll
Symbol file LoadedFromMemory is not a mono symbol file
Symbol file data-0000022048C95010 doesn't match image D:\github\Sample\HUNJIN\Library\ScriptAssemblies\Unity.CollabProxy.Editor.dll
Symbol file LoadedFromMemory is not a mono symbol file
Symbol file data-0000022045752320 doesn't match image D:\github\Sample\HUNJIN\Library\ScriptAssemblies\Unity.Mathematics.Editor.dll
Symbol file LoadedFromMemory is not a mono symbol file
Symbol file data-000002204051D660 doesn't match image D:\github\Sample\HUNJIN\Library\ScriptAssemblies\Unity.2D.Common.Runtime.dll
Symbol file LoadedFromMemory is not a mono symbol file
Symbol file data-0000022047457D20 doesn't match image D:\github\Sample\HUNJIN\Library\ScriptAssemblies\Unity.2D.SpriteShape.Editor.dll
Symbol file LoadedFromMemory is not a mono symbol file
Symbol file data-00000220417DD750 doesn't match image D:\github\Sample\HUNJIN\Library\ScriptAssemblies\Unity.2D.Common.Editor.dll
Symbol file LoadedFromMemory is not a mono symbol file
Symbol file data-0000022048C95010 doesn't match image D:\github\Sample\HUNJIN\Library\ScriptAssemblies\Unity.2D.SpriteShape.Runtime.dll
Symbol file LoadedFromMemory is not a mono symbol file
Native extension for WindowsStandalone target not found
Refreshing native plugins compatible for Editor in 0.26 ms, found 1 plugins.
Preloading 0 native plugins for Editor in 0.00 ms.
Mono: successfully reloaded assembly
- Completed reload, in  0.459 seconds
Platform modules already initialized, skipping
Switching build target platform(5) subTarget(0) extendedPlatform(0) -> platform(13) subTarget(537395200) extendedPlatform(0)
Refreshing native plugins compatible for Editor in 0.24 ms, found 1 plugins.
Preloading 0 native plugins for Editor in 0.00 ms.
Unloading 1860 Unused Serialized files (Serialized files now loaded: 0)
System memory in use before: 107.2 MB.
System memory in use after: 107.2 MB.

Unloading 14 unused Assets to reduce memory usage. Loaded Objects now: 2407.
Total: 1.525700 ms (FindLiveObjects: 0.318100 ms CreateObjectMapping: 0.054000 ms MarkObjects: 1.071000 ms  DeleteObjects: 0.080400 ms)

AssetImportParameters requested are different than current active one (requested -> active):
  custom:graphics/normal-map-encoding: 01000000000000000000000000000000 -> 02000000000000000000000000000000
========================================================================
Received Prepare
Registering precompiled user dll's ...
Registered in 0.000905 seconds.
Begin MonoManager ReloadAssembly
Symbol file data-00000220445A3060 doesn't match image D:\github\Sample\HUNJIN\Library\ScriptAssemblies\Febucci.TextAnimator.Editor.dll
Symbol file LoadedFromMemory is not a mono symbol file
Symbol file data-0000022040B5F030 doesn't match image D:\github\Sample\HUNJIN\Library\ScriptAssemblies\Unity.2D.Animation.Editor.dll
Symbol file LoadedFromMemory is not a mono symbol file
Symbol file data-0000022047AB10B0 doesn't match image D:\github\Sample\HUNJIN\Library\ScriptAssemblies\Unity.InternalAPIEngineBridge.001.dll
Symbol file LoadedFromMemory is not a mono symbol file
Symbol file data-00000220417DD750 doesn't match image D:\github\Sample\HUNJIN\Library\ScriptAssemblies\Unity.VSCode.Editor.dll
Symbol file LoadedFromMemory is not a mono symbol file
Symbol file data-0000022040467530 doesn't match image D:\github\Sample\HUNJIN\Library\ScriptAssemblies\Febucci.TextAnimator.Demo.Runtime.dll
Symbol file LoadedFromMemory is not a mono symbol file
Symbol file data-0000022048CA0620 doesn't match image D:\github\Sample\HUNJIN\Library\ScriptAssemblies\Unity.2D.PixelPerfect.dll
Symbol file LoadedFromMemory is not a mono symbol file
Symbol file data-00000220404DA030 doesn't match image D:\github\Sample\HUNJIN\Library\ScriptAssemblies\Unity.2D.Tilemap.Editor.dll
Symbol file LoadedFromMemory is not a mono symbol file
Symbol file data-0000022044B72030 doesn't match image D:\github\Sample\HUNJIN\Library\ScriptAssemblies\PsdPlugin.dll
Symbol file LoadedFromMemory is not a mono symbol file
Symbol file data-00000220404DA030 doesn't match image D:\github\Sample\HUNJIN\Library\ScriptAssemblies\Unity.TextMeshPro.Editor.dll
Symbol file LoadedFromMemory is not a mono symbol file
Symbol file data-0000022044546020 doesn't match image D:\github\Sample\HUNJIN\Library\ScriptAssemblies\UnityEngine.TestRunner.dll
Symbol file LoadedFromMemory is not a mono symbol file
Symbol file data-00000220404DA030 doesn't match image D:\github\Sample\HUNJIN\Library\ScriptAssemblies\Unity.Timeline.dll
Symbol file LoadedFromMemory is not a mono symbol file
Symbol file data-00000220452F7BF0 doesn't match image D:\github\Sample\HUNJIN\Library\ScriptAssemblies\Unity.TextMeshPro.dll
Symbol file LoadedFromMemory is not a mono symbol file
Symbol file data-0000022045639050 doesn't match image D:\github\Sample\HUNJIN\Library\ScriptAssemblies\UnityEditor.TestRunner.dll
Symbol file LoadedFromMemory is not a mono symbol file
Symbol file data-00000221F6FD7B20 doesn't match image D:\github\Sample\HUNJIN\Library\ScriptAssemblies\Unity.2D.IK.Editor.dll
Symbol file LoadedFromMemory is not a mono symbol file
Symbol file data-00000220404DA030 doesn't match image D:\github\Sample\HUNJIN\Library\ScriptAssemblies\Unity.2D.Sprite.Editor.dll
Symbol file LoadedFromMemory is not a mono symbol file
Symbol file data-0000022047457D20 doesn't match image D:\github\Sample\HUNJIN\Library\ScriptAssemblies\Unity.2D.Psdimporter.Editor.dll
Symbol file LoadedFromMemory is not a mono symbol file
Symbol file data-00000220482E2030 doesn't match image D:\github\Sample\HUNJIN\Library\ScriptAssemblies\Unity.2D.Path.Editor.dll
Symbol file LoadedFromMemory is not a mono symbol file
Symbol file data-0000022044DD6F70 doesn't match image D:\github\Sample\HUNJIN\Library\ScriptAssemblies\Febucci.TextAnimator.Demo.Editor.dll
Symbol file LoadedFromMemory is not a mono symbol file
Symbol file data-00000220473DB050 doesn't match image D:\github\Sample\HUNJIN\Library\ScriptAssemblies\UnityEditor.UI.dll
Symbol file LoadedFromMemory is not a mono symbol file
Symbol file data-00000220420CB1B0 doesn't match image D:\github\Sample\HUNJIN\Library\ScriptAssemblies\Unity.Rider.Editor.dll
Symbol file LoadedFromMemory is not a mono symbol file
Symbol file data-0000022047457D20 doesn't match image D:\github\Sample\HUNJIN\Library\ScriptAssemblies\Febucci.TextAnimator.Runtime.dll
Symbol file LoadedFromMemory is not a mono symbol file
Symbol file data-0000022040F45A20 doesn't match image D:\github\Sample\HUNJIN\Library\ScriptAssemblies\UnityEngine.UI.dll
Symbol file LoadedFromMemory is not a mono symbol file
Symbol file data-0000022046E52880 doesn't match image D:\github\Sample\HUNJIN\Library\ScriptAssemblies\Unity.InternalAPIEditorBridge.001.dll
Symbol file LoadedFromMemory is not a mono symbol file
Symbol file data-00000220463400B0 doesn't match image D:\github\Sample\HUNJIN\Library\ScriptAssemblies\Unity.Mathematics.dll
Symbol file LoadedFromMemory is not a mono symbol file
Symbol file data-00000220409FE020 doesn't match image D:\github\Sample\HUNJIN\Library\ScriptAssemblies\Unity.2D.IK.Runtime.dll
Symbol file LoadedFromMemory is not a mono symbol file
Symbol file data-000002204B54E070 doesn't match image D:\github\Sample\HUNJIN\Library\ScriptAssemblies\Unity.2D.Animation.Triangle.Runtime.dll
Symbol file LoadedFromMemory is not a mono symbol file
Symbol file data-00000220485BE100 doesn't match image D:\github\Sample\HUNJIN\Library\ScriptAssemblies\Unity.2D.Animation.Runtime.dll
Symbol file LoadedFromMemory is not a mono symbol file
Symbol file data-00000220473AA630 doesn't match image D:\github\Sample\HUNJIN\Library\ScriptAssemblies\Unity.2D.PixelPerfect.Editor.dll
Symbol file LoadedFromMemory is not a mono symbol file
Symbol file data-00000220463400B0 doesn't match image D:\github\Sample\HUNJIN\Library\ScriptAssemblies\Unity.Timeline.Editor.dll
Symbol file LoadedFromMemory is not a mono symbol file
Symbol file data-0000022044546020 doesn't match image D:\github\Sample\HUNJIN\Library\ScriptAssemblies\Unity.CollabProxy.Editor.dll
Symbol file LoadedFromMemory is not a mono symbol file
Symbol file data-00000220463154D0 doesn't match image D:\github\Sample\HUNJIN\Library\ScriptAssemblies\Unity.Mathematics.Editor.dll
Symbol file LoadedFromMemory is not a mono symbol file
Symbol file data-000002204051D4B0 doesn't match image D:\github\Sample\HUNJIN\Library\ScriptAssemblies\Unity.2D.Common.Runtime.dll
Symbol file LoadedFromMemory is not a mono symbol file
Symbol file data-0000022047457D20 doesn't match image D:\github\Sample\HUNJIN\Library\ScriptAssemblies\Unity.2D.SpriteShape.Editor.dll
Symbol file LoadedFromMemory is not a mono symbol file
Symbol file data-00000220417DD750 doesn't match image D:\github\Sample\HUNJIN\Library\ScriptAssemblies\Unity.2D.Common.Editor.dll
Symbol file LoadedFromMemory is not a mono symbol file
Symbol file data-00000220404DA030 doesn't match image D:\github\Sample\HUNJIN\Library\ScriptAssemblies\Unity.2D.SpriteShape.Runtime.dll
Symbol file LoadedFromMemory is not a mono symbol file
Native extension for WindowsStandalone target not found
Refreshing native plugins compatible for Editor in 0.25 ms, found 1 plugins.
Preloading 0 native plugins for Editor in 0.00 ms.
Mono: successfully reloaded assembly
- Completed reload, in  0.439 seconds
Platform modules already initialized, skipping
Switching build target platform(5) subTarget(0) extendedPlatform(0) -> platform(13) subTarget(537395200) extendedPlatform(0)
Refreshing native plugins compatible for Editor in 0.27 ms, found 1 plugins.
Preloading 0 native plugins for Editor in 0.00 ms.
Unloading 1860 Unused Serialized files (Serialized files now loaded: 0)
System memory in use before: 107.2 MB.
System memory in use after: 107.2 MB.

Unloading 14 unused Assets to reduce memory usage. Loaded Objects now: 2410.
Total: 1.285900 ms (FindLiveObjects: 0.131500 ms CreateObjectMapping: 0.023900 ms MarkObjects: 1.050300 ms  DeleteObjects: 0.079200 ms)

AssetImportParameters requested are different than current active one (requested -> active):
  custom:graphics/normal-map-encoding: 01000000000000000000000000000000 -> 02000000000000000000000000000000
========================================================================
Received Import Request.
  Time since last request: 419.625292 seconds.
  path: Packages/com.unity.collab-proxy/Editor/Assets/Styles/BaseChangeListElement.uss
  artifactKey: Guid(1e9148bf9d78e0943aeac7855e43585e) Importer(815301076,1909f56bfc062723c751e8b465ee728b)
Start importing Packages/com.unity.collab-proxy/Editor/Assets/Styles/BaseChangeListElement.uss using Guid(1e9148bf9d78e0943aeac7855e43585e) Importer(815301076,1909f56bfc062723c751e8b465ee728b)  -> (artifact id: '1ffe95da9e2348be745405161fc31a2b') in 0.072100 seconds
  Import took 0.074700 seconds .

========================================================================
Received Import Request.
  Time since last request: 0.000170 seconds.
  path: Packages/com.unity.collab-proxy/Editor/Assets/Layouts/BaseChangeListElement.uxml
  artifactKey: Guid(bef3e204cca87f74199fb125d726b453) Importer(815301076,1909f56bfc062723c751e8b465ee728b)
Start importing Packages/com.unity.collab-proxy/Editor/Assets/Layouts/BaseChangeListElement.uxml using Guid(bef3e204cca87f74199fb125d726b453) Importer(815301076,1909f56bfc062723c751e8b465ee728b)  -> (artifact id: 'a4d5f3ee9d1c44c9d5e888bbec0b9693') in 0.009051 seconds
  Import took 0.010939 seconds .

========================================================================
Received Prepare
Registering precompiled user dll's ...
Registered in 0.000906 seconds.
Begin MonoManager ReloadAssembly
Symbol file data-00000220445A3060 doesn't match image D:\github\Sample\HUNJIN\Library\ScriptAssemblies\Febucci.TextAnimator.Editor.dll
Symbol file LoadedFromMemory is not a mono symbol file
Symbol file data-0000022048756050 doesn't match image D:\github\Sample\HUNJIN\Library\ScriptAssemblies\Unity.2D.Animation.Editor.dll
Symbol file LoadedFromMemory is not a mono symbol file
Symbol file data-000002204513EC90 doesn't match image D:\github\Sample\HUNJIN\Library\ScriptAssemblies\Unity.InternalAPIEngineBridge.001.dll
Symbol file LoadedFromMemory is not a mono symbol file
Symbol file data-00000220417DD750 doesn't match image D:\github\Sample\HUNJIN\Library\ScriptAssemblies\Unity.VSCode.Editor.dll
Symbol file LoadedFromMemory is not a mono symbol file
Symbol file data-00000220409A6720 doesn't match image D:\github\Sample\HUNJIN\Library\ScriptAssemblies\Febucci.TextAnimator.Demo.Runtime.dll
Symbol file LoadedFromMemory is not a mono symbol file
Symbol file data-000002204B5663D0 doesn't match image D:\github\Sample\HUNJIN\Library\ScriptAssemblies\Unity.2D.PixelPerfect.dll
Symbol file LoadedFromMemory is not a mono symbol file
Symbol file data-00000220404DA030 doesn't match image D:\github\Sample\HUNJIN\Library\ScriptAssemblies\Unity.2D.Tilemap.Editor.dll
Symbol file LoadedFromMemory is not a mono symbol file
Symbol file data-0000022044B72030 doesn't match image D:\github\Sample\HUNJIN\Library\ScriptAssemblies\PsdPlugin.dll
Symbol file LoadedFromMemory is not a mono symbol file
Symbol file data-00000220404DA030 doesn't match image D:\github\Sample\HUNJIN\Library\ScriptAssemblies\Unity.TextMeshPro.Editor.dll
Symbol file LoadedFromMemory is not a mono symbol file
Symbol file data-000002204B54E070 doesn't match image D:\github\Sample\HUNJIN\Library\ScriptAssemblies\UnityEngine.TestRunner.dll
Symbol file LoadedFromMemory is not a mono symbol file
Symbol file data-00000220404DA030 doesn't match image D:\github\Sample\HUNJIN\Library\ScriptAssemblies\Unity.Timeline.dll
Symbol file LoadedFromMemory is not a mono symbol file
Symbol file data-00000220452F7BF0 doesn't match image D:\github\Sample\HUNJIN\Library\ScriptAssemblies\Unity.TextMeshPro.dll
Symbol file LoadedFromMemory is not a mono symbol file
Symbol file data-0000022045639050 doesn't match image D:\github\Sample\HUNJIN\Library\ScriptAssemblies\UnityEditor.TestRunner.dll
Symbol file LoadedFromMemory is not a mono symbol file
Symbol file data-00000221F6FD7B20 doesn't match image D:\github\Sample\HUNJIN\Library\ScriptAssemblies\Unity.2D.IK.Editor.dll
Symbol file LoadedFromMemory is not a mono symbol file
Symbol file data-00000220404DA030 doesn't match image D:\github\Sample\HUNJIN\Library\ScriptAssemblies\Unity.2D.Sprite.Editor.dll
Symbol file LoadedFromMemory is not a mono symbol file
Symbol file data-0000022047457D20 doesn't match image D:\github\Sample\HUNJIN\Library\ScriptAssemblies\Unity.2D.Psdimporter.Editor.dll
Symbol file LoadedFromMemory is not a mono symbol file
Symbol file data-00000220490D8010 doesn't match image D:\github\Sample\HUNJIN\Library\ScriptAssemblies\Unity.2D.Path.Editor.dll
Symbol file LoadedFromMemory is not a mono symbol file
Symbol file data-0000022045388160 doesn't match image D:\github\Sample\HUNJIN\Library\ScriptAssemblies\Febucci.TextAnimator.Demo.Editor.dll
Symbol file LoadedFromMemory is not a mono symbol file
Symbol file data-00000220473DB050 doesn't match image D:\github\Sample\HUNJIN\Library\ScriptAssemblies\UnityEditor.UI.dll
Symbol file LoadedFromMemory is not a mono symbol file
Symbol file data-00000220420CB1B0 doesn't match image D:\github\Sample\HUNJIN\Library\ScriptAssemblies\Unity.Rider.Editor.dll
Symbol file LoadedFromMemory is not a mono symbol file
Symbol file data-0000022047457D20 doesn't match image D:\github\Sample\HUNJIN\Library\ScriptAssemblies\Febucci.TextAnimator.Runtime.dll
Symbol file LoadedFromMemory is not a mono symbol file
Symbol file data-0000022040F45A20 doesn't match image D:\github\Sample\HUNJIN\Library\ScriptAssemblies\UnityEngine.UI.dll
Symbol file LoadedFromMemory is not a mono symbol file
Symbol file data-0000022048AC4E30 doesn't match image D:\github\Sample\HUNJIN\Library\ScriptAssemblies\Unity.InternalAPIEditorBridge.001.dll
Symbol file LoadedFromMemory is not a mono symbol file
Symbol file data-00000220463400B0 doesn't match image D:\github\Sample\HUNJIN\Library\ScriptAssemblies\Unity.Mathematics.dll
Symbol file LoadedFromMemory is not a mono symbol file
Symbol file data-0000022044EF5010 doesn't match image D:\github\Sample\HUNJIN\Library\ScriptAssemblies\Unity.2D.IK.Runtime.dll
Symbol file LoadedFromMemory is not a mono symbol file
Symbol file data-0000022040F45A20 doesn't match image D:\github\Sample\HUNJIN\Library\ScriptAssemblies\Unity.2D.Animation.Triangle.Runtime.dll
Symbol file LoadedFromMemory is not a mono symbol file
Symbol file data-0000022045327C20 doesn't match image D:\github\Sample\HUNJIN\Library\ScriptAssemblies\Unity.2D.Animation.Runtime.dll
Symbol file LoadedFromMemory is not a mono symbol file
Symbol file data-00000220454B6C30 doesn't match image D:\github\Sample\HUNJIN\Library\ScriptAssemblies\Unity.2D.PixelPerfect.Editor.dll
Symbol file LoadedFromMemory is not a mono symbol file
Symbol file data-00000220463400B0 doesn't match image D:\github\Sample\HUNJIN\Library\ScriptAssemblies\Unity.Timeline.Editor.dll
Symbol file LoadedFromMemory is not a mono symbol file
Symbol file data-000002204B54E070 doesn't match image D:\github\Sample\HUNJIN\Library\ScriptAssemblies\Unity.CollabProxy.Editor.dll
Symbol file LoadedFromMemory is not a mono symbol file
Symbol file data-00000220489BCE80 doesn't match image D:\github\Sample\HUNJIN\Library\ScriptAssemblies\Unity.Mathematics.Editor.dll
Symbol file LoadedFromMemory is not a mono symbol file
Symbol file data-000002204051DD20 doesn't match image D:\github\Sample\HUNJIN\Library\ScriptAssemblies\Unity.2D.Common.Runtime.dll
Symbol file LoadedFromMemory is not a mono symbol file
Symbol file data-0000022047457D20 doesn't match image D:\github\Sample\HUNJIN\Library\ScriptAssemblies\Unity.2D.SpriteShape.Editor.dll
Symbol file LoadedFromMemory is not a mono symbol file
Symbol file data-00000220417DD750 doesn't match image D:\github\Sample\HUNJIN\Library\ScriptAssemblies\Unity.2D.Common.Editor.dll
Symbol file LoadedFromMemory is not a mono symbol file
Symbol file data-000002204B54E070 doesn't match image D:\github\Sample\HUNJIN\Library\ScriptAssemblies\Unity.2D.SpriteShape.Runtime.dll
Symbol file LoadedFromMemory is not a mono symbol file
Native extension for WindowsStandalone target not found
Refreshing native plugins compatible for Editor in 0.25 ms, found 1 plugins.
Preloading 0 native plugins for Editor in 0.00 ms.
Mono: successfully reloaded assembly
- Completed reload, in  0.456 seconds
Platform modules already initialized, skipping
Switching build target platform(5) subTarget(0) extendedPlatform(0) -> platform(13) subTarget(537395200) extendedPlatform(0)
Refreshing native plugins compatible for Editor in 0.24 ms, found 1 plugins.
Preloading 0 native plugins for Editor in 0.00 ms.
Unloading 1860 Unused Serialized files (Serialized files now loaded: 0)
System memory in use before: 107.2 MB.
System memory in use after: 107.2 MB.

Unloading 14 unused Assets to reduce memory usage. Loaded Objects now: 2413.
Total: 1.310400 ms (FindLiveObjects: 0.116100 ms CreateObjectMapping: 0.024200 ms MarkObjects: 1.082600 ms  DeleteObjects: 0.086700 ms)

AssetImportParameters requested are different than current active one (requested -> active):
  custom:graphics/normal-map-encoding: 01000000000000000000000000000000 -> 02000000000000000000000000000000
========================================================================
Received Prepare
Registering precompiled user dll's ...
Registered in 0.000970 seconds.
Begin MonoManager ReloadAssembly
Symbol file data-00000220445A3060 doesn't match image D:\github\Sample\HUNJIN\Library\ScriptAssemblies\Febucci.TextAnimator.Editor.dll
Symbol file LoadedFromMemory is not a mono symbol file
Symbol file data-0000022048756050 doesn't match image D:\github\Sample\HUNJIN\Library\ScriptAssemblies\Unity.2D.Animation.Editor.dll
Symbol file LoadedFromMemory is not a mono symbol file
Symbol file data-0000022040468AA0 doesn't match image D:\github\Sample\HUNJIN\Library\ScriptAssemblies\Unity.InternalAPIEngineBridge.001.dll
Symbol file LoadedFromMemory is not a mono symbol file
Symbol file data-00000220417DD750 doesn't match image D:\github\Sample\HUNJIN\Library\ScriptAssemblies\Unity.VSCode.Editor.dll
Symbol file LoadedFromMemory is not a mono symbol file
Symbol file data-00000221FBCF3D90 doesn't match image D:\github\Sample\HUNJIN\Library\ScriptAssemblies\Febucci.TextAnimator.Demo.Runtime.dll
Symbol file LoadedFromMemory is not a mono symbol file
Symbol file data-000002204B5663D0 doesn't match image D:\github\Sample\HUNJIN\Library\ScriptAssemblies\Unity.2D.PixelPerfect.dll
Symbol file LoadedFromMemory is not a mono symbol file
Symbol file data-00000220404DA030 doesn't match image D:\github\Sample\HUNJIN\Library\ScriptAssemblies\Unity.2D.Tilemap.Editor.dll
Symbol file LoadedFromMemory is not a mono symbol file
Symbol file data-0000022044B72030 doesn't match image D:\github\Sample\HUNJIN\Library\ScriptAssemblies\PsdPlugin.dll
Symbol file LoadedFromMemory is not a mono symbol file
Symbol file data-00000220404DA030 doesn't match image D:\github\Sample\HUNJIN\Library\ScriptAssemblies\Unity.TextMeshPro.Editor.dll
Symbol file LoadedFromMemory is not a mono symbol file
Symbol file data-000002204B54E070 doesn't match image D:\github\Sample\HUNJIN\Library\ScriptAssemblies\UnityEngine.TestRunner.dll
Symbol file LoadedFromMemory is not a mono symbol file
Symbol file data-00000220404DA030 doesn't match image D:\github\Sample\HUNJIN\Library\ScriptAssemblies\Unity.Timeline.dll
Symbol file LoadedFromMemory is not a mono symbol file
Symbol file data-00000220452F7BF0 doesn't match image D:\github\Sample\HUNJIN\Library\ScriptAssemblies\Unity.TextMeshPro.dll
Symbol file LoadedFromMemory is not a mono symbol file
Symbol file data-0000022045639050 doesn't match image D:\github\Sample\HUNJIN\Library\ScriptAssemblies\UnityEditor.TestRunner.dll
Symbol file LoadedFromMemory is not a mono symbol file
Symbol file data-00000221F6FD7B20 doesn't match image D:\github\Sample\HUNJIN\Library\ScriptAssemblies\Unity.2D.IK.Editor.dll
Symbol file LoadedFromMemory is not a mono symbol file
Symbol file data-00000220404DA030 doesn't match image D:\github\Sample\HUNJIN\Library\ScriptAssemblies\Unity.2D.Sprite.Editor.dll
Symbol file LoadedFromMemory is not a mono symbol file
Symbol file data-00000221FBEAA880 doesn't match image D:\github\Sample\HUNJIN\Library\ScriptAssemblies\Unity.2D.Psdimporter.Editor.dll
Symbol file LoadedFromMemory is not a mono symbol file
Symbol file data-00000220490D8010 doesn't match image D:\github\Sample\HUNJIN\Library\ScriptAssemblies\Unity.2D.Path.Editor.dll
Symbol file LoadedFromMemory is not a mono symbol file
Symbol file data-00000220445CFC90 doesn't match image D:\github\Sample\HUNJIN\Library\ScriptAssemblies\Febucci.TextAnimator.Demo.Editor.dll
Symbol file LoadedFromMemory is not a mono symbol file
Symbol file data-00000221FBEAA880 doesn't match image D:\github\Sample\HUNJIN\Library\ScriptAssemblies\UnityEditor.UI.dll
Symbol file LoadedFromMemory is not a mono symbol file
Symbol file data-00000220420CB1B0 doesn't match image D:\github\Sample\HUNJIN\Library\ScriptAssemblies\Unity.Rider.Editor.dll
Symbol file LoadedFromMemory is not a mono symbol file
Symbol file data-00000221FBEAA880 doesn't match image D:\github\Sample\HUNJIN\Library\ScriptAssemblies\Febucci.TextAnimator.Runtime.dll
Symbol file LoadedFromMemory is not a mono symbol file
Symbol file data-0000022040F45A20 doesn't match image D:\github\Sample\HUNJIN\Library\ScriptAssemblies\UnityEngine.UI.dll
Symbol file LoadedFromMemory is not a mono symbol file
Symbol file data-0000022048E53070 doesn't match image D:\github\Sample\HUNJIN\Library\ScriptAssemblies\Unity.InternalAPIEditorBridge.001.dll
Symbol file LoadedFromMemory is not a mono symbol file
Symbol file data-00000220463400B0 doesn't match image D:\github\Sample\HUNJIN\Library\ScriptAssemblies\Unity.Mathematics.dll
Symbol file LoadedFromMemory is not a mono symbol file
Symbol file data-0000022044EF5010 doesn't match image D:\github\Sample\HUNJIN\Library\ScriptAssemblies\Unity.2D.IK.Runtime.dll
Symbol file LoadedFromMemory is not a mono symbol file
Symbol file data-0000022040F45A20 doesn't match image D:\github\Sample\HUNJIN\Library\ScriptAssemblies\Unity.2D.Animation.Triangle.Runtime.dll
Symbol file LoadedFromMemory is not a mono symbol file
Symbol file data-0000022045327C20 doesn't match image D:\github\Sample\HUNJIN\Library\ScriptAssemblies\Unity.2D.Animation.Runtime.dll
Symbol file LoadedFromMemory is not a mono symbol file
Symbol file data-0000022044CA4900 doesn't match image D:\github\Sample\HUNJIN\Library\ScriptAssemblies\Unity.2D.PixelPerfect.Editor.dll
Symbol file LoadedFromMemory is not a mono symbol file
Symbol file data-000002204B69D010 doesn't match image D:\github\Sample\HUNJIN\Library\ScriptAssemblies\Unity.Timeline.Editor.dll
Symbol file LoadedFromMemory is not a mono symbol file
Symbol file data-000002204B54E070 doesn't match image D:\github\Sample\HUNJIN\Library\ScriptAssemblies\Unity.CollabProxy.Editor.dll
Symbol file LoadedFromMemory is not a mono symbol file
Symbol file data-000002204792F310 doesn't match image D:\github\Sample\HUNJIN\Library\ScriptAssemblies\Unity.Mathematics.Editor.dll
Symbol file LoadedFromMemory is not a mono symbol file
Symbol file data-000002204051CFA0 doesn't match image D:\github\Sample\HUNJIN\Library\ScriptAssemblies\Unity.2D.Common.Runtime.dll
Symbol file LoadedFromMemory is not a mono symbol file
Symbol file data-00000221FBEAA880 doesn't match image D:\github\Sample\HUNJIN\Library\ScriptAssemblies\Unity.2D.SpriteShape.Editor.dll
Symbol file LoadedFromMemory is not a mono symbol file
Symbol file data-00000220417DD750 doesn't match image D:\github\Sample\HUNJIN\Library\ScriptAssemblies\Unity.2D.Common.Editor.dll
Symbol file LoadedFromMemory is not a mono symbol file
Symbol file data-000002204B54E070 doesn't match image D:\github\Sample\HUNJIN\Library\ScriptAssemblies\Unity.2D.SpriteShape.Runtime.dll
Symbol file LoadedFromMemory is not a mono symbol file
Native extension for WindowsStandalone target not found
Refreshing native plugins compatible for Editor in 0.24 ms, found 1 plugins.
Preloading 0 native plugins for Editor in 0.00 ms.
Mono: successfully reloaded assembly
- Completed reload, in  0.432 seconds
Platform modules already initialized, skipping
Switching build target platform(5) subTarget(0) extendedPlatform(0) -> platform(13) subTarget(537395200) extendedPlatform(0)
Refreshing native plugins compatible for Editor in 0.24 ms, found 1 plugins.
Preloading 0 native plugins for Editor in 0.00 ms.
Unloading 1860 Unused Serialized files (Serialized files now loaded: 0)
System memory in use before: 107.2 MB.
System memory in use after: 107.2 MB.

Unloading 14 unused Assets to reduce memory usage. Loaded Objects now: 2416.
Total: 1.477400 ms (FindLiveObjects: 0.144100 ms CreateObjectMapping: 0.027300 ms MarkObjects: 1.222700 ms  DeleteObjects: 0.082800 ms)

AssetImportParameters requested are different than current active one (requested -> active):
  custom:graphics/normal-map-encoding: 01000000000000000000000000000000 -> 02000000000000000000000000000000
========================================================================
Received Prepare
Registering precompiled user dll's ...
Registered in 0.000984 seconds.
Begin MonoManager ReloadAssembly
Symbol file data-00000220445A3060 doesn't match image D:\github\Sample\HUNJIN\Library\ScriptAssemblies\Febucci.TextAnimator.Editor.dll
Symbol file LoadedFromMemory is not a mono symbol file
Symbol file data-0000022040B5F030 doesn't match image D:\github\Sample\HUNJIN\Library\ScriptAssemblies\Unity.2D.Animation.Editor.dll
Symbol file LoadedFromMemory is not a mono symbol file
Symbol file data-00000221FBD738F0 doesn't match image D:\github\Sample\HUNJIN\Library\ScriptAssemblies\Unity.InternalAPIEngineBridge.001.dll
Symbol file LoadedFromMemory is not a mono symbol file
Symbol file data-00000220417DD750 doesn't match image D:\github\Sample\HUNJIN\Library\ScriptAssemblies\Unity.VSCode.Editor.dll
Symbol file LoadedFromMemory is not a mono symbol file
Symbol file data-000002204513C200 doesn't match image D:\github\Sample\HUNJIN\Library\ScriptAssemblies\Febucci.TextAnimator.Demo.Runtime.dll
Symbol file LoadedFromMemory is not a mono symbol file
Symbol file data-0000022048B484A0 doesn't match image D:\github\Sample\HUNJIN\Library\ScriptAssemblies\Unity.2D.PixelPerfect.dll
Symbol file LoadedFromMemory is not a mono symbol file
Symbol file data-0000022045639050 doesn't match image D:\github\Sample\HUNJIN\Library\ScriptAssemblies\Unity.2D.Tilemap.Editor.dll
Symbol file LoadedFromMemory is not a mono symbol file
Symbol file data-000002204878C370 doesn't match image D:\github\Sample\HUNJIN\Library\ScriptAssemblies\PsdPlugin.dll
Symbol file LoadedFromMemory is not a mono symbol file
Symbol file data-0000022045639050 doesn't match image D:\github\Sample\HUNJIN\Library\ScriptAssemblies\Unity.TextMeshPro.Editor.dll
Symbol file LoadedFromMemory is not a mono symbol file
Symbol file data-000002204878C370 doesn't match image D:\github\Sample\HUNJIN\Library\ScriptAssemblies\UnityEngine.TestRunner.dll
Symbol file LoadedFromMemory is not a mono symbol file
Symbol file data-0000022045639050 doesn't match image D:\github\Sample\HUNJIN\Library\ScriptAssemblies\Unity.Timeline.dll
Symbol file LoadedFromMemory is not a mono symbol file
Symbol file data-00000220490D8010 doesn't match image D:\github\Sample\HUNJIN\Library\ScriptAssemblies\Unity.TextMeshPro.dll
Symbol file LoadedFromMemory is not a mono symbol file
Symbol file data-0000022045639050 doesn't match image D:\github\Sample\HUNJIN\Library\ScriptAssemblies\UnityEditor.TestRunner.dll
Symbol file LoadedFromMemory is not a mono symbol file
Symbol file data-0000022041DDC830 doesn't match image D:\github\Sample\HUNJIN\Library\ScriptAssemblies\Unity.2D.IK.Editor.dll
Symbol file LoadedFromMemory is not a mono symbol file
Symbol file data-0000022045639050 doesn't match image D:\github\Sample\HUNJIN\Library\ScriptAssemblies\Unity.2D.Sprite.Editor.dll
Symbol file LoadedFromMemory is not a mono symbol file
Symbol file data-0000022047457D20 doesn't match image D:\github\Sample\HUNJIN\Library\ScriptAssemblies\Unity.2D.Psdimporter.Editor.dll
Symbol file LoadedFromMemory is not a mono symbol file
Symbol file data-00000220482E2030 doesn't match image D:\github\Sample\HUNJIN\Library\ScriptAssemblies\Unity.2D.Path.Editor.dll
Symbol file LoadedFromMemory is not a mono symbol file
Symbol file data-00000220404E8C70 doesn't match image D:\github\Sample\HUNJIN\Library\ScriptAssemblies\Febucci.TextAnimator.Demo.Editor.dll
Symbol file LoadedFromMemory is not a mono symbol file
Symbol file data-00000220473DB050 doesn't match image D:\github\Sample\HUNJIN\Library\ScriptAssemblies\UnityEditor.UI.dll
Symbol file LoadedFromMemory is not a mono symbol file
Symbol file data-00000220420CB1B0 doesn't match image D:\github\Sample\HUNJIN\Library\ScriptAssemblies\Unity.Rider.Editor.dll
Symbol file LoadedFromMemory is not a mono symbol file
Symbol file data-0000022047457D20 doesn't match image D:\github\Sample\HUNJIN\Library\ScriptAssemblies\Febucci.TextAnimator.Runtime.dll
Symbol file LoadedFromMemory is not a mono symbol file
Symbol file data-0000022040F45A20 doesn't match image D:\github\Sample\HUNJIN\Library\ScriptAssemblies\UnityEngine.UI.dll
Symbol file LoadedFromMemory is not a mono symbol file
Symbol file data-0000022048043930 doesn't match image D:\github\Sample\HUNJIN\Library\ScriptAssemblies\Unity.InternalAPIEditorBridge.001.dll
Symbol file LoadedFromMemory is not a mono symbol file
Symbol file data-000002204B8170B0 doesn't match image D:\github\Sample\HUNJIN\Library\ScriptAssemblies\Unity.Mathematics.dll
Symbol file LoadedFromMemory is not a mono symbol file
Symbol file data-00000220487820A0 doesn't match image D:\github\Sample\HUNJIN\Library\ScriptAssemblies\Unity.2D.IK.Runtime.dll
Symbol file LoadedFromMemory is not a mono symbol file
Symbol file data-0000022040F45A20 doesn't match image D:\github\Sample\HUNJIN\Library\ScriptAssemblies\Unity.2D.Animation.Triangle.Runtime.dll
Symbol file LoadedFromMemory is not a mono symbol file
Symbol file data-0000022045327C20 doesn't match image D:\github\Sample\HUNJIN\Library\ScriptAssemblies\Unity.2D.Animation.Runtime.dll
Symbol file LoadedFromMemory is not a mono symbol file
Symbol file data-000002204686D350 doesn't match image D:\github\Sample\HUNJIN\Library\ScriptAssemblies\Unity.2D.PixelPerfect.Editor.dll
Symbol file LoadedFromMemory is not a mono symbol file
Symbol file data-000002204B8170B0 doesn't match image D:\github\Sample\HUNJIN\Library\ScriptAssemblies\Unity.Timeline.Editor.dll
Symbol file LoadedFromMemory is not a mono symbol file
Symbol file data-000002204855A090 doesn't match image D:\github\Sample\HUNJIN\Library\ScriptAssemblies\Unity.CollabProxy.Editor.dll
Symbol file LoadedFromMemory is not a mono symbol file
Symbol file data-00000220486003F0 doesn't match image D:\github\Sample\HUNJIN\Library\ScriptAssemblies\Unity.Mathematics.Editor.dll
Symbol file LoadedFromMemory is not a mono symbol file
Symbol file data-000002204051CA90 doesn't match image D:\github\Sample\HUNJIN\Library\ScriptAssemblies\Unity.2D.Common.Runtime.dll
Symbol file LoadedFromMemory is not a mono symbol file
Symbol file data-0000022047457D20 doesn't match image D:\github\Sample\HUNJIN\Library\ScriptAssemblies\Unity.2D.SpriteShape.Editor.dll
Symbol file LoadedFromMemory is not a mono symbol file
Symbol file data-00000220417DD750 doesn't match image D:\github\Sample\HUNJIN\Library\ScriptAssemblies\Unity.2D.Common.Editor.dll
Symbol file LoadedFromMemory is not a mono symbol file
Symbol file data-000002204855A090 doesn't match image D:\github\Sample\HUNJIN\Library\ScriptAssemblies\Unity.2D.SpriteShape.Runtime.dll
Symbol file LoadedFromMemory is not a mono symbol file
Native extension for WindowsStandalone target not found
Refreshing native plugins compatible for Editor in 0.23 ms, found 1 plugins.
Preloading 0 native plugins for Editor in 0.00 ms.
Mono: successfully reloaded assembly
- Completed reload, in  0.451 seconds
Platform modules already initialized, skipping
Switching build target platform(5) subTarget(0) extendedPlatform(0) -> platform(13) subTarget(537395200) extendedPlatform(0)
Refreshing native plugins compatible for Editor in 0.25 ms, found 1 plugins.
Preloading 0 native plugins for Editor in 0.00 ms.
Unloading 1860 Unused Serialized files (Serialized files now loaded: 0)
System memory in use before: 107.2 MB.
System memory in use after: 107.2 MB.

Unloading 14 unused Assets to reduce memory usage. Loaded Objects now: 2419.
Total: 1.241300 ms (FindLiveObjects: 0.158900 ms CreateObjectMapping: 0.023700 ms MarkObjects: 0.975500 ms  DeleteObjects: 0.082000 ms)

AssetImportParameters requested are different than current active one (requested -> active):
  custom:graphics/normal-map-encoding: 01000000000000000000000000000000 -> 02000000000000000000000000000000
========================================================================
Received Prepare
Registering precompiled user dll's ...
Registered in 0.000963 seconds.
Begin MonoManager ReloadAssembly
Symbol file data-00000220445A3060 doesn't match image D:\github\Sample\HUNJIN\Library\ScriptAssemblies\Febucci.TextAnimator.Editor.dll
Symbol file LoadedFromMemory is not a mono symbol file
Symbol file data-0000022040B5F030 doesn't match image D:\github\Sample\HUNJIN\Library\ScriptAssemblies\Unity.2D.Animation.Editor.dll
Symbol file LoadedFromMemory is not a mono symbol file
Symbol file data-0000022044FCFEB0 doesn't match image D:\github\Sample\HUNJIN\Library\ScriptAssemblies\Unity.InternalAPIEngineBridge.001.dll
Symbol file LoadedFromMemory is not a mono symbol file
Symbol file data-00000220417DD750 doesn't match image D:\github\Sample\HUNJIN\Library\ScriptAssemblies\Unity.VSCode.Editor.dll
Symbol file LoadedFromMemory is not a mono symbol file
Symbol file data-0000022047E62080 doesn't match image D:\github\Sample\HUNJIN\Library\ScriptAssemblies\Febucci.TextAnimator.Demo.Runtime.dll
Symbol file LoadedFromMemory is not a mono symbol file
Symbol file data-000002204519D010 doesn't match image D:\github\Sample\HUNJIN\Library\ScriptAssemblies\Unity.2D.PixelPerfect.dll
Symbol file LoadedFromMemory is not a mono symbol file
Symbol file data-000002204B4A0090 doesn't match image D:\github\Sample\HUNJIN\Library\ScriptAssemblies\Unity.2D.Tilemap.Editor.dll
Symbol file LoadedFromMemory is not a mono symbol file
Symbol file data-0000022048C49010 doesn't match image D:\github\Sample\HUNJIN\Library\ScriptAssemblies\PsdPlugin.dll
Symbol file LoadedFromMemory is not a mono symbol file
Symbol file data-000002204B4A0090 doesn't match image D:\github\Sample\HUNJIN\Library\ScriptAssemblies\Unity.TextMeshPro.Editor.dll
Symbol file LoadedFromMemory is not a mono symbol file
Symbol file data-0000022048C49010 doesn't match image D:\github\Sample\HUNJIN\Library\ScriptAssemblies\UnityEngine.TestRunner.dll
Symbol file LoadedFromMemory is not a mono symbol file
Symbol file data-000002204B4A0090 doesn't match image D:\github\Sample\HUNJIN\Library\ScriptAssemblies\Unity.Timeline.dll
Symbol file LoadedFromMemory is not a mono symbol file
Symbol file data-00000220490D8010 doesn't match image D:\github\Sample\HUNJIN\Library\ScriptAssemblies\Unity.TextMeshPro.dll
Symbol file LoadedFromMemory is not a mono symbol file
Symbol file data-0000022045639050 doesn't match image D:\github\Sample\HUNJIN\Library\ScriptAssemblies\UnityEditor.TestRunner.dll
Symbol file LoadedFromMemory is not a mono symbol file
Symbol file data-0000022041DDC830 doesn't match image D:\github\Sample\HUNJIN\Library\ScriptAssemblies\Unity.2D.IK.Editor.dll
Symbol file LoadedFromMemory is not a mono symbol file
Symbol file data-000002204B4A0090 doesn't match image D:\github\Sample\HUNJIN\Library\ScriptAssemblies\Unity.2D.Sprite.Editor.dll
Symbol file LoadedFromMemory is not a mono symbol file
Symbol file data-0000022047457D20 doesn't match image D:\github\Sample\HUNJIN\Library\ScriptAssemblies\Unity.2D.Psdimporter.Editor.dll
Symbol file LoadedFromMemory is not a mono symbol file
Symbol file data-00000220482E2030 doesn't match image D:\github\Sample\HUNJIN\Library\ScriptAssemblies\Unity.2D.Path.Editor.dll
Symbol file LoadedFromMemory is not a mono symbol file
Symbol file data-0000022045390490 doesn't match image D:\github\Sample\HUNJIN\Library\ScriptAssemblies\Febucci.TextAnimator.Demo.Editor.dll
Symbol file LoadedFromMemory is not a mono symbol file
Symbol file data-0000022047457D20 doesn't match image D:\github\Sample\HUNJIN\Library\ScriptAssemblies\UnityEditor.UI.dll
Symbol file LoadedFromMemory is not a mono symbol file
Symbol file data-00000220420CB1B0 doesn't match image D:\github\Sample\HUNJIN\Library\ScriptAssemblies\Unity.Rider.Editor.dll
Symbol file LoadedFromMemory is not a mono symbol file
Symbol file data-0000022047457D20 doesn't match image D:\github\Sample\HUNJIN\Library\ScriptAssemblies\Febucci.TextAnimator.Runtime.dll
Symbol file LoadedFromMemory is not a mono symbol file
Symbol file data-0000022040F45A20 doesn't match image D:\github\Sample\HUNJIN\Library\ScriptAssemblies\UnityEngine.UI.dll
Symbol file LoadedFromMemory is not a mono symbol file
Symbol file data-00000220415648F0 doesn't match image D:\github\Sample\HUNJIN\Library\ScriptAssemblies\Unity.InternalAPIEditorBridge.001.dll
Symbol file LoadedFromMemory is not a mono symbol file
Symbol file data-000002204B8170B0 doesn't match image D:\github\Sample\HUNJIN\Library\ScriptAssemblies\Unity.Mathematics.dll
Symbol file LoadedFromMemory is not a mono symbol file
Symbol file data-00000220409FE020 doesn't match image D:\github\Sample\HUNJIN\Library\ScriptAssemblies\Unity.2D.IK.Runtime.dll
Symbol file LoadedFromMemory is not a mono symbol file
Symbol file data-0000022040F45A20 doesn't match image D:\github\Sample\HUNJIN\Library\ScriptAssemblies\Unity.2D.Animation.Triangle.Runtime.dll
Symbol file LoadedFromMemory is not a mono symbol file
Symbol file data-0000022045327C20 doesn't match image D:\github\Sample\HUNJIN\Library\ScriptAssemblies\Unity.2D.Animation.Runtime.dll
Symbol file LoadedFromMemory is not a mono symbol file
Symbol file data-000002204856B5B0 doesn't match image D:\github\Sample\HUNJIN\Library\ScriptAssemblies\Unity.2D.PixelPerfect.Editor.dll
Symbol file LoadedFromMemory is not a mono symbol file
Symbol file data-000002204B8170B0 doesn't match image D:\github\Sample\HUNJIN\Library\ScriptAssemblies\Unity.Timeline.Editor.dll
Symbol file LoadedFromMemory is not a mono symbol file
Symbol file data-000002204B54E070 doesn't match image D:\github\Sample\HUNJIN\Library\ScriptAssemblies\Unity.CollabProxy.Editor.dll
Symbol file LoadedFromMemory is not a mono symbol file
Symbol file data-0000022048E5F6D0 doesn't match image D:\github\Sample\HUNJIN\Library\ScriptAssemblies\Unity.Mathematics.Editor.dll
Symbol file LoadedFromMemory is not a mono symbol file
Symbol file data-000002204051D150 doesn't match image D:\github\Sample\HUNJIN\Library\ScriptAssemblies\Unity.2D.Common.Runtime.dll
Symbol file LoadedFromMemory is not a mono symbol file
Symbol file data-0000022047457D20 doesn't match image D:\github\Sample\HUNJIN\Library\ScriptAssemblies\Unity.2D.SpriteShape.Editor.dll
Symbol file LoadedFromMemory is not a mono symbol file
Symbol file data-00000220417DD750 doesn't match image D:\github\Sample\HUNJIN\Library\ScriptAssemblies\Unity.2D.Common.Editor.dll
Symbol file LoadedFromMemory is not a mono symbol file
Symbol file data-000002204B54E070 doesn't match image D:\github\Sample\HUNJIN\Library\ScriptAssemblies\Unity.2D.SpriteShape.Runtime.dll
Symbol file LoadedFromMemory is not a mono symbol file
Native extension for WindowsStandalone target not found
Refreshing native plugins compatible for Editor in 0.27 ms, found 1 plugins.
Preloading 0 native plugins for Editor in 0.00 ms.
Mono: successfully reloaded assembly
- Completed reload, in  0.442 seconds
Platform modules already initialized, skipping
Switching build target platform(5) subTarget(0) extendedPlatform(0) -> platform(13) subTarget(537395200) extendedPlatform(0)
Refreshing native plugins compatible for Editor in 0.26 ms, found 1 plugins.
Preloading 0 native plugins for Editor in 0.00 ms.
Unloading 1860 Unused Serialized files (Serialized files now loaded: 0)
System memory in use before: 107.2 MB.
System memory in use after: 107.2 MB.

Unloading 14 unused Assets to reduce memory usage. Loaded Objects now: 2422.
Total: 1.556800 ms (FindLiveObjects: 0.175000 ms CreateObjectMapping: 0.027900 ms MarkObjects: 1.275900 ms  DeleteObjects: 0.076700 ms)

AssetImportParameters requested are different than current active one (requested -> active):
  custom:graphics/normal-map-encoding: 01000000000000000000000000000000 -> 02000000000000000000000000000000
========================================================================
Received Prepare
Registering precompiled user dll's ...
Registered in 0.002154 seconds.
Begin MonoManager ReloadAssembly
Symbol file data-00000220445A3060 doesn't match image D:\github\Sample\HUNJIN\Library\ScriptAssemblies\Febucci.TextAnimator.Editor.dll
Symbol file LoadedFromMemory is not a mono symbol file
Symbol file data-0000022040B5F030 doesn't match image D:\github\Sample\HUNJIN\Library\ScriptAssemblies\Unity.2D.Animation.Editor.dll
Symbol file LoadedFromMemory is not a mono symbol file
Symbol file data-0000022047C32090 doesn't match image D:\github\Sample\HUNJIN\Library\ScriptAssemblies\Unity.InternalAPIEngineBridge.001.dll
Symbol file LoadedFromMemory is not a mono symbol file
Symbol file data-00000220417DD750 doesn't match image D:\github\Sample\HUNJIN\Library\ScriptAssemblies\Unity.VSCode.Editor.dll
Symbol file LoadedFromMemory is not a mono symbol file
Symbol file data-0000022044EC9140 doesn't match image D:\github\Sample\HUNJIN\Library\ScriptAssemblies\Febucci.TextAnimator.Demo.Runtime.dll
Symbol file LoadedFromMemory is not a mono symbol file
Symbol file data-000002204B5663D0 doesn't match image D:\github\Sample\HUNJIN\Library\ScriptAssemblies\Unity.2D.PixelPerfect.dll
Symbol file LoadedFromMemory is not a mono symbol file
Symbol file data-000002204B4A0090 doesn't match image D:\github\Sample\HUNJIN\Library\ScriptAssemblies\Unity.2D.Tilemap.Editor.dll
Symbol file LoadedFromMemory is not a mono symbol file
Symbol file data-000002204B8990A0 doesn't match image D:\github\Sample\HUNJIN\Library\ScriptAssemblies\PsdPlugin.dll
Symbol file LoadedFromMemory is not a mono symbol file
Symbol file data-000002204B4A0090 doesn't match image D:\github\Sample\HUNJIN\Library\ScriptAssemblies\Unity.TextMeshPro.Editor.dll
Symbol file LoadedFromMemory is not a mono symbol file
Symbol file data-0000022048C49010 doesn't match image D:\github\Sample\HUNJIN\Library\ScriptAssemblies\UnityEngine.TestRunner.dll
Symbol file LoadedFromMemory is not a mono symbol file
Symbol file data-000002204B4A0090 doesn't match image D:\github\Sample\HUNJIN\Library\ScriptAssemblies\Unity.Timeline.dll
Symbol file LoadedFromMemory is not a mono symbol file
Symbol file data-00000220452F7BF0 doesn't match image D:\github\Sample\HUNJIN\Library\ScriptAssemblies\Unity.TextMeshPro.dll
Symbol file LoadedFromMemory is not a mono symbol file
Symbol file data-0000022045639050 doesn't match image D:\github\Sample\HUNJIN\Library\ScriptAssemblies\UnityEditor.TestRunner.dll
Symbol file LoadedFromMemory is not a mono symbol file
Symbol file data-00000220417DD750 doesn't match image D:\github\Sample\HUNJIN\Library\ScriptAssemblies\Unity.2D.IK.Editor.dll
Symbol file LoadedFromMemory is not a mono symbol file
Symbol file data-000002204B4A0090 doesn't match image D:\github\Sample\HUNJIN\Library\ScriptAssemblies\Unity.2D.Sprite.Editor.dll
Symbol file LoadedFromMemory is not a mono symbol file
Symbol file data-00000221FBEAA880 doesn't match image D:\github\Sample\HUNJIN\Library\ScriptAssemblies\Unity.2D.Psdimporter.Editor.dll
Symbol file LoadedFromMemory is not a mono symbol file
Symbol file data-00000220482E2030 doesn't match image D:\github\Sample\HUNJIN\Library\ScriptAssemblies\Unity.2D.Path.Editor.dll
Symbol file LoadedFromMemory is not a mono symbol file
Symbol file data-000002204513D700 doesn't match image D:\github\Sample\HUNJIN\Library\ScriptAssemblies\Febucci.TextAnimator.Demo.Editor.dll
Symbol file LoadedFromMemory is not a mono symbol file
Symbol file data-00000221FBEAA880 doesn't match image D:\github\Sample\HUNJIN\Library\ScriptAssemblies\UnityEditor.UI.dll
Symbol file LoadedFromMemory is not a mono symbol file
Symbol file data-0000022048B44110 doesn't match image D:\github\Sample\HUNJIN\Library\ScriptAssemblies\Unity.Rider.Editor.dll
Symbol file LoadedFromMemory is not a mono symbol file
Symbol file data-00000221FBEAA880 doesn't match image D:\github\Sample\HUNJIN\Library\ScriptAssemblies\Febucci.TextAnimator.Runtime.dll
Symbol file LoadedFromMemory is not a mono symbol file
Symbol file data-0000022040F45A20 doesn't match image D:\github\Sample\HUNJIN\Library\ScriptAssemblies\UnityEngine.UI.dll
Symbol file LoadedFromMemory is not a mono symbol file
Symbol file data-0000022048C027E0 doesn't match image D:\github\Sample\HUNJIN\Library\ScriptAssemblies\Unity.InternalAPIEditorBridge.001.dll
Symbol file LoadedFromMemory is not a mono symbol file
Symbol file data-00000220463400B0 doesn't match image D:\github\Sample\HUNJIN\Library\ScriptAssemblies\Unity.Mathematics.dll
Symbol file LoadedFromMemory is not a mono symbol file
Symbol file data-0000022044EF5010 doesn't match image D:\github\Sample\HUNJIN\Library\ScriptAssemblies\Unity.2D.IK.Runtime.dll
Symbol file LoadedFromMemory is not a mono symbol file
Symbol file data-0000022048B100D0 doesn't match image D:\github\Sample\HUNJIN\Library\ScriptAssemblies\Unity.2D.Animation.Triangle.Runtime.dll
Symbol file LoadedFromMemory is not a mono symbol file
Symbol file data-0000022045327C20 doesn't match image D:\github\Sample\HUNJIN\Library\ScriptAssemblies\Unity.2D.Animation.Runtime.dll
Symbol file LoadedFromMemory is not a mono symbol file
Symbol file data-0000022048567640 doesn't match image D:\github\Sample\HUNJIN\Library\ScriptAssemblies\Unity.2D.PixelPerfect.Editor.dll
Symbol file LoadedFromMemory is not a mono symbol file
Symbol file data-00000220463400B0 doesn't match image D:\github\Sample\HUNJIN\Library\ScriptAssemblies\Unity.Timeline.Editor.dll
Symbol file LoadedFromMemory is not a mono symbol file
Symbol file data-000002204855A090 doesn't match image D:\github\Sample\HUNJIN\Library\ScriptAssemblies\Unity.CollabProxy.Editor.dll
Symbol file LoadedFromMemory is not a mono symbol file
Symbol file data-0000022046E51260 doesn't match image D:\github\Sample\HUNJIN\Library\ScriptAssemblies\Unity.Mathematics.Editor.dll
Symbol file LoadedFromMemory is not a mono symbol file
Symbol file data-000002204051C3D0 doesn't match image D:\github\Sample\HUNJIN\Library\ScriptAssemblies\Unity.2D.Common.Runtime.dll
Symbol file LoadedFromMemory is not a mono symbol file
Symbol file data-00000221FBEAA880 doesn't match image D:\github\Sample\HUNJIN\Library\ScriptAssemblies\Unity.2D.SpriteShape.Editor.dll
Symbol file LoadedFromMemory is not a mono symbol file
Symbol file data-00000220417DD750 doesn't match image D:\github\Sample\HUNJIN\Library\ScriptAssemblies\Unity.2D.Common.Editor.dll
Symbol file LoadedFromMemory is not a mono symbol file
Symbol file data-000002204855A090 doesn't match image D:\github\Sample\HUNJIN\Library\ScriptAssemblies\Unity.2D.SpriteShape.Runtime.dll
Symbol file LoadedFromMemory is not a mono symbol file
Native extension for WindowsStandalone target not found
Refreshing native plugins compatible for Editor in 0.27 ms, found 1 plugins.
Preloading 0 native plugins for Editor in 0.00 ms.
Mono: successfully reloaded assembly
- Completed reload, in  0.456 seconds
Platform modules already initialized, skipping
Switching build target platform(5) subTarget(0) extendedPlatform(0) -> platform(13) subTarget(537395200) extendedPlatform(0)
Refreshing native plugins compatible for Editor in 0.27 ms, found 1 plugins.
Preloading 0 native plugins for Editor in 0.00 ms.
Unloading 1860 Unused Serialized files (Serialized files now loaded: 0)
System memory in use before: 107.2 MB.
System memory in use after: 107.2 MB.

Unloading 14 unused Assets to reduce memory usage. Loaded Objects now: 2425.
Total: 1.239600 ms (FindLiveObjects: 0.125200 ms CreateObjectMapping: 0.024000 ms MarkObjects: 1.009400 ms  DeleteObjects: 0.080100 ms)

AssetImportParameters requested are different than current active one (requested -> active):
  custom:graphics/normal-map-encoding: 01000000000000000000000000000000 -> 02000000000000000000000000000000
========================================================================
Received Prepare
Registering precompiled user dll's ...
Registered in 0.000911 seconds.
Begin MonoManager ReloadAssembly
Symbol file data-00000220445A3060 doesn't match image D:\github\Sample\HUNJIN\Library\ScriptAssemblies\Febucci.TextAnimator.Editor.dll
Symbol file LoadedFromMemory is not a mono symbol file
Symbol file data-0000022040B5F030 doesn't match image D:\github\Sample\HUNJIN\Library\ScriptAssemblies\Unity.2D.Animation.Editor.dll
Symbol file LoadedFromMemory is not a mono symbol file
Symbol file data-0000022044FCF430 doesn't match image D:\github\Sample\HUNJIN\Library\ScriptAssemblies\Unity.InternalAPIEngineBridge.001.dll
Symbol file LoadedFromMemory is not a mono symbol file
Symbol file data-00000220417DD750 doesn't match image D:\github\Sample\HUNJIN\Library\ScriptAssemblies\Unity.VSCode.Editor.dll
Symbol file LoadedFromMemory is not a mono symbol file
Symbol file data-000002204513C200 doesn't match image D:\github\Sample\HUNJIN\Library\ScriptAssemblies\Febucci.TextAnimator.Demo.Runtime.dll
Symbol file LoadedFromMemory is not a mono symbol file
Symbol file data-000002204B5663D0 doesn't match image D:\github\Sample\HUNJIN\Library\ScriptAssemblies\Unity.2D.PixelPerfect.dll
Symbol file LoadedFromMemory is not a mono symbol file
Symbol file data-0000022044AE51C0 doesn't match image D:\github\Sample\HUNJIN\Library\ScriptAssemblies\Unity.2D.Tilemap.Editor.dll
Symbol file LoadedFromMemory is not a mono symbol file
Symbol file data-0000022048C49010 doesn't match image D:\github\Sample\HUNJIN\Library\ScriptAssemblies\PsdPlugin.dll
Symbol file LoadedFromMemory is not a mono symbol file
Symbol file data-0000022044AE51C0 doesn't match image D:\github\Sample\HUNJIN\Library\ScriptAssemblies\Unity.TextMeshPro.Editor.dll
Symbol file LoadedFromMemory is not a mono symbol file
Symbol file data-0000022048C49010 doesn't match image D:\github\Sample\HUNJIN\Library\ScriptAssemblies\UnityEngine.TestRunner.dll
Symbol file LoadedFromMemory is not a mono symbol file
Symbol file data-0000022044AE51C0 doesn't match image D:\github\Sample\HUNJIN\Library\ScriptAssemblies\Unity.Timeline.dll
Symbol file LoadedFromMemory is not a mono symbol file
Symbol file data-00000220452F7BF0 doesn't match image D:\github\Sample\HUNJIN\Library\ScriptAssemblies\Unity.TextMeshPro.dll
Symbol file LoadedFromMemory is not a mono symbol file
Symbol file data-0000022045639050 doesn't match image D:\github\Sample\HUNJIN\Library\ScriptAssemblies\UnityEditor.TestRunner.dll
Symbol file LoadedFromMemory is not a mono symbol file
Symbol file data-00000220417DD750 doesn't match image D:\github\Sample\HUNJIN\Library\ScriptAssemblies\Unity.2D.IK.Editor.dll
Symbol file LoadedFromMemory is not a mono symbol file
Symbol file data-0000022044AE51C0 doesn't match image D:\github\Sample\HUNJIN\Library\ScriptAssemblies\Unity.2D.Sprite.Editor.dll
Symbol file LoadedFromMemory is not a mono symbol file
Symbol file data-00000221FBEAA880 doesn't match image D:\github\Sample\HUNJIN\Library\ScriptAssemblies\Unity.2D.Psdimporter.Editor.dll
Symbol file LoadedFromMemory is not a mono symbol file
Symbol file data-00000220482E2030 doesn't match image D:\github\Sample\HUNJIN\Library\ScriptAssemblies\Unity.2D.Path.Editor.dll
Symbol file LoadedFromMemory is not a mono symbol file
Symbol file data-0000022044638690 doesn't match image D:\github\Sample\HUNJIN\Library\ScriptAssemblies\Febucci.TextAnimator.Demo.Editor.dll
Symbol file LoadedFromMemory is not a mono symbol file
Symbol file data-00000221FBEAA880 doesn't match image D:\github\Sample\HUNJIN\Library\ScriptAssemblies\UnityEditor.UI.dll
Symbol file LoadedFromMemory is not a mono symbol file
Symbol file data-0000022048B44110 doesn't match image D:\github\Sample\HUNJIN\Library\ScriptAssemblies\Unity.Rider.Editor.dll
Symbol file LoadedFromMemory is not a mono symbol file
Symbol file data-00000221FBEAA880 doesn't match image D:\github\Sample\HUNJIN\Library\ScriptAssemblies\Febucci.TextAnimator.Runtime.dll
Symbol file LoadedFromMemory is not a mono symbol file
Symbol file data-0000022040F45A20 doesn't match image D:\github\Sample\HUNJIN\Library\ScriptAssemblies\UnityEngine.UI.dll
Symbol file LoadedFromMemory is not a mono symbol file
Symbol file data-0000022048BEC680 doesn't match image D:\github\Sample\HUNJIN\Library\ScriptAssemblies\Unity.InternalAPIEditorBridge.001.dll
Symbol file LoadedFromMemory is not a mono symbol file
Symbol file data-00000220463400B0 doesn't match image D:\github\Sample\HUNJIN\Library\ScriptAssemblies\Unity.Mathematics.dll
Symbol file LoadedFromMemory is not a mono symbol file
Symbol file data-0000022044EF5010 doesn't match image D:\github\Sample\HUNJIN\Library\ScriptAssemblies\Unity.2D.IK.Runtime.dll
Symbol file LoadedFromMemory is not a mono symbol file
Symbol file data-0000022048B100D0 doesn't match image D:\github\Sample\HUNJIN\Library\ScriptAssemblies\Unity.2D.Animation.Triangle.Runtime.dll
Symbol file LoadedFromMemory is not a mono symbol file
Symbol file data-0000022045327C20 doesn't match image D:\github\Sample\HUNJIN\Library\ScriptAssemblies\Unity.2D.Animation.Runtime.dll
Symbol file LoadedFromMemory is not a mono symbol file
Symbol file data-0000022044A96340 doesn't match image D:\github\Sample\HUNJIN\Library\ScriptAssemblies\Unity.2D.PixelPerfect.Editor.dll
Symbol file LoadedFromMemory is not a mono symbol file
Symbol file data-00000220463400B0 doesn't match image D:\github\Sample\HUNJIN\Library\ScriptAssemblies\Unity.Timeline.Editor.dll
Symbol file LoadedFromMemory is not a mono symbol file
Symbol file data-000002204B54E070 doesn't match image D:\github\Sample\HUNJIN\Library\ScriptAssemblies\Unity.CollabProxy.Editor.dll
Symbol file LoadedFromMemory is not a mono symbol file
Symbol file data-000002204B536EA0 doesn't match image D:\github\Sample\HUNJIN\Library\ScriptAssemblies\Unity.Mathematics.Editor.dll
Symbol file LoadedFromMemory is not a mono symbol file
Symbol file data-000002204051D4B0 doesn't match image D:\github\Sample\HUNJIN\Library\ScriptAssemblies\Unity.2D.Common.Runtime.dll
Symbol file LoadedFromMemory is not a mono symbol file
Symbol file data-00000221FBEAA880 doesn't match image D:\github\Sample\HUNJIN\Library\ScriptAssemblies\Unity.2D.SpriteShape.Editor.dll
Symbol file LoadedFromMemory is not a mono symbol file
Symbol file data-00000220417DD750 doesn't match image D:\github\Sample\HUNJIN\Library\ScriptAssemblies\Unity.2D.Common.Editor.dll
Symbol file LoadedFromMemory is not a mono symbol file
Symbol file data-000002204B54E070 doesn't match image D:\github\Sample\HUNJIN\Library\ScriptAssemblies\Unity.2D.SpriteShape.Runtime.dll
Symbol file LoadedFromMemory is not a mono symbol file
Native extension for WindowsStandalone target not found
Refreshing native plugins compatible for Editor in 0.31 ms, found 1 plugins.
Preloading 0 native plugins for Editor in 0.00 ms.
Mono: successfully reloaded assembly
- Completed reload, in  0.435 seconds
Platform modules already initialized, skipping
Switching build target platform(5) subTarget(0) extendedPlatform(0) -> platform(13) subTarget(537395200) extendedPlatform(0)
Refreshing native plugins compatible for Editor in 0.23 ms, found 1 plugins.
Preloading 0 native plugins for Editor in 0.00 ms.
Unloading 1860 Unused Serialized files (Serialized files now loaded: 0)
System memory in use before: 107.2 MB.
System memory in use after: 107.2 MB.

Unloading 14 unused Assets to reduce memory usage. Loaded Objects now: 2428.
Total: 1.272400 ms (FindLiveObjects: 0.147800 ms CreateObjectMapping: 0.025600 ms MarkObjects: 1.011400 ms  DeleteObjects: 0.086800 ms)

AssetImportParameters requested are different than current active one (requested -> active):
  custom:graphics/normal-map-encoding: 01000000000000000000000000000000 -> 02000000000000000000000000000000
========================================================================
Received Prepare
Registering precompiled user dll's ...
Registered in 0.000949 seconds.
Begin MonoManager ReloadAssembly
Symbol file data-00000220445A3060 doesn't match image D:\github\Sample\HUNJIN\Library\ScriptAssemblies\Febucci.TextAnimator.Editor.dll
Symbol file LoadedFromMemory is not a mono symbol file
Symbol file data-0000022040B5F030 doesn't match image D:\github\Sample\HUNJIN\Library\ScriptAssemblies\Unity.2D.Animation.Editor.dll
Symbol file LoadedFromMemory is not a mono symbol file
Symbol file data-0000022045387560 doesn't match image D:\github\Sample\HUNJIN\Library\ScriptAssemblies\Unity.InternalAPIEngineBridge.001.dll
Symbol file LoadedFromMemory is not a mono symbol file
Symbol file data-0000022048CEF050 doesn't match image D:\github\Sample\HUNJIN\Library\ScriptAssemblies\Unity.VSCode.Editor.dll
Symbol file LoadedFromMemory is not a mono symbol file
Symbol file data-0000022044BEF080 doesn't match image D:\github\Sample\HUNJIN\Library\ScriptAssemblies\Febucci.TextAnimator.Demo.Runtime.dll
Symbol file LoadedFromMemory is not a mono symbol file
Symbol file data-000002204215AC70 doesn't match image D:\github\Sample\HUNJIN\Library\ScriptAssemblies\Unity.2D.PixelPerfect.dll
Symbol file LoadedFromMemory is not a mono symbol file
Symbol file data-000002204B895090 doesn't match image D:\github\Sample\HUNJIN\Library\ScriptAssemblies\Unity.2D.Tilemap.Editor.dll
Symbol file LoadedFromMemory is not a mono symbol file
Symbol file data-000002204B895090 doesn't match image D:\github\Sample\HUNJIN\Library\ScriptAssemblies\PsdPlugin.dll
Symbol file LoadedFromMemory is not a mono symbol file
Symbol file data-000002204B4A0090 doesn't match image D:\github\Sample\HUNJIN\Library\ScriptAssemblies\Unity.TextMeshPro.Editor.dll
Symbol file LoadedFromMemory is not a mono symbol file
Symbol file data-000002204B895090 doesn't match image D:\github\Sample\HUNJIN\Library\ScriptAssemblies\UnityEngine.TestRunner.dll
Symbol file LoadedFromMemory is not a mono symbol file
Symbol file data-000002204B895090 doesn't match image D:\github\Sample\HUNJIN\Library\ScriptAssemblies\Unity.Timeline.dll
Symbol file LoadedFromMemory is not a mono symbol file
Symbol file data-00000220452F7BF0 doesn't match image D:\github\Sample\HUNJIN\Library\ScriptAssemblies\Unity.TextMeshPro.dll
Symbol file LoadedFromMemory is not a mono symbol file
Symbol file data-0000022045639050 doesn't match image D:\github\Sample\HUNJIN\Library\ScriptAssemblies\UnityEditor.TestRunner.dll
Symbol file LoadedFromMemory is not a mono symbol file
Symbol file data-00000221F6FD7B20 doesn't match image D:\github\Sample\HUNJIN\Library\ScriptAssemblies\Unity.2D.IK.Editor.dll
Symbol file LoadedFromMemory is not a mono symbol file
Symbol file data-000002204B4A0090 doesn't match image D:\github\Sample\HUNJIN\Library\ScriptAssemblies\Unity.2D.Sprite.Editor.dll
Symbol file LoadedFromMemory is not a mono symbol file
Symbol file data-0000022047457D20 doesn't match image D:\github\Sample\HUNJIN\Library\ScriptAssemblies\Unity.2D.Psdimporter.Editor.dll
Symbol file LoadedFromMemory is not a mono symbol file
Symbol file data-000002204B895090 doesn't match image D:\github\Sample\HUNJIN\Library\ScriptAssemblies\Unity.2D.Path.Editor.dll
Symbol file LoadedFromMemory is not a mono symbol file
Symbol file data-00000220406E4C80 doesn't match image D:\github\Sample\HUNJIN\Library\ScriptAssemblies\Febucci.TextAnimator.Demo.Editor.dll
Symbol file LoadedFromMemory is not a mono symbol file
Symbol file data-0000022044DCFE40 doesn't match image D:\github\Sample\HUNJIN\Library\ScriptAssemblies\UnityEditor.UI.dll
Symbol file LoadedFromMemory is not a mono symbol file
Symbol file data-00000220420CB1B0 doesn't match image D:\github\Sample\HUNJIN\Library\ScriptAssemblies\Unity.Rider.Editor.dll
Symbol file LoadedFromMemory is not a mono symbol file
Symbol file data-0000022047457D20 doesn't match image D:\github\Sample\HUNJIN\Library\ScriptAssemblies\Febucci.TextAnimator.Runtime.dll
Symbol file LoadedFromMemory is not a mono symbol file
Symbol file data-0000022040F45A20 doesn't match image D:\github\Sample\HUNJIN\Library\ScriptAssemblies\UnityEngine.UI.dll
Symbol file LoadedFromMemory is not a mono symbol file
Symbol file data-0000022048E5E7D0 doesn't match image D:\github\Sample\HUNJIN\Library\ScriptAssemblies\Unity.InternalAPIEditorBridge.001.dll
Symbol file LoadedFromMemory is not a mono symbol file
Symbol file data-00000220463400B0 doesn't match image D:\github\Sample\HUNJIN\Library\ScriptAssemblies\Unity.Mathematics.dll
Symbol file LoadedFromMemory is not a mono symbol file
Symbol file data-00000220487820A0 doesn't match image D:\github\Sample\HUNJIN\Library\ScriptAssemblies\Unity.2D.IK.Runtime.dll
Symbol file LoadedFromMemory is not a mono symbol file
Symbol file data-000002204851A060 doesn't match image D:\github\Sample\HUNJIN\Library\ScriptAssemblies\Unity.2D.Animation.Triangle.Runtime.dll
Symbol file LoadedFromMemory is not a mono symbol file
Symbol file data-0000022045327C20 doesn't match image D:\github\Sample\HUNJIN\Library\ScriptAssemblies\Unity.2D.Animation.Runtime.dll
Symbol file LoadedFromMemory is not a mono symbol file
Symbol file data-00000220460E6900 doesn't match image D:\github\Sample\HUNJIN\Library\ScriptAssemblies\Unity.2D.PixelPerfect.Editor.dll
Symbol file LoadedFromMemory is not a mono symbol file
Symbol file data-000002204B9BE080 doesn't match image D:\github\Sample\HUNJIN\Library\ScriptAssemblies\Unity.Timeline.Editor.dll
Symbol file LoadedFromMemory is not a mono symbol file
Symbol file data-00000220490FC040 doesn't match image D:\github\Sample\HUNJIN\Library\ScriptAssemblies\Unity.CollabProxy.Editor.dll
Symbol file LoadedFromMemory is not a mono symbol file
Symbol file data-0000022048190F10 doesn't match image D:\github\Sample\HUNJIN\Library\ScriptAssemblies\Unity.Mathematics.Editor.dll
Symbol file LoadedFromMemory is not a mono symbol file
Symbol file data-000002204051C220 doesn't match image D:\github\Sample\HUNJIN\Library\ScriptAssemblies\Unity.2D.Common.Runtime.dll
Symbol file LoadedFromMemory is not a mono symbol file
Symbol file data-0000022047457D20 doesn't match image D:\github\Sample\HUNJIN\Library\ScriptAssemblies\Unity.2D.SpriteShape.Editor.dll
Symbol file LoadedFromMemory is not a mono symbol file
Symbol file data-0000022048CEF050 doesn't match image D:\github\Sample\HUNJIN\Library\ScriptAssemblies\Unity.2D.Common.Editor.dll
Symbol file LoadedFromMemory is not a mono symbol file
Symbol file data-00000220490FC040 doesn't match image D:\github\Sample\HUNJIN\Library\ScriptAssemblies\Unity.2D.SpriteShape.Runtime.dll
Symbol file LoadedFromMemory is not a mono symbol file
Native extension for WindowsStandalone target not found
Refreshing native plugins compatible for Editor in 0.42 ms, found 1 plugins.
Preloading 0 native plugins for Editor in 0.00 ms.
Mono: successfully reloaded assembly
- Completed reload, in  0.461 seconds
Platform modules already initialized, skipping
Switching build target platform(5) subTarget(0) extendedPlatform(0) -> platform(13) subTarget(537395200) extendedPlatform(0)
Refreshing native plugins compatible for Editor in 0.25 ms, found 1 plugins.
Preloading 0 native plugins for Editor in 0.00 ms.
Unloading 1860 Unused Serialized files (Serialized files now loaded: 0)
System memory in use before: 107.3 MB.
System memory in use after: 107.2 MB.

Unloading 14 unused Assets to reduce memory usage. Loaded Objects now: 2431.
Total: 1.351100 ms (FindLiveObjects: 0.137000 ms CreateObjectMapping: 0.026500 ms MarkObjects: 1.107200 ms  DeleteObjects: 0.079700 ms)

AssetImportParameters requested are different than current active one (requested -> active):
  custom:graphics/normal-map-encoding: 01000000000000000000000000000000 -> 02000000000000000000000000000000
========================================================================
Received Prepare
Registering precompiled user dll's ...
Registered in 0.000905 seconds.
Begin MonoManager ReloadAssembly
Symbol file data-00000220445A3060 doesn't match image D:\github\Sample\HUNJIN\Library\ScriptAssemblies\Febucci.TextAnimator.Editor.dll
Symbol file LoadedFromMemory is not a mono symbol file
Symbol file data-0000022040B5F030 doesn't match image D:\github\Sample\HUNJIN\Library\ScriptAssemblies\Unity.2D.Animation.Editor.dll
Symbol file LoadedFromMemory is not a mono symbol file
Symbol file data-0000022044B05CA0 doesn't match image D:\github\Sample\HUNJIN\Library\ScriptAssemblies\Unity.InternalAPIEngineBridge.001.dll
Symbol file LoadedFromMemory is not a mono symbol file
Symbol file data-0000022048CEF050 doesn't match image D:\github\Sample\HUNJIN\Library\ScriptAssemblies\Unity.VSCode.Editor.dll
Symbol file LoadedFromMemory is not a mono symbol file
Symbol file data-00000220452A6C80 doesn't match image D:\github\Sample\HUNJIN\Library\ScriptAssemblies\Febucci.TextAnimator.Demo.Runtime.dll
Symbol file LoadedFromMemory is not a mono symbol file
Symbol file data-000002204519D010 doesn't match image D:\github\Sample\HUNJIN\Library\ScriptAssemblies\Unity.2D.PixelPerfect.dll
Symbol file LoadedFromMemory is not a mono symbol file
Symbol file data-000002204B4A0090 doesn't match image D:\github\Sample\HUNJIN\Library\ScriptAssemblies\Unity.2D.Tilemap.Editor.dll
Symbol file LoadedFromMemory is not a mono symbol file
Symbol file data-000002204B895090 doesn't match image D:\github\Sample\HUNJIN\Library\ScriptAssemblies\PsdPlugin.dll
Symbol file LoadedFromMemory is not a mono symbol file
Symbol file data-000002204B4A0090 doesn't match image D:\github\Sample\HUNJIN\Library\ScriptAssemblies\Unity.TextMeshPro.Editor.dll
Symbol file LoadedFromMemory is not a mono symbol file
Symbol file data-000002204B765060 doesn't match image D:\github\Sample\HUNJIN\Library\ScriptAssemblies\UnityEngine.TestRunner.dll
Symbol file LoadedFromMemory is not a mono symbol file
Symbol file data-000002204B4A0090 doesn't match image D:\github\Sample\HUNJIN\Library\ScriptAssemblies\Unity.Timeline.dll
Symbol file LoadedFromMemory is not a mono symbol file
Symbol file data-00000220452F7BF0 doesn't match image D:\github\Sample\HUNJIN\Library\ScriptAssemblies\Unity.TextMeshPro.dll
Symbol file LoadedFromMemory is not a mono symbol file
Symbol file data-0000022045639050 doesn't match image D:\github\Sample\HUNJIN\Library\ScriptAssemblies\UnityEditor.TestRunner.dll
Symbol file LoadedFromMemory is not a mono symbol file
Symbol file data-0000022041DDC830 doesn't match image D:\github\Sample\HUNJIN\Library\ScriptAssemblies\Unity.2D.IK.Editor.dll
Symbol file LoadedFromMemory is not a mono symbol file
Symbol file data-000002204B4A0090 doesn't match image D:\github\Sample\HUNJIN\Library\ScriptAssemblies\Unity.2D.Sprite.Editor.dll
Symbol file LoadedFromMemory is not a mono symbol file
Symbol file data-00000221FBEAA880 doesn't match image D:\github\Sample\HUNJIN\Library\ScriptAssemblies\Unity.2D.Psdimporter.Editor.dll
Symbol file LoadedFromMemory is not a mono symbol file
Symbol file data-000002204B895090 doesn't match image D:\github\Sample\HUNJIN\Library\ScriptAssemblies\Unity.2D.Path.Editor.dll
Symbol file LoadedFromMemory is not a mono symbol file
Symbol file data-00000220417E3820 doesn't match image D:\github\Sample\HUNJIN\Library\ScriptAssemblies\Febucci.TextAnimator.Demo.Editor.dll
Symbol file LoadedFromMemory is not a mono symbol file
Symbol file data-00000221FBEAA880 doesn't match image D:\github\Sample\HUNJIN\Library\ScriptAssemblies\UnityEditor.UI.dll
Symbol file LoadedFromMemory is not a mono symbol file
Symbol file data-00000220420CB1B0 doesn't match image D:\github\Sample\HUNJIN\Library\ScriptAssemblies\Unity.Rider.Editor.dll
Symbol file LoadedFromMemory is not a mono symbol file
Symbol file data-00000221FBEAA880 doesn't match image D:\github\Sample\HUNJIN\Library\ScriptAssemblies\Febucci.TextAnimator.Runtime.dll
Symbol file LoadedFromMemory is not a mono symbol file
Symbol file data-0000022040F45A20 doesn't match image D:\github\Sample\HUNJIN\Library\ScriptAssemblies\UnityEngine.UI.dll
Symbol file LoadedFromMemory is not a mono symbol file
Symbol file data-0000022040A94190 doesn't match image D:\github\Sample\HUNJIN\Library\ScriptAssemblies\Unity.InternalAPIEditorBridge.001.dll
Symbol file LoadedFromMemory is not a mono symbol file
Symbol file data-00000220463400B0 doesn't match image D:\github\Sample\HUNJIN\Library\ScriptAssemblies\Unity.Mathematics.dll
Symbol file LoadedFromMemory is not a mono symbol file
Symbol file data-00000220487820A0 doesn't match image D:\github\Sample\HUNJIN\Library\ScriptAssemblies\Unity.2D.IK.Runtime.dll
Symbol file LoadedFromMemory is not a mono symbol file
Symbol file data-000002204851A060 doesn't match image D:\github\Sample\HUNJIN\Library\ScriptAssemblies\Unity.2D.Animation.Triangle.Runtime.dll
Symbol file LoadedFromMemory is not a mono symbol file
Symbol file data-0000022045327C20 doesn't match image D:\github\Sample\HUNJIN\Library\ScriptAssemblies\Unity.2D.Animation.Runtime.dll
Symbol file LoadedFromMemory is not a mono symbol file
Symbol file data-0000022044FB40C0 doesn't match image D:\github\Sample\HUNJIN\Library\ScriptAssemblies\Unity.2D.PixelPerfect.Editor.dll
Symbol file LoadedFromMemory is not a mono symbol file
Symbol file data-00000220463400B0 doesn't match image D:\github\Sample\HUNJIN\Library\ScriptAssemblies\Unity.Timeline.Editor.dll
Symbol file LoadedFromMemory is not a mono symbol file
Symbol file data-000002204B765060 doesn't match image D:\github\Sample\HUNJIN\Library\ScriptAssemblies\Unity.CollabProxy.Editor.dll
Symbol file LoadedFromMemory is not a mono symbol file
Symbol file data-0000022048B78160 doesn't match image D:\github\Sample\HUNJIN\Library\ScriptAssemblies\Unity.Mathematics.Editor.dll
Symbol file LoadedFromMemory is not a mono symbol file
Symbol file data-000002204051DB70 doesn't match image D:\github\Sample\HUNJIN\Library\ScriptAssemblies\Unity.2D.Common.Runtime.dll
Symbol file LoadedFromMemory is not a mono symbol file
Symbol file data-00000221FBEAA880 doesn't match image D:\github\Sample\HUNJIN\Library\ScriptAssemblies\Unity.2D.SpriteShape.Editor.dll
Symbol file LoadedFromMemory is not a mono symbol file
Symbol file data-0000022048CEF050 doesn't match image D:\github\Sample\HUNJIN\Library\ScriptAssemblies\Unity.2D.Common.Editor.dll
Symbol file LoadedFromMemory is not a mono symbol file
Symbol file data-000002204B765060 doesn't match image D:\github\Sample\HUNJIN\Library\ScriptAssemblies\Unity.2D.SpriteShape.Runtime.dll
Symbol file LoadedFromMemory is not a mono symbol file
Native extension for WindowsStandalone target not found
Refreshing native plugins compatible for Editor in 0.25 ms, found 1 plugins.
Preloading 0 native plugins for Editor in 0.00 ms.
Mono: successfully reloaded assembly
- Completed reload, in  0.441 seconds
Platform modules already initialized, skipping
Switching build target platform(5) subTarget(0) extendedPlatform(0) -> platform(13) subTarget(537395200) extendedPlatform(0)
Refreshing native plugins compatible for Editor in 0.24 ms, found 1 plugins.
Preloading 0 native plugins for Editor in 0.00 ms.
Unloading 1860 Unused Serialized files (Serialized files now loaded: 0)
System memory in use before: 107.3 MB.
System memory in use after: 107.2 MB.

Unloading 14 unused Assets to reduce memory usage. Loaded Objects now: 2434.
Total: 1.330400 ms (FindLiveObjects: 0.149600 ms CreateObjectMapping: 0.026700 ms MarkObjects: 1.073400 ms  DeleteObjects: 0.079600 ms)

AssetImportParameters requested are different than current active one (requested -> active):
  custom:graphics/normal-map-encoding: 01000000000000000000000000000000 -> 02000000000000000000000000000000
========================================================================
Received Prepare
Registering precompiled user dll's ...
Registered in 0.000950 seconds.
Begin MonoManager ReloadAssembly
Symbol file data-00000220445A3060 doesn't match image D:\github\Sample\HUNJIN\Library\ScriptAssemblies\Febucci.TextAnimator.Editor.dll
Symbol file LoadedFromMemory is not a mono symbol file
Symbol file data-0000022040B5F030 doesn't match image D:\github\Sample\HUNJIN\Library\ScriptAssemblies\Unity.2D.Animation.Editor.dll
Symbol file LoadedFromMemory is not a mono symbol file
Symbol file data-0000022046866570 doesn't match image D:\github\Sample\HUNJIN\Library\ScriptAssemblies\Unity.InternalAPIEngineBridge.001.dll
Symbol file LoadedFromMemory is not a mono symbol file
Symbol file data-0000022048CEF050 doesn't match image D:\github\Sample\HUNJIN\Library\ScriptAssemblies\Unity.VSCode.Editor.dll
Symbol file LoadedFromMemory is not a mono symbol file
Symbol file data-00000220445D5710 doesn't match image D:\github\Sample\HUNJIN\Library\ScriptAssemblies\Febucci.TextAnimator.Demo.Runtime.dll
Symbol file LoadedFromMemory is not a mono symbol file
Symbol file data-000002204B5663D0 doesn't match image D:\github\Sample\HUNJIN\Library\ScriptAssemblies\Unity.2D.PixelPerfect.dll
Symbol file LoadedFromMemory is not a mono symbol file
Symbol file data-00000220490FC040 doesn't match image D:\github\Sample\HUNJIN\Library\ScriptAssemblies\Unity.2D.Tilemap.Editor.dll
Symbol file LoadedFromMemory is not a mono symbol file
Symbol file data-0000022041BE8580 doesn't match image D:\github\Sample\HUNJIN\Library\ScriptAssemblies\PsdPlugin.dll
Symbol file LoadedFromMemory is not a mono symbol file
Symbol file data-0000022044AE51C0 doesn't match image D:\github\Sample\HUNJIN\Library\ScriptAssemblies\Unity.TextMeshPro.Editor.dll
Symbol file LoadedFromMemory is not a mono symbol file
Symbol file data-00000220490FC040 doesn't match image D:\github\Sample\HUNJIN\Library\ScriptAssemblies\UnityEngine.TestRunner.dll
Symbol file LoadedFromMemory is not a mono symbol file
Symbol file data-00000220490FC040 doesn't match image D:\github\Sample\HUNJIN\Library\ScriptAssemblies\Unity.Timeline.dll
Symbol file LoadedFromMemory is not a mono symbol file
Symbol file data-00000220452F7BF0 doesn't match image D:\github\Sample\HUNJIN\Library\ScriptAssemblies\Unity.TextMeshPro.dll
Symbol file LoadedFromMemory is not a mono symbol file
Symbol file data-0000022045639050 doesn't match image D:\github\Sample\HUNJIN\Library\ScriptAssemblies\UnityEditor.TestRunner.dll
Symbol file LoadedFromMemory is not a mono symbol file
Symbol file data-0000022041DDC830 doesn't match image D:\github\Sample\HUNJIN\Library\ScriptAssemblies\Unity.2D.IK.Editor.dll
Symbol file LoadedFromMemory is not a mono symbol file
Symbol file data-0000022044AE51C0 doesn't match image D:\github\Sample\HUNJIN\Library\ScriptAssemblies\Unity.2D.Sprite.Editor.dll
Symbol file LoadedFromMemory is not a mono symbol file
Symbol file data-00000221FBEAA880 doesn't match image D:\github\Sample\HUNJIN\Library\ScriptAssemblies\Unity.2D.Psdimporter.Editor.dll
Symbol file LoadedFromMemory is not a mono symbol file
Symbol file data-0000022041BE8580 doesn't match image D:\github\Sample\HUNJIN\Library\ScriptAssemblies\Unity.2D.Path.Editor.dll
Symbol file LoadedFromMemory is not a mono symbol file
Symbol file data-00000221FB8DF500 doesn't match image D:\github\Sample\HUNJIN\Library\ScriptAssemblies\Febucci.TextAnimator.Demo.Editor.dll
Symbol file LoadedFromMemory is not a mono symbol file
Symbol file data-00000221FBEAA880 doesn't match image D:\github\Sample\HUNJIN\Library\ScriptAssemblies\UnityEditor.UI.dll
Symbol file LoadedFromMemory is not a mono symbol file
Symbol file data-00000220420CB1B0 doesn't match image D:\github\Sample\HUNJIN\Library\ScriptAssemblies\Unity.Rider.Editor.dll
Symbol file LoadedFromMemory is not a mono symbol file
Symbol file data-00000221FBEAA880 doesn't match image D:\github\Sample\HUNJIN\Library\ScriptAssemblies\Febucci.TextAnimator.Runtime.dll
Symbol file LoadedFromMemory is not a mono symbol file
Symbol file data-0000022040F45A20 doesn't match image D:\github\Sample\HUNJIN\Library\ScriptAssemblies\UnityEngine.UI.dll
Symbol file LoadedFromMemory is not a mono symbol file
Symbol file data-000002204877F950 doesn't match image D:\github\Sample\HUNJIN\Library\ScriptAssemblies\Unity.InternalAPIEditorBridge.001.dll
Symbol file LoadedFromMemory is not a mono symbol file
Symbol file data-000002204B5A5010 doesn't match image D:\github\Sample\HUNJIN\Library\ScriptAssemblies\Unity.Mathematics.dll
Symbol file LoadedFromMemory is not a mono symbol file
Symbol file data-00000220487820A0 doesn't match image D:\github\Sample\HUNJIN\Library\ScriptAssemblies\Unity.2D.IK.Runtime.dll
Symbol file LoadedFromMemory is not a mono symbol file
Symbol file data-0000022040F45A20 doesn't match image D:\github\Sample\HUNJIN\Library\ScriptAssemblies\Unity.2D.Animation.Triangle.Runtime.dll
Symbol file LoadedFromMemory is not a mono symbol file
Symbol file data-0000022045327C20 doesn't match image D:\github\Sample\HUNJIN\Library\ScriptAssemblies\Unity.2D.Animation.Runtime.dll
Symbol file LoadedFromMemory is not a mono symbol file
Symbol file data-00000220474117A0 doesn't match image D:\github\Sample\HUNJIN\Library\ScriptAssemblies\Unity.2D.PixelPerfect.Editor.dll
Symbol file LoadedFromMemory is not a mono symbol file
Symbol file data-000002204B5A5010 doesn't match image D:\github\Sample\HUNJIN\Library\ScriptAssemblies\Unity.Timeline.Editor.dll
Symbol file LoadedFromMemory is not a mono symbol file
Symbol file data-0000022044AE51C0 doesn't match image D:\github\Sample\HUNJIN\Library\ScriptAssemblies\Unity.CollabProxy.Editor.dll
Symbol file LoadedFromMemory is not a mono symbol file
Symbol file data-000002204855F540 doesn't match image D:\github\Sample\HUNJIN\Library\ScriptAssemblies\Unity.Mathematics.Editor.dll
Symbol file LoadedFromMemory is not a mono symbol file
Symbol file data-000002204051CA90 doesn't match image D:\github\Sample\HUNJIN\Library\ScriptAssemblies\Unity.2D.Common.Runtime.dll
Symbol file LoadedFromMemory is not a mono symbol file
Symbol file data-0000022040F59A30 doesn't match image D:\github\Sample\HUNJIN\Library\ScriptAssemblies\Unity.2D.SpriteShape.Editor.dll
Symbol file LoadedFromMemory is not a mono symbol file
Symbol file data-0000022048CEF050 doesn't match image D:\github\Sample\HUNJIN\Library\ScriptAssemblies\Unity.2D.Common.Editor.dll
Symbol file LoadedFromMemory is not a mono symbol file
Symbol file data-0000022044AE51C0 doesn't match image D:\github\Sample\HUNJIN\Library\ScriptAssemblies\Unity.2D.SpriteShape.Runtime.dll
Symbol file LoadedFromMemory is not a mono symbol file
Native extension for WindowsStandalone target not found
Refreshing native plugins compatible for Editor in 0.30 ms, found 1 plugins.
Preloading 0 native plugins for Editor in 0.00 ms.
Mono: successfully reloaded assembly
- Completed reload, in  0.454 seconds
Platform modules already initialized, skipping
Switching build target platform(5) subTarget(0) extendedPlatform(0) -> platform(13) subTarget(537395200) extendedPlatform(0)
Refreshing native plugins compatible for Editor in 0.29 ms, found 1 plugins.
Preloading 0 native plugins for Editor in 0.00 ms.
Unloading 1860 Unused Serialized files (Serialized files now loaded: 0)
System memory in use before: 107.3 MB.
System memory in use after: 107.3 MB.

Unloading 14 unused Assets to reduce memory usage. Loaded Objects now: 2437.
Total: 1.357100 ms (FindLiveObjects: 0.139700 ms CreateObjectMapping: 0.028000 ms MarkObjects: 1.103600 ms  DeleteObjects: 0.084700 ms)

AssetImportParameters requested are different than current active one (requested -> active):
  custom:graphics/normal-map-encoding: 01000000000000000000000000000000 -> 02000000000000000000000000000000
========================================================================
Received Prepare
Registering precompiled user dll's ...
Registered in 0.000934 seconds.
Begin MonoManager ReloadAssembly
Symbol file data-00000220445A3060 doesn't match image D:\github\Sample\HUNJIN\Library\ScriptAssemblies\Febucci.TextAnimator.Editor.dll
Symbol file LoadedFromMemory is not a mono symbol file
Symbol file data-0000022040B5F030 doesn't match image D:\github\Sample\HUNJIN\Library\ScriptAssemblies\Unity.2D.Animation.Editor.dll
Symbol file LoadedFromMemory is not a mono symbol file
Symbol file data-000002204156CC90 doesn't match image D:\github\Sample\HUNJIN\Library\ScriptAssemblies\Unity.InternalAPIEngineBridge.001.dll
Symbol file LoadedFromMemory is not a mono symbol file
Symbol file data-0000022048CEF050 doesn't match image D:\github\Sample\HUNJIN\Library\ScriptAssemblies\Unity.VSCode.Editor.dll
Symbol file LoadedFromMemory is not a mono symbol file
Symbol file data-0000022045519D30 doesn't match image D:\github\Sample\HUNJIN\Library\ScriptAssemblies\Febucci.TextAnimator.Demo.Runtime.dll
Symbol file LoadedFromMemory is not a mono symbol file
Symbol file data-0000022044073190 doesn't match image D:\github\Sample\HUNJIN\Library\ScriptAssemblies\Unity.2D.PixelPerfect.dll
Symbol file LoadedFromMemory is not a mono symbol file
Symbol file data-000002204B4A0090 doesn't match image D:\github\Sample\HUNJIN\Library\ScriptAssemblies\Unity.2D.Tilemap.Editor.dll
Symbol file LoadedFromMemory is not a mono symbol file
Symbol file data-000002204B895090 doesn't match image D:\github\Sample\HUNJIN\Library\ScriptAssemblies\PsdPlugin.dll
Symbol file LoadedFromMemory is not a mono symbol file
Symbol file data-000002204B4A0090 doesn't match image D:\github\Sample\HUNJIN\Library\ScriptAssemblies\Unity.TextMeshPro.Editor.dll
Symbol file LoadedFromMemory is not a mono symbol file
Symbol file data-000002204B5E7020 doesn't match image D:\github\Sample\HUNJIN\Library\ScriptAssemblies\UnityEngine.TestRunner.dll
Symbol file LoadedFromMemory is not a mono symbol file
Symbol file data-000002204B4A0090 doesn't match image D:\github\Sample\HUNJIN\Library\ScriptAssemblies\Unity.Timeline.dll
Symbol file LoadedFromMemory is not a mono symbol file
Symbol file data-00000220452F7BF0 doesn't match image D:\github\Sample\HUNJIN\Library\ScriptAssemblies\Unity.TextMeshPro.dll
Symbol file LoadedFromMemory is not a mono symbol file
Symbol file data-0000022045639050 doesn't match image D:\github\Sample\HUNJIN\Library\ScriptAssemblies\UnityEditor.TestRunner.dll
Symbol file LoadedFromMemory is not a mono symbol file
Symbol file data-0000022041DDC830 doesn't match image D:\github\Sample\HUNJIN\Library\ScriptAssemblies\Unity.2D.IK.Editor.dll
Symbol file LoadedFromMemory is not a mono symbol file
Symbol file data-000002204B4A0090 doesn't match image D:\github\Sample\HUNJIN\Library\ScriptAssemblies\Unity.2D.Sprite.Editor.dll
Symbol file LoadedFromMemory is not a mono symbol file
Symbol file data-00000220482E2030 doesn't match image D:\github\Sample\HUNJIN\Library\ScriptAssemblies\Unity.2D.Psdimporter.Editor.dll
Symbol file LoadedFromMemory is not a mono symbol file
Symbol file data-000002204B895090 doesn't match image D:\github\Sample\HUNJIN\Library\ScriptAssemblies\Unity.2D.Path.Editor.dll
Symbol file LoadedFromMemory is not a mono symbol file
Symbol file data-0000022043F8E3B0 doesn't match image D:\github\Sample\HUNJIN\Library\ScriptAssemblies\Febucci.TextAnimator.Demo.Editor.dll
Symbol file LoadedFromMemory is not a mono symbol file
Symbol file data-00000220482E2030 doesn't match image D:\github\Sample\HUNJIN\Library\ScriptAssemblies\UnityEditor.UI.dll
Symbol file LoadedFromMemory is not a mono symbol file
Symbol file data-00000220420CB1B0 doesn't match image D:\github\Sample\HUNJIN\Library\ScriptAssemblies\Unity.Rider.Editor.dll
Symbol file LoadedFromMemory is not a mono symbol file
Symbol file data-00000220482E2030 doesn't match image D:\github\Sample\HUNJIN\Library\ScriptAssemblies\Febucci.TextAnimator.Runtime.dll
Symbol file LoadedFromMemory is not a mono symbol file
Symbol file data-0000022040F45A20 doesn't match image D:\github\Sample\HUNJIN\Library\ScriptAssemblies\UnityEngine.UI.dll
Symbol file LoadedFromMemory is not a mono symbol file
Symbol file data-000002204155FB80 doesn't match image D:\github\Sample\HUNJIN\Library\ScriptAssemblies\Unity.InternalAPIEditorBridge.001.dll
Symbol file LoadedFromMemory is not a mono symbol file
Symbol file data-000002204BBE5060 doesn't match image D:\github\Sample\HUNJIN\Library\ScriptAssemblies\Unity.Mathematics.dll
Symbol file LoadedFromMemory is not a mono symbol file
Symbol file data-00000220487820A0 doesn't match image D:\github\Sample\HUNJIN\Library\ScriptAssemblies\Unity.2D.IK.Runtime.dll
Symbol file LoadedFromMemory is not a mono symbol file
Symbol file data-0000022040F45A20 doesn't match image D:\github\Sample\HUNJIN\Library\ScriptAssemblies\Unity.2D.Animation.Triangle.Runtime.dll
Symbol file LoadedFromMemory is not a mono symbol file
Symbol file data-0000022045327C20 doesn't match image D:\github\Sample\HUNJIN\Library\ScriptAssemblies\Unity.2D.Animation.Runtime.dll
Symbol file LoadedFromMemory is not a mono symbol file
Symbol file data-00000220452AC170 doesn't match image D:\github\Sample\HUNJIN\Library\ScriptAssemblies\Unity.2D.PixelPerfect.Editor.dll
Symbol file LoadedFromMemory is not a mono symbol file
Symbol file data-000002204BBE5060 doesn't match image D:\github\Sample\HUNJIN\Library\ScriptAssemblies\Unity.Timeline.Editor.dll
Symbol file LoadedFromMemory is not a mono symbol file
Symbol file data-000002204B4A0090 doesn't match image D:\github\Sample\HUNJIN\Library\ScriptAssemblies\Unity.CollabProxy.Editor.dll
Symbol file LoadedFromMemory is not a mono symbol file
Symbol file data-0000022048B16390 doesn't match image D:\github\Sample\HUNJIN\Library\ScriptAssemblies\Unity.Mathematics.Editor.dll
Symbol file LoadedFromMemory is not a mono symbol file
Symbol file data-000002204051CA90 doesn't match image D:\github\Sample\HUNJIN\Library\ScriptAssemblies\Unity.2D.Common.Runtime.dll
Symbol file LoadedFromMemory is not a mono symbol file
Symbol file data-00000220482E2030 doesn't match image D:\github\Sample\HUNJIN\Library\ScriptAssemblies\Unity.2D.SpriteShape.Editor.dll
Symbol file LoadedFromMemory is not a mono symbol file
Symbol file data-0000022048CEF050 doesn't match image D:\github\Sample\HUNJIN\Library\ScriptAssemblies\Unity.2D.Common.Editor.dll
Symbol file LoadedFromMemory is not a mono symbol file
Symbol file data-000002204B4A0090 doesn't match image D:\github\Sample\HUNJIN\Library\ScriptAssemblies\Unity.2D.SpriteShape.Runtime.dll
Symbol file LoadedFromMemory is not a mono symbol file
Native extension for WindowsStandalone target not found
Refreshing native plugins compatible for Editor in 0.25 ms, found 1 plugins.
Preloading 0 native plugins for Editor in 0.00 ms.
Mono: successfully reloaded assembly
- Completed reload, in  0.434 seconds
Platform modules already initialized, skipping
Switching build target platform(5) subTarget(0) extendedPlatform(0) -> platform(13) subTarget(537395200) extendedPlatform(0)
Refreshing native plugins compatible for Editor in 0.27 ms, found 1 plugins.
Preloading 0 native plugins for Editor in 0.00 ms.
Unloading 1860 Unused Serialized files (Serialized files now loaded: 0)
System memory in use before: 107.3 MB.
System memory in use after: 107.3 MB.

Unloading 14 unused Assets to reduce memory usage. Loaded Objects now: 2440.
Total: 1.572400 ms (FindLiveObjects: 0.133300 ms CreateObjectMapping: 0.026100 ms MarkObjects: 1.327300 ms  DeleteObjects: 0.084800 ms)

AssetImportParameters requested are different than current active one (requested -> active):
  custom:graphics/normal-map-encoding: 01000000000000000000000000000000 -> 02000000000000000000000000000000
========================================================================
Received Prepare
Registering precompiled user dll's ...
Registered in 0.000923 seconds.
Begin MonoManager ReloadAssembly
Symbol file data-00000220445A3060 doesn't match image D:\github\Sample\HUNJIN\Library\ScriptAssemblies\Febucci.TextAnimator.Editor.dll
Symbol file LoadedFromMemory is not a mono symbol file
Symbol file data-0000022040B5F030 doesn't match image D:\github\Sample\HUNJIN\Library\ScriptAssemblies\Unity.2D.Animation.Editor.dll
Symbol file LoadedFromMemory is not a mono symbol file
Symbol file data-0000022045631550 doesn't match image D:\github\Sample\HUNJIN\Library\ScriptAssemblies\Unity.InternalAPIEngineBridge.001.dll
Symbol file LoadedFromMemory is not a mono symbol file
Symbol file data-0000022048CEF050 doesn't match image D:\github\Sample\HUNJIN\Library\ScriptAssemblies\Unity.VSCode.Editor.dll
Symbol file LoadedFromMemory is not a mono symbol file
Symbol file data-0000022048FDF090 doesn't match image D:\github\Sample\HUNJIN\Library\ScriptAssemblies\Febucci.TextAnimator.Demo.Runtime.dll
Symbol file LoadedFromMemory is not a mono symbol file
Symbol file data-000002204B56A3E0 doesn't match image D:\github\Sample\HUNJIN\Library\ScriptAssemblies\Unity.2D.PixelPerfect.dll
Symbol file LoadedFromMemory is not a mono symbol file
Symbol file data-00000220490FC040 doesn't match image D:\github\Sample\HUNJIN\Library\ScriptAssemblies\Unity.2D.Tilemap.Editor.dll
Symbol file LoadedFromMemory is not a mono symbol file
Symbol file data-000002204BA460E0 doesn't match image D:\github\Sample\HUNJIN\Library\ScriptAssemblies\PsdPlugin.dll
Symbol file LoadedFromMemory is not a mono symbol file
Symbol file data-0000022047FD4050 doesn't match image D:\github\Sample\HUNJIN\Library\ScriptAssemblies\Unity.TextMeshPro.Editor.dll
Symbol file LoadedFromMemory is not a mono symbol file
Symbol file data-00000220490FC040 doesn't match image D:\github\Sample\HUNJIN\Library\ScriptAssemblies\UnityEngine.TestRunner.dll
Symbol file LoadedFromMemory is not a mono symbol file
Symbol file data-00000220490FC040 doesn't match image D:\github\Sample\HUNJIN\Library\ScriptAssemblies\Unity.Timeline.dll
Symbol file LoadedFromMemory is not a mono symbol file
Symbol file data-00000220452F7BF0 doesn't match image D:\github\Sample\HUNJIN\Library\ScriptAssemblies\Unity.TextMeshPro.dll
Symbol file LoadedFromMemory is not a mono symbol file
Symbol file data-0000022045639050 doesn't match image D:\github\Sample\HUNJIN\Library\ScriptAssemblies\UnityEditor.TestRunner.dll
Symbol file LoadedFromMemory is not a mono symbol file
Symbol file data-00000221F6FD7B20 doesn't match image D:\github\Sample\HUNJIN\Library\ScriptAssemblies\Unity.2D.IK.Editor.dll
Symbol file LoadedFromMemory is not a mono symbol file
Symbol file data-0000022047FD4050 doesn't match image D:\github\Sample\HUNJIN\Library\ScriptAssemblies\Unity.2D.Sprite.Editor.dll
Symbol file LoadedFromMemory is not a mono symbol file
Symbol file data-00000220408E2030 doesn't match image D:\github\Sample\HUNJIN\Library\ScriptAssemblies\Unity.2D.Psdimporter.Editor.dll
Symbol file LoadedFromMemory is not a mono symbol file
Symbol file data-000002204BA460E0 doesn't match image D:\github\Sample\HUNJIN\Library\ScriptAssemblies\Unity.2D.Path.Editor.dll
Symbol file LoadedFromMemory is not a mono symbol file
Symbol file data-00000220403905B0 doesn't match image D:\github\Sample\HUNJIN\Library\ScriptAssemblies\Febucci.TextAnimator.Demo.Editor.dll
Symbol file LoadedFromMemory is not a mono symbol file
Symbol file data-00000220408E2030 doesn't match image D:\github\Sample\HUNJIN\Library\ScriptAssemblies\UnityEditor.UI.dll
Symbol file LoadedFromMemory is not a mono symbol file
Symbol file data-00000220420CB1B0 doesn't match image D:\github\Sample\HUNJIN\Library\ScriptAssemblies\Unity.Rider.Editor.dll
Symbol file LoadedFromMemory is not a mono symbol file
Symbol file data-00000220408E2030 doesn't match image D:\github\Sample\HUNJIN\Library\ScriptAssemblies\Febucci.TextAnimator.Runtime.dll
Symbol file LoadedFromMemory is not a mono symbol file
Symbol file data-0000022040F45A20 doesn't match image D:\github\Sample\HUNJIN\Library\ScriptAssemblies\UnityEngine.UI.dll
Symbol file LoadedFromMemory is not a mono symbol file
Symbol file data-0000022046E51260 doesn't match image D:\github\Sample\HUNJIN\Library\ScriptAssemblies\Unity.InternalAPIEditorBridge.001.dll
Symbol file LoadedFromMemory is not a mono symbol file
Symbol file data-000002204BD42110 doesn't match image D:\github\Sample\HUNJIN\Library\ScriptAssemblies\Unity.Mathematics.dll
Symbol file LoadedFromMemory is not a mono symbol file
Symbol file data-00000221F6FD7B20 doesn't match image D:\github\Sample\HUNJIN\Library\ScriptAssemblies\Unity.2D.IK.Runtime.dll
Symbol file LoadedFromMemory is not a mono symbol file
Symbol file data-000002204BD09100 doesn't match image D:\github\Sample\HUNJIN\Library\ScriptAssemblies\Unity.2D.Animation.Triangle.Runtime.dll
Symbol file LoadedFromMemory is not a mono symbol file
Symbol file data-0000022045327C20 doesn't match image D:\github\Sample\HUNJIN\Library\ScriptAssemblies\Unity.2D.Animation.Runtime.dll
Symbol file LoadedFromMemory is not a mono symbol file
Symbol file data-000002204B545680 doesn't match image D:\github\Sample\HUNJIN\Library\ScriptAssemblies\Unity.2D.PixelPerfect.Editor.dll
Symbol file LoadedFromMemory is not a mono symbol file
Symbol file data-000002204BD42110 doesn't match image D:\github\Sample\HUNJIN\Library\ScriptAssemblies\Unity.Timeline.Editor.dll
Symbol file LoadedFromMemory is not a mono symbol file
Symbol file data-00000220490FC040 doesn't match image D:\github\Sample\HUNJIN\Library\ScriptAssemblies\Unity.CollabProxy.Editor.dll
Symbol file LoadedFromMemory is not a mono symbol file
Symbol file data-0000022048524AF0 doesn't match image D:\github\Sample\HUNJIN\Library\ScriptAssemblies\Unity.Mathematics.Editor.dll
Symbol file LoadedFromMemory is not a mono symbol file
Symbol file data-000002204051CC40 doesn't match image D:\github\Sample\HUNJIN\Library\ScriptAssemblies\Unity.2D.Common.Runtime.dll
Symbol file LoadedFromMemory is not a mono symbol file
Symbol file data-00000220408E2030 doesn't match image D:\github\Sample\HUNJIN\Library\ScriptAssemblies\Unity.2D.SpriteShape.Editor.dll
Symbol file LoadedFromMemory is not a mono symbol file
Symbol file data-0000022048CEF050 doesn't match image D:\github\Sample\HUNJIN\Library\ScriptAssemblies\Unity.2D.Common.Editor.dll
Symbol file LoadedFromMemory is not a mono symbol file
Symbol file data-00000220490FC040 doesn't match image D:\github\Sample\HUNJIN\Library\ScriptAssemblies\Unity.2D.SpriteShape.Runtime.dll
Symbol file LoadedFromMemory is not a mono symbol file
Native extension for WindowsStandalone target not found
Refreshing native plugins compatible for Editor in 0.39 ms, found 1 plugins.
Preloading 0 native plugins for Editor in 0.00 ms.
Mono: successfully reloaded assembly
- Completed reload, in  0.429 seconds
Platform modules already initialized, skipping
Switching build target platform(5) subTarget(0) extendedPlatform(0) -> platform(13) subTarget(537395200) extendedPlatform(0)
Refreshing native plugins compatible for Editor in 0.28 ms, found 1 plugins.
Preloading 0 native plugins for Editor in 0.00 ms.
Unloading 1860 Unused Serialized files (Serialized files now loaded: 0)
System memory in use before: 107.3 MB.
System memory in use after: 107.3 MB.

Unloading 14 unused Assets to reduce memory usage. Loaded Objects now: 2443.
Total: 1.517800 ms (FindLiveObjects: 0.154300 ms CreateObjectMapping: 0.026700 ms MarkObjects: 1.247400 ms  DeleteObjects: 0.088600 ms)

AssetImportParameters requested are different than current active one (requested -> active):
  custom:graphics/normal-map-encoding: 01000000000000000000000000000000 -> 02000000000000000000000000000000
========================================================================
Received Prepare
Registering precompiled user dll's ...
Registered in 0.000961 seconds.
Begin MonoManager ReloadAssembly
Symbol file data-00000220445A3060 doesn't match image D:\github\Sample\HUNJIN\Library\ScriptAssemblies\Febucci.TextAnimator.Editor.dll
Symbol file LoadedFromMemory is not a mono symbol file
Symbol file data-0000022040B5F030 doesn't match image D:\github\Sample\HUNJIN\Library\ScriptAssemblies\Unity.2D.Animation.Editor.dll
Symbol file LoadedFromMemory is not a mono symbol file
Symbol file data-00000221F6695260 doesn't match image D:\github\Sample\HUNJIN\Library\ScriptAssemblies\Unity.InternalAPIEngineBridge.001.dll
Symbol file LoadedFromMemory is not a mono symbol file
Symbol file data-0000022048CEF050 doesn't match image D:\github\Sample\HUNJIN\Library\ScriptAssemblies\Unity.VSCode.Editor.dll
Symbol file LoadedFromMemory is not a mono symbol file
Symbol file data-000002204B88DDE0 doesn't match image D:\github\Sample\HUNJIN\Library\ScriptAssemblies\Febucci.TextAnimator.Demo.Runtime.dll
Symbol file LoadedFromMemory is not a mono symbol file
Symbol file data-000002204B56A3E0 doesn't match image D:\github\Sample\HUNJIN\Library\ScriptAssemblies\Unity.2D.PixelPerfect.dll
Symbol file LoadedFromMemory is not a mono symbol file
Symbol file data-00000220490FC040 doesn't match image D:\github\Sample\HUNJIN\Library\ScriptAssemblies\Unity.2D.Tilemap.Editor.dll
Symbol file LoadedFromMemory is not a mono symbol file
Symbol file data-000002204BA460E0 doesn't match image D:\github\Sample\HUNJIN\Library\ScriptAssemblies\PsdPlugin.dll
Symbol file LoadedFromMemory is not a mono symbol file
Symbol file data-0000022047FD4050 doesn't match image D:\github\Sample\HUNJIN\Library\ScriptAssemblies\Unity.TextMeshPro.Editor.dll
Symbol file LoadedFromMemory is not a mono symbol file
Symbol file data-00000220490FC040 doesn't match image D:\github\Sample\HUNJIN\Library\ScriptAssemblies\UnityEngine.TestRunner.dll
Symbol file LoadedFromMemory is not a mono symbol file
Symbol file data-00000220490FC040 doesn't match image D:\github\Sample\HUNJIN\Library\ScriptAssemblies\Unity.Timeline.dll
Symbol file LoadedFromMemory is not a mono symbol file
Symbol file data-00000220452F7BF0 doesn't match image D:\github\Sample\HUNJIN\Library\ScriptAssemblies\Unity.TextMeshPro.dll
Symbol file LoadedFromMemory is not a mono symbol file
Symbol file data-0000022045639050 doesn't match image D:\github\Sample\HUNJIN\Library\ScriptAssemblies\UnityEditor.TestRunner.dll
Symbol file LoadedFromMemory is not a mono symbol file
Symbol file data-00000220454552B0 doesn't match image D:\github\Sample\HUNJIN\Library\ScriptAssemblies\Unity.2D.IK.Editor.dll
Symbol file LoadedFromMemory is not a mono symbol file
Symbol file data-0000022048788360 doesn't match image D:\github\Sample\HUNJIN\Library\ScriptAssemblies\Unity.2D.Sprite.Editor.dll
Symbol file LoadedFromMemory is not a mono symbol file
Symbol file data-00000220408E2030 doesn't match image D:\github\Sample\HUNJIN\Library\ScriptAssemblies\Unity.2D.Psdimporter.Editor.dll
Symbol file LoadedFromMemory is not a mono symbol file
Symbol file data-00000220485BA0F0 doesn't match image D:\github\Sample\HUNJIN\Library\ScriptAssemblies\Unity.2D.Path.Editor.dll
Symbol file LoadedFromMemory is not a mono symbol file
Symbol file data-0000022044AB34E0 doesn't match image D:\github\Sample\HUNJIN\Library\ScriptAssemblies\Febucci.TextAnimator.Demo.Editor.dll
Symbol file LoadedFromMemory is not a mono symbol file
Symbol file data-00000220408E2030 doesn't match image D:\github\Sample\HUNJIN\Library\ScriptAssemblies\UnityEditor.UI.dll
Symbol file LoadedFromMemory is not a mono symbol file
Symbol file data-00000220420CB1B0 doesn't match image D:\github\Sample\HUNJIN\Library\ScriptAssemblies\Unity.Rider.Editor.dll
Symbol file LoadedFromMemory is not a mono symbol file
Symbol file data-00000220408E2030 doesn't match image D:\github\Sample\HUNJIN\Library\ScriptAssemblies\Febucci.TextAnimator.Runtime.dll
Symbol file LoadedFromMemory is not a mono symbol file
Symbol file data-0000022040F45A20 doesn't match image D:\github\Sample\HUNJIN\Library\ScriptAssemblies\UnityEngine.UI.dll
Symbol file LoadedFromMemory is not a mono symbol file
Symbol file data-0000022048BEB060 doesn't match image D:\github\Sample\HUNJIN\Library\ScriptAssemblies\Unity.InternalAPIEditorBridge.001.dll
Symbol file LoadedFromMemory is not a mono symbol file
Symbol file data-000002204BD84010 doesn't match image D:\github\Sample\HUNJIN\Library\ScriptAssemblies\Unity.Mathematics.dll
Symbol file LoadedFromMemory is not a mono symbol file
Symbol file data-00000220454552B0 doesn't match image D:\github\Sample\HUNJIN\Library\ScriptAssemblies\Unity.2D.IK.Runtime.dll
Symbol file LoadedFromMemory is not a mono symbol file
Symbol file data-000002204BD09100 doesn't match image D:\github\Sample\HUNJIN\Library\ScriptAssemblies\Unity.2D.Animation.Triangle.Runtime.dll
Symbol file LoadedFromMemory is not a mono symbol file
Symbol file data-0000022045327C20 doesn't match image D:\github\Sample\HUNJIN\Library\ScriptAssemblies\Unity.2D.Animation.Runtime.dll
Symbol file LoadedFromMemory is not a mono symbol file
Symbol file data-0000022044D1DFD0 doesn't match image D:\github\Sample\HUNJIN\Library\ScriptAssemblies\Unity.2D.PixelPerfect.Editor.dll
Symbol file LoadedFromMemory is not a mono symbol file
Symbol file data-000002204BD84010 doesn't match image D:\github\Sample\HUNJIN\Library\ScriptAssemblies\Unity.Timeline.Editor.dll
Symbol file LoadedFromMemory is not a mono symbol file
Symbol file data-000002204B998010 doesn't match image D:\github\Sample\HUNJIN\Library\ScriptAssemblies\Unity.CollabProxy.Editor.dll
Symbol file LoadedFromMemory is not a mono symbol file
Symbol file data-0000022048BC6140 doesn't match image D:\github\Sample\HUNJIN\Library\ScriptAssemblies\Unity.Mathematics.Editor.dll
Symbol file LoadedFromMemory is not a mono symbol file
Symbol file data-000002204051CA90 doesn't match image D:\github\Sample\HUNJIN\Library\ScriptAssemblies\Unity.2D.Common.Runtime.dll
Symbol file LoadedFromMemory is not a mono symbol file
Symbol file data-00000220408E2030 doesn't match image D:\github\Sample\HUNJIN\Library\ScriptAssemblies\Unity.2D.SpriteShape.Editor.dll
Symbol file LoadedFromMemory is not a mono symbol file
Symbol file data-0000022048CEF050 doesn't match image D:\github\Sample\HUNJIN\Library\ScriptAssemblies\Unity.2D.Common.Editor.dll
Symbol file LoadedFromMemory is not a mono symbol file
Symbol file data-000002204B998010 doesn't match image D:\github\Sample\HUNJIN\Library\ScriptAssemblies\Unity.2D.SpriteShape.Runtime.dll
Symbol file LoadedFromMemory is not a mono symbol file
Native extension for WindowsStandalone target not found
Refreshing native plugins compatible for Editor in 0.25 ms, found 1 plugins.
Preloading 0 native plugins for Editor in 0.00 ms.
Mono: successfully reloaded assembly
- Completed reload, in  0.444 seconds
Platform modules already initialized, skipping
Switching build target platform(5) subTarget(0) extendedPlatform(0) -> platform(13) subTarget(537395200) extendedPlatform(0)
Refreshing native plugins compatible for Editor in 0.27 ms, found 1 plugins.
Preloading 0 native plugins for Editor in 0.00 ms.
Unloading 1860 Unused Serialized files (Serialized files now loaded: 0)
System memory in use before: 107.3 MB.
System memory in use after: 107.3 MB.

Unloading 14 unused Assets to reduce memory usage. Loaded Objects now: 2446.
Total: 1.368300 ms (FindLiveObjects: 0.190900 ms CreateObjectMapping: 0.036800 ms MarkObjects: 1.057900 ms  DeleteObjects: 0.081800 ms)

AssetImportParameters requested are different than current active one (requested -> active):
  custom:graphics/normal-map-encoding: 01000000000000000000000000000000 -> 02000000000000000000000000000000
========================================================================
Received Prepare
Registering precompiled user dll's ...
Registered in 0.000991 seconds.
Begin MonoManager ReloadAssembly
Symbol file data-00000220445A3060 doesn't match image D:\github\Sample\HUNJIN\Library\ScriptAssemblies\Febucci.TextAnimator.Editor.dll
Symbol file LoadedFromMemory is not a mono symbol file
Symbol file data-0000022040B5F030 doesn't match image D:\github\Sample\HUNJIN\Library\ScriptAssemblies\Unity.2D.Animation.Editor.dll
Symbol file LoadedFromMemory is not a mono symbol file
Symbol file data-000002204529D640 doesn't match image D:\github\Sample\HUNJIN\Library\ScriptAssemblies\Unity.InternalAPIEngineBridge.001.dll
Symbol file LoadedFromMemory is not a mono symbol file
Symbol file data-0000022048CEF050 doesn't match image D:\github\Sample\HUNJIN\Library\ScriptAssemblies\Unity.VSCode.Editor.dll
Symbol file LoadedFromMemory is not a mono symbol file
Symbol file data-00000221FBE587D0 doesn't match image D:\github\Sample\HUNJIN\Library\ScriptAssemblies\Febucci.TextAnimator.Demo.Runtime.dll
Symbol file LoadedFromMemory is not a mono symbol file
Symbol file data-000002204B56A3E0 doesn't match image D:\github\Sample\HUNJIN\Library\ScriptAssemblies\Unity.2D.PixelPerfect.dll
Symbol file LoadedFromMemory is not a mono symbol file
Symbol file data-000002204B998010 doesn't match image D:\github\Sample\HUNJIN\Library\ScriptAssemblies\Unity.2D.Tilemap.Editor.dll
Symbol file LoadedFromMemory is not a mono symbol file
Symbol file data-000002204B895090 doesn't match image D:\github\Sample\HUNJIN\Library\ScriptAssemblies\PsdPlugin.dll
Symbol file LoadedFromMemory is not a mono symbol file
Symbol file data-0000022047CD6060 doesn't match image D:\github\Sample\HUNJIN\Library\ScriptAssemblies\Unity.TextMeshPro.Editor.dll
Symbol file LoadedFromMemory is not a mono symbol file
Symbol file data-0000022048788360 doesn't match image D:\github\Sample\HUNJIN\Library\ScriptAssemblies\UnityEngine.TestRunner.dll
Symbol file LoadedFromMemory is not a mono symbol file
Symbol file data-000002204B998010 doesn't match image D:\github\Sample\HUNJIN\Library\ScriptAssemblies\Unity.Timeline.dll
Symbol file LoadedFromMemory is not a mono symbol file
Symbol file data-00000220452F7BF0 doesn't match image D:\github\Sample\HUNJIN\Library\ScriptAssemblies\Unity.TextMeshPro.dll
Symbol file LoadedFromMemory is not a mono symbol file
Symbol file data-000002204BDD6050 doesn't match image D:\github\Sample\HUNJIN\Library\ScriptAssemblies\UnityEditor.TestRunner.dll
Symbol file LoadedFromMemory is not a mono symbol file
Symbol file data-00000221F6FD7B20 doesn't match image D:\github\Sample\HUNJIN\Library\ScriptAssemblies\Unity.2D.IK.Editor.dll
Symbol file LoadedFromMemory is not a mono symbol file
Symbol file data-0000022047CD6060 doesn't match image D:\github\Sample\HUNJIN\Library\ScriptAssemblies\Unity.2D.Sprite.Editor.dll
Symbol file LoadedFromMemory is not a mono symbol file
Symbol file data-000002204669B050 doesn't match image D:\github\Sample\HUNJIN\Library\ScriptAssemblies\Unity.2D.Psdimporter.Editor.dll
Symbol file LoadedFromMemory is not a mono symbol file
Symbol file data-00000220485BA0F0 doesn't match image D:\github\Sample\HUNJIN\Library\ScriptAssemblies\Unity.2D.Path.Editor.dll
Symbol file LoadedFromMemory is not a mono symbol file
Symbol file data-00000221FBE9E780 doesn't match image D:\github\Sample\HUNJIN\Library\ScriptAssemblies\Febucci.TextAnimator.Demo.Editor.dll
Symbol file LoadedFromMemory is not a mono symbol file
Symbol file data-000002204669B050 doesn't match image D:\github\Sample\HUNJIN\Library\ScriptAssemblies\UnityEditor.UI.dll
Symbol file LoadedFromMemory is not a mono symbol file
Symbol file data-00000220420CB1B0 doesn't match image D:\github\Sample\HUNJIN\Library\ScriptAssemblies\Unity.Rider.Editor.dll
Symbol file LoadedFromMemory is not a mono symbol file
Symbol file data-000002204669B050 doesn't match image D:\github\Sample\HUNJIN\Library\ScriptAssemblies\Febucci.TextAnimator.Runtime.dll
Symbol file LoadedFromMemory is not a mono symbol file
Symbol file data-0000022040F45A20 doesn't match image D:\github\Sample\HUNJIN\Library\ScriptAssemblies\UnityEngine.UI.dll
Symbol file LoadedFromMemory is not a mono symbol file
Symbol file data-000002204523AB30 doesn't match image D:\github\Sample\HUNJIN\Library\ScriptAssemblies\Unity.InternalAPIEditorBridge.001.dll
Symbol file LoadedFromMemory is not a mono symbol file
Symbol file data-000002204BE49010 doesn't match image D:\github\Sample\HUNJIN\Library\ScriptAssemblies\Unity.Mathematics.dll
Symbol file LoadedFromMemory is not a mono symbol file
Symbol file data-0000022044EF5010 doesn't match image D:\github\Sample\HUNJIN\Library\ScriptAssemblies\Unity.2D.IK.Runtime.dll
Symbol file LoadedFromMemory is not a mono symbol file
Symbol file data-000002204BD09100 doesn't match image D:\github\Sample\HUNJIN\Library\ScriptAssemblies\Unity.2D.Animation.Triangle.Runtime.dll
Symbol file LoadedFromMemory is not a mono symbol file
Symbol file data-00000220485366F0 doesn't match image D:\github\Sample\HUNJIN\Library\ScriptAssemblies\Unity.2D.Animation.Runtime.dll
Symbol file LoadedFromMemory is not a mono symbol file
Symbol file data-0000022045226920 doesn't match image D:\github\Sample\HUNJIN\Library\ScriptAssemblies\Unity.2D.PixelPerfect.Editor.dll
Symbol file LoadedFromMemory is not a mono symbol file
Symbol file data-000002204BE49010 doesn't match image D:\github\Sample\HUNJIN\Library\ScriptAssemblies\Unity.Timeline.Editor.dll
Symbol file LoadedFromMemory is not a mono symbol file
Symbol file data-0000022048788360 doesn't match image D:\github\Sample\HUNJIN\Library\ScriptAssemblies\Unity.CollabProxy.Editor.dll
Symbol file LoadedFromMemory is not a mono symbol file
Symbol file data-00000220473C7090 doesn't match image D:\github\Sample\HUNJIN\Library\ScriptAssemblies\Unity.Mathematics.Editor.dll
Symbol file LoadedFromMemory is not a mono symbol file
Symbol file data-000002204051CA90 doesn't match image D:\github\Sample\HUNJIN\Library\ScriptAssemblies\Unity.2D.Common.Runtime.dll
Symbol file LoadedFromMemory is not a mono symbol file
Symbol file data-000002204669B050 doesn't match image D:\github\Sample\HUNJIN\Library\ScriptAssemblies\Unity.2D.SpriteShape.Editor.dll
Symbol file LoadedFromMemory is not a mono symbol file
Symbol file data-0000022048CEF050 doesn't match image D:\github\Sample\HUNJIN\Library\ScriptAssemblies\Unity.2D.Common.Editor.dll
Symbol file LoadedFromMemory is not a mono symbol file
Symbol file data-0000022048788360 doesn't match image D:\github\Sample\HUNJIN\Library\ScriptAssemblies\Unity.2D.SpriteShape.Runtime.dll
Symbol file LoadedFromMemory is not a mono symbol file
Native extension for WindowsStandalone target not found
Refreshing native plugins compatible for Editor in 0.38 ms, found 1 plugins.
Preloading 0 native plugins for Editor in 0.00 ms.
Mono: successfully reloaded assembly
- Completed reload, in  0.549 seconds
Platform modules already initialized, skipping
Switching build target platform(5) subTarget(0) extendedPlatform(0) -> platform(13) subTarget(537395200) extendedPlatform(0)
Refreshing native plugins compatible for Editor in 0.32 ms, found 1 plugins.
Preloading 0 native plugins for Editor in 0.00 ms.
Unloading 1860 Unused Serialized files (Serialized files now loaded: 0)
System memory in use before: 107.3 MB.
System memory in use after: 107.3 MB.

Unloading 14 unused Assets to reduce memory usage. Loaded Objects now: 2449.
Total: 1.618300 ms (FindLiveObjects: 0.171200 ms CreateObjectMapping: 0.025000 ms MarkObjects: 1.288400 ms  DeleteObjects: 0.132300 ms)

AssetImportParameters requested are different than current active one (requested -> active):
  custom:graphics/normal-map-encoding: 01000000000000000000000000000000 -> 02000000000000000000000000000000
========================================================================
Received Prepare
Registering precompiled user dll's ...
Registered in 0.000999 seconds.
Begin MonoManager ReloadAssembly
Symbol file data-00000220445A3060 doesn't match image D:\github\Sample\HUNJIN\Library\ScriptAssemblies\Febucci.TextAnimator.Editor.dll
Symbol file LoadedFromMemory is not a mono symbol file
Symbol file data-0000022040B5F030 doesn't match image D:\github\Sample\HUNJIN\Library\ScriptAssemblies\Unity.2D.Animation.Editor.dll
Symbol file LoadedFromMemory is not a mono symbol file
Symbol file data-0000022040FB9530 doesn't match image D:\github\Sample\HUNJIN\Library\ScriptAssemblies\Unity.InternalAPIEngineBridge.001.dll
Symbol file LoadedFromMemory is not a mono symbol file
Symbol file data-0000022048CEF050 doesn't match image D:\github\Sample\HUNJIN\Library\ScriptAssemblies\Unity.VSCode.Editor.dll
Symbol file LoadedFromMemory is not a mono symbol file
Symbol file data-0000022040FC4800 doesn't match image D:\github\Sample\HUNJIN\Library\ScriptAssemblies\Febucci.TextAnimator.Demo.Runtime.dll
Symbol file LoadedFromMemory is not a mono symbol file
Symbol file data-000002204B56A3E0 doesn't match image D:\github\Sample\HUNJIN\Library\ScriptAssemblies\Unity.2D.PixelPerfect.dll
Symbol file LoadedFromMemory is not a mono symbol file
Symbol file data-000002204B891080 doesn't match image D:\github\Sample\HUNJIN\Library\ScriptAssemblies\Unity.2D.Tilemap.Editor.dll
Symbol file LoadedFromMemory is not a mono symbol file
Symbol file data-000002204B7F7060 doesn't match image D:\github\Sample\HUNJIN\Library\ScriptAssemblies\PsdPlugin.dll
Symbol file LoadedFromMemory is not a mono symbol file
Symbol file data-0000022047CD6060 doesn't match image D:\github\Sample\HUNJIN\Library\ScriptAssemblies\Unity.TextMeshPro.Editor.dll
Symbol file LoadedFromMemory is not a mono symbol file
Symbol file data-000002204B7F7060 doesn't match image D:\github\Sample\HUNJIN\Library\ScriptAssemblies\UnityEngine.TestRunner.dll
Symbol file LoadedFromMemory is not a mono symbol file
Symbol file data-000002204B891080 doesn't match image D:\github\Sample\HUNJIN\Library\ScriptAssemblies\Unity.Timeline.dll
Symbol file LoadedFromMemory is not a mono symbol file
Symbol file data-00000220452F7BF0 doesn't match image D:\github\Sample\HUNJIN\Library\ScriptAssemblies\Unity.TextMeshPro.dll
Symbol file LoadedFromMemory is not a mono symbol file
Symbol file data-000002204BDD6050 doesn't match image D:\github\Sample\HUNJIN\Library\ScriptAssemblies\UnityEditor.TestRunner.dll
Symbol file LoadedFromMemory is not a mono symbol file
Symbol file data-00000221F6FD7B20 doesn't match image D:\github\Sample\HUNJIN\Library\ScriptAssemblies\Unity.2D.IK.Editor.dll
Symbol file LoadedFromMemory is not a mono symbol file
Symbol file data-0000022047CD6060 doesn't match image D:\github\Sample\HUNJIN\Library\ScriptAssemblies\Unity.2D.Sprite.Editor.dll
Symbol file LoadedFromMemory is not a mono symbol file
Symbol file data-0000022047457D20 doesn't match image D:\github\Sample\HUNJIN\Library\ScriptAssemblies\Unity.2D.Psdimporter.Editor.dll
Symbol file LoadedFromMemory is not a mono symbol file
Symbol file data-00000220485BA0F0 doesn't match image D:\github\Sample\HUNJIN\Library\ScriptAssemblies\Unity.2D.Path.Editor.dll
Symbol file LoadedFromMemory is not a mono symbol file
Symbol file data-000002204050A3A0 doesn't match image D:\github\Sample\HUNJIN\Library\ScriptAssemblies\Febucci.TextAnimator.Demo.Editor.dll
Symbol file LoadedFromMemory is not a mono symbol file
Symbol file data-0000022047457D20 doesn't match image D:\github\Sample\HUNJIN\Library\ScriptAssemblies\UnityEditor.UI.dll
Symbol file LoadedFromMemory is not a mono symbol file
Symbol file data-00000220420CB1B0 doesn't match image D:\github\Sample\HUNJIN\Library\ScriptAssemblies\Unity.Rider.Editor.dll
Symbol file LoadedFromMemory is not a mono symbol file
Symbol file data-0000022047457D20 doesn't match image D:\github\Sample\HUNJIN\Library\ScriptAssemblies\Febucci.TextAnimator.Runtime.dll
Symbol file LoadedFromMemory is not a mono symbol file
Symbol file data-0000022040F45A20 doesn't match image D:\github\Sample\HUNJIN\Library\ScriptAssemblies\UnityEngine.UI.dll
Symbol file LoadedFromMemory is not a mono symbol file
Symbol file data-0000022045068000 doesn't match image D:\github\Sample\HUNJIN\Library\ScriptAssemblies\Unity.InternalAPIEditorBridge.001.dll
Symbol file LoadedFromMemory is not a mono symbol file
Symbol file data-00000220463400B0 doesn't match image D:\github\Sample\HUNJIN\Library\ScriptAssemblies\Unity.Mathematics.dll
Symbol file LoadedFromMemory is not a mono symbol file
Symbol file data-0000022044EF5010 doesn't match image D:\github\Sample\HUNJIN\Library\ScriptAssemblies\Unity.2D.IK.Runtime.dll
Symbol file LoadedFromMemory is not a mono symbol file
Symbol file data-000002204BD09100 doesn't match image D:\github\Sample\HUNJIN\Library\ScriptAssemblies\Unity.2D.Animation.Triangle.Runtime.dll
Symbol file LoadedFromMemory is not a mono symbol file
Symbol file data-000002204B7FFA70 doesn't match image D:\github\Sample\HUNJIN\Library\ScriptAssemblies\Unity.2D.Animation.Runtime.dll
Symbol file LoadedFromMemory is not a mono symbol file
Symbol file data-00000220439E7EF0 doesn't match image D:\github\Sample\HUNJIN\Library\ScriptAssemblies\Unity.2D.PixelPerfect.Editor.dll
Symbol file LoadedFromMemory is not a mono symbol file
Symbol file data-00000220463400B0 doesn't match image D:\github\Sample\HUNJIN\Library\ScriptAssemblies\Unity.Timeline.Editor.dll
Symbol file LoadedFromMemory is not a mono symbol file
Symbol file data-000002204B891080 doesn't match image D:\github\Sample\HUNJIN\Library\ScriptAssemblies\Unity.CollabProxy.Editor.dll
Symbol file LoadedFromMemory is not a mono symbol file
Symbol file data-0000022048C036E0 doesn't match image D:\github\Sample\HUNJIN\Library\ScriptAssemblies\Unity.Mathematics.Editor.dll
Symbol file LoadedFromMemory is not a mono symbol file
Symbol file data-000002204051CA90 doesn't match image D:\github\Sample\HUNJIN\Library\ScriptAssemblies\Unity.2D.Common.Runtime.dll
Symbol file LoadedFromMemory is not a mono symbol file
Symbol file data-0000022047457D20 doesn't match image D:\github\Sample\HUNJIN\Library\ScriptAssemblies\Unity.2D.SpriteShape.Editor.dll
Symbol file LoadedFromMemory is not a mono symbol file
Symbol file data-0000022048CEF050 doesn't match image D:\github\Sample\HUNJIN\Library\ScriptAssemblies\Unity.2D.Common.Editor.dll
Symbol file LoadedFromMemory is not a mono symbol file
Symbol file data-000002204B891080 doesn't match image D:\github\Sample\HUNJIN\Library\ScriptAssemblies\Unity.2D.SpriteShape.Runtime.dll
Symbol file LoadedFromMemory is not a mono symbol file
Native extension for WindowsStandalone target not found
Refreshing native plugins compatible for Editor in 0.39 ms, found 1 plugins.
Preloading 0 native plugins for Editor in 0.00 ms.
Mono: successfully reloaded assembly
- Completed reload, in  0.481 seconds
Platform modules already initialized, skipping
Switching build target platform(5) subTarget(0) extendedPlatform(0) -> platform(13) subTarget(537395200) extendedPlatform(0)
Refreshing native plugins compatible for Editor in 0.25 ms, found 1 plugins.
Preloading 0 native plugins for Editor in 0.00 ms.
Unloading 1860 Unused Serialized files (Serialized files now loaded: 0)
System memory in use before: 107.3 MB.
System memory in use after: 107.3 MB.

Unloading 14 unused Assets to reduce memory usage. Loaded Objects now: 2452.
Total: 1.314200 ms (FindLiveObjects: 0.104900 ms CreateObjectMapping: 0.023600 ms MarkObjects: 1.081400 ms  DeleteObjects: 0.103300 ms)

AssetImportParameters requested are different than current active one (requested -> active):
  custom:graphics/normal-map-encoding: 01000000000000000000000000000000 -> 02000000000000000000000000000000
========================================================================
Received Prepare
Registering precompiled user dll's ...
Registered in 0.000942 seconds.
Begin MonoManager ReloadAssembly
Symbol file data-00000220445A3060 doesn't match image D:\github\Sample\HUNJIN\Library\ScriptAssemblies\Febucci.TextAnimator.Editor.dll
Symbol file LoadedFromMemory is not a mono symbol file
Symbol file data-0000022040B5F030 doesn't match image D:\github\Sample\HUNJIN\Library\ScriptAssemblies\Unity.2D.Animation.Editor.dll
Symbol file LoadedFromMemory is not a mono symbol file
Symbol file data-00000221FBCF5780 doesn't match image D:\github\Sample\HUNJIN\Library\ScriptAssemblies\Unity.InternalAPIEngineBridge.001.dll
Symbol file LoadedFromMemory is not a mono symbol file
Symbol file data-0000022048CEF050 doesn't match image D:\github\Sample\HUNJIN\Library\ScriptAssemblies\Unity.VSCode.Editor.dll
Symbol file LoadedFromMemory is not a mono symbol file
Symbol file data-0000022048B2E590 doesn't match image D:\github\Sample\HUNJIN\Library\ScriptAssemblies\Febucci.TextAnimator.Demo.Runtime.dll
Symbol file LoadedFromMemory is not a mono symbol file
Symbol file data-000002204B56A3E0 doesn't match image D:\github\Sample\HUNJIN\Library\ScriptAssemblies\Unity.2D.PixelPerfect.dll
Symbol file LoadedFromMemory is not a mono symbol file
Symbol file data-000002204B998010 doesn't match image D:\github\Sample\HUNJIN\Library\ScriptAssemblies\Unity.2D.Tilemap.Editor.dll
Symbol file LoadedFromMemory is not a mono symbol file
Symbol file data-0000022044E3E030 doesn't match image D:\github\Sample\HUNJIN\Library\ScriptAssemblies\PsdPlugin.dll
Symbol file LoadedFromMemory is not a mono symbol file
Symbol file data-000002204B715030 doesn't match image D:\github\Sample\HUNJIN\Library\ScriptAssemblies\Unity.TextMeshPro.Editor.dll
Symbol file LoadedFromMemory is not a mono symbol file
Symbol file data-0000022044E3E030 doesn't match image D:\github\Sample\HUNJIN\Library\ScriptAssemblies\UnityEngine.TestRunner.dll
Symbol file LoadedFromMemory is not a mono symbol file
Symbol file data-000002204B998010 doesn't match image D:\github\Sample\HUNJIN\Library\ScriptAssemblies\Unity.Timeline.dll
Symbol file LoadedFromMemory is not a mono symbol file
Symbol file data-00000220452F7BF0 doesn't match image D:\github\Sample\HUNJIN\Library\ScriptAssemblies\Unity.TextMeshPro.dll
Symbol file LoadedFromMemory is not a mono symbol file
Symbol file data-0000022045639050 doesn't match image D:\github\Sample\HUNJIN\Library\ScriptAssemblies\UnityEditor.TestRunner.dll
Symbol file LoadedFromMemory is not a mono symbol file
Symbol file data-0000022048CEF050 doesn't match image D:\github\Sample\HUNJIN\Library\ScriptAssemblies\Unity.2D.IK.Editor.dll
Symbol file LoadedFromMemory is not a mono symbol file
Symbol file data-000002204B715030 doesn't match image D:\github\Sample\HUNJIN\Library\ScriptAssemblies\Unity.2D.Sprite.Editor.dll
Symbol file LoadedFromMemory is not a mono symbol file
Symbol file data-0000022047457D20 doesn't match image D:\github\Sample\HUNJIN\Library\ScriptAssemblies\Unity.2D.Psdimporter.Editor.dll
Symbol file LoadedFromMemory is not a mono symbol file
Symbol file data-0000022044E3E030 doesn't match image D:\github\Sample\HUNJIN\Library\ScriptAssemblies\Unity.2D.Path.Editor.dll
Symbol file LoadedFromMemory is not a mono symbol file
Symbol file data-00000220466A1370 doesn't match image D:\github\Sample\HUNJIN\Library\ScriptAssemblies\Febucci.TextAnimator.Demo.Editor.dll
Symbol file LoadedFromMemory is not a mono symbol file
Symbol file data-0000022047457D20 doesn't match image D:\github\Sample\HUNJIN\Library\ScriptAssemblies\UnityEditor.UI.dll
Symbol file LoadedFromMemory is not a mono symbol file
Symbol file data-00000220420CB1B0 doesn't match image D:\github\Sample\HUNJIN\Library\ScriptAssemblies\Unity.Rider.Editor.dll
Symbol file LoadedFromMemory is not a mono symbol file
Symbol file data-0000022047457D20 doesn't match image D:\github\Sample\HUNJIN\Library\ScriptAssemblies\Febucci.TextAnimator.Runtime.dll
Symbol file LoadedFromMemory is not a mono symbol file
Symbol file data-0000022040F45A20 doesn't match image D:\github\Sample\HUNJIN\Library\ScriptAssemblies\UnityEngine.UI.dll
Symbol file LoadedFromMemory is not a mono symbol file
Symbol file data-000002204B53AE00 doesn't match image D:\github\Sample\HUNJIN\Library\ScriptAssemblies\Unity.InternalAPIEditorBridge.001.dll
Symbol file LoadedFromMemory is not a mono symbol file
Symbol file data-00000220463400B0 doesn't match image D:\github\Sample\HUNJIN\Library\ScriptAssemblies\Unity.Mathematics.dll
Symbol file LoadedFromMemory is not a mono symbol file
Symbol file data-0000022048CEF050 doesn't match image D:\github\Sample\HUNJIN\Library\ScriptAssemblies\Unity.2D.IK.Runtime.dll
Symbol file LoadedFromMemory is not a mono symbol file
Symbol file data-0000022040F45A20 doesn't match image D:\github\Sample\HUNJIN\Library\ScriptAssemblies\Unity.2D.Animation.Triangle.Runtime.dll
Symbol file LoadedFromMemory is not a mono symbol file
Symbol file data-0000022045327C20 doesn't match image D:\github\Sample\HUNJIN\Library\ScriptAssemblies\Unity.2D.Animation.Runtime.dll
Symbol file LoadedFromMemory is not a mono symbol file
Symbol file data-000002204B52CD40 doesn't match image D:\github\Sample\HUNJIN\Library\ScriptAssemblies\Unity.2D.PixelPerfect.Editor.dll
Symbol file LoadedFromMemory is not a mono symbol file
Symbol file data-00000220463400B0 doesn't match image D:\github\Sample\HUNJIN\Library\ScriptAssemblies\Unity.Timeline.Editor.dll
Symbol file LoadedFromMemory is not a mono symbol file
Symbol file data-00000220490F8030 doesn't match image D:\github\Sample\HUNJIN\Library\ScriptAssemblies\Unity.CollabProxy.Editor.dll
Symbol file LoadedFromMemory is not a mono symbol file
Symbol file data-00000220450B8F50 doesn't match image D:\github\Sample\HUNJIN\Library\ScriptAssemblies\Unity.Mathematics.Editor.dll
Symbol file LoadedFromMemory is not a mono symbol file
Symbol file data-000002204051CA90 doesn't match image D:\github\Sample\HUNJIN\Library\ScriptAssemblies\Unity.2D.Common.Runtime.dll
Symbol file LoadedFromMemory is not a mono symbol file
Symbol file data-0000022047457D20 doesn't match image D:\github\Sample\HUNJIN\Library\ScriptAssemblies\Unity.2D.SpriteShape.Editor.dll
Symbol file LoadedFromMemory is not a mono symbol file
Symbol file data-0000022048CEF050 doesn't match image D:\github\Sample\HUNJIN\Library\ScriptAssemblies\Unity.2D.Common.Editor.dll
Symbol file LoadedFromMemory is not a mono symbol file
Symbol file data-00000220490F8030 doesn't match image D:\github\Sample\HUNJIN\Library\ScriptAssemblies\Unity.2D.SpriteShape.Runtime.dll
Symbol file LoadedFromMemory is not a mono symbol file
Native extension for WindowsStandalone target not found
Refreshing native plugins compatible for Editor in 0.24 ms, found 1 plugins.
Preloading 0 native plugins for Editor in 0.00 ms.
Mono: successfully reloaded assembly
- Completed reload, in  0.432 seconds
Platform modules already initialized, skipping
Switching build target platform(5) subTarget(0) extendedPlatform(0) -> platform(13) subTarget(537395200) extendedPlatform(0)
Refreshing native plugins compatible for Editor in 0.25 ms, found 1 plugins.
Preloading 0 native plugins for Editor in 0.00 ms.
Unloading 1860 Unused Serialized files (Serialized files now loaded: 0)
System memory in use before: 107.3 MB.
System memory in use after: 107.3 MB.

Unloading 14 unused Assets to reduce memory usage. Loaded Objects now: 2455.
Total: 1.365500 ms (FindLiveObjects: 0.132900 ms CreateObjectMapping: 0.029100 ms MarkObjects: 1.118400 ms  DeleteObjects: 0.084100 ms)

AssetImportParameters requested are different than current active one (requested -> active):
  custom:graphics/normal-map-encoding: 01000000000000000000000000000000 -> 02000000000000000000000000000000
========================================================================
Received Prepare
Registering precompiled user dll's ...
Registered in 0.000893 seconds.
Begin MonoManager ReloadAssembly
Symbol file data-00000220445A3060 doesn't match image D:\github\Sample\HUNJIN\Library\ScriptAssemblies\Febucci.TextAnimator.Editor.dll
Symbol file LoadedFromMemory is not a mono symbol file
Symbol file data-0000022040B5F030 doesn't match image D:\github\Sample\HUNJIN\Library\ScriptAssemblies\Unity.2D.Animation.Editor.dll
Symbol file LoadedFromMemory is not a mono symbol file
Symbol file data-000002204BDE60B0 doesn't match image D:\github\Sample\HUNJIN\Library\ScriptAssemblies\Unity.InternalAPIEngineBridge.001.dll
Symbol file LoadedFromMemory is not a mono symbol file
Symbol file data-0000022048CEF050 doesn't match image D:\github\Sample\HUNJIN\Library\ScriptAssemblies\Unity.VSCode.Editor.dll
Symbol file LoadedFromMemory is not a mono symbol file
Symbol file data-000002204BCF2B40 doesn't match image D:\github\Sample\HUNJIN\Library\ScriptAssemblies\Febucci.TextAnimator.Demo.Runtime.dll
Symbol file LoadedFromMemory is not a mono symbol file
Symbol file data-00000220408E8050 doesn't match image D:\github\Sample\HUNJIN\Library\ScriptAssemblies\Unity.2D.PixelPerfect.dll
Symbol file LoadedFromMemory is not a mono symbol file
Symbol file data-000002204B998010 doesn't match image D:\github\Sample\HUNJIN\Library\ScriptAssemblies\Unity.2D.Tilemap.Editor.dll
Symbol file LoadedFromMemory is not a mono symbol file
Symbol file data-000002204B5623C0 doesn't match image D:\github\Sample\HUNJIN\Library\ScriptAssemblies\PsdPlugin.dll
Symbol file LoadedFromMemory is not a mono symbol file
Symbol file data-000002204B891080 doesn't match image D:\github\Sample\HUNJIN\Library\ScriptAssemblies\Unity.TextMeshPro.Editor.dll
Symbol file LoadedFromMemory is not a mono symbol file
Symbol file data-000002204B998010 doesn't match image D:\github\Sample\HUNJIN\Library\ScriptAssemblies\UnityEngine.TestRunner.dll
Symbol file LoadedFromMemory is not a mono symbol file
Symbol file data-000002204B998010 doesn't match image D:\github\Sample\HUNJIN\Library\ScriptAssemblies\Unity.Timeline.dll
Symbol file LoadedFromMemory is not a mono symbol file
Symbol file data-00000220452F7BF0 doesn't match image D:\github\Sample\HUNJIN\Library\ScriptAssemblies\Unity.TextMeshPro.dll
Symbol file LoadedFromMemory is not a mono symbol file
Symbol file data-0000022045639050 doesn't match image D:\github\Sample\HUNJIN\Library\ScriptAssemblies\UnityEditor.TestRunner.dll
Symbol file LoadedFromMemory is not a mono symbol file
Symbol file data-00000221F6FD7B20 doesn't match image D:\github\Sample\HUNJIN\Library\ScriptAssemblies\Unity.2D.IK.Editor.dll
Symbol file LoadedFromMemory is not a mono symbol file
Symbol file data-000002204B891080 doesn't match image D:\github\Sample\HUNJIN\Library\ScriptAssemblies\Unity.2D.Sprite.Editor.dll
Symbol file LoadedFromMemory is not a mono symbol file
Symbol file data-00000221FBEAA880 doesn't match image D:\github\Sample\HUNJIN\Library\ScriptAssemblies\Unity.2D.Psdimporter.Editor.dll
Symbol file LoadedFromMemory is not a mono symbol file
Symbol file data-000002204B881080 doesn't match image D:\github\Sample\HUNJIN\Library\ScriptAssemblies\Unity.2D.Path.Editor.dll
Symbol file LoadedFromMemory is not a mono symbol file
Symbol file data-0000022044AB37E0 doesn't match image D:\github\Sample\HUNJIN\Library\ScriptAssemblies\Febucci.TextAnimator.Demo.Editor.dll
Symbol file LoadedFromMemory is not a mono symbol file
Symbol file data-00000221FBEAA880 doesn't match image D:\github\Sample\HUNJIN\Library\ScriptAssemblies\UnityEditor.UI.dll
Symbol file LoadedFromMemory is not a mono symbol file
Symbol file data-00000220420CB1B0 doesn't match image D:\github\Sample\HUNJIN\Library\ScriptAssemblies\Unity.Rider.Editor.dll
Symbol file LoadedFromMemory is not a mono symbol file
Symbol file data-00000221FBEAA880 doesn't match image D:\github\Sample\HUNJIN\Library\ScriptAssemblies\Febucci.TextAnimator.Runtime.dll
Symbol file LoadedFromMemory is not a mono symbol file
Symbol file data-0000022040F45A20 doesn't match image D:\github\Sample\HUNJIN\Library\ScriptAssemblies\UnityEngine.UI.dll
Symbol file LoadedFromMemory is not a mono symbol file
Symbol file data-000002204859AC20 doesn't match image D:\github\Sample\HUNJIN\Library\ScriptAssemblies\Unity.InternalAPIEditorBridge.001.dll
Symbol file LoadedFromMemory is not a mono symbol file
Symbol file data-00000220463400B0 doesn't match image D:\github\Sample\HUNJIN\Library\ScriptAssemblies\Unity.Mathematics.dll
Symbol file LoadedFromMemory is not a mono symbol file
Symbol file data-0000022044EF5010 doesn't match image D:\github\Sample\HUNJIN\Library\ScriptAssemblies\Unity.2D.IK.Runtime.dll
Symbol file LoadedFromMemory is not a mono symbol file
Symbol file data-0000022040F45A20 doesn't match image D:\github\Sample\HUNJIN\Library\ScriptAssemblies\Unity.2D.Animation.Triangle.Runtime.dll
Symbol file LoadedFromMemory is not a mono symbol file
Symbol file data-0000022045327C20 doesn't match image D:\github\Sample\HUNJIN\Library\ScriptAssemblies\Unity.2D.Animation.Runtime.dll
Symbol file LoadedFromMemory is not a mono symbol file
Symbol file data-00000220489299B0 doesn't match image D:\github\Sample\HUNJIN\Library\ScriptAssemblies\Unity.2D.PixelPerfect.Editor.dll
Symbol file LoadedFromMemory is not a mono symbol file
Symbol file data-00000220463400B0 doesn't match image D:\github\Sample\HUNJIN\Library\ScriptAssemblies\Unity.Timeline.Editor.dll
Symbol file LoadedFromMemory is not a mono symbol file
Symbol file data-000002204B998010 doesn't match image D:\github\Sample\HUNJIN\Library\ScriptAssemblies\Unity.CollabProxy.Editor.dll
Symbol file LoadedFromMemory is not a mono symbol file
Symbol file data-000002204B536EA0 doesn't match image D:\github\Sample\HUNJIN\Library\ScriptAssemblies\Unity.Mathematics.Editor.dll
Symbol file LoadedFromMemory is not a mono symbol file
Symbol file data-000002204051CDF0 doesn't match image D:\github\Sample\HUNJIN\Library\ScriptAssemblies\Unity.2D.Common.Runtime.dll
Symbol file LoadedFromMemory is not a mono symbol file
Symbol file data-00000221FBEAA880 doesn't match image D:\github\Sample\HUNJIN\Library\ScriptAssemblies\Unity.2D.SpriteShape.Editor.dll
Symbol file LoadedFromMemory is not a mono symbol file
Symbol file data-0000022048CEF050 doesn't match image D:\github\Sample\HUNJIN\Library\ScriptAssemblies\Unity.2D.Common.Editor.dll
Symbol file LoadedFromMemory is not a mono symbol file
Symbol file data-000002204B998010 doesn't match image D:\github\Sample\HUNJIN\Library\ScriptAssemblies\Unity.2D.SpriteShape.Runtime.dll
Symbol file LoadedFromMemory is not a mono symbol file
Native extension for WindowsStandalone target not found
Refreshing native plugins compatible for Editor in 0.25 ms, found 1 plugins.
Preloading 0 native plugins for Editor in 0.00 ms.
Mono: successfully reloaded assembly
- Completed reload, in  0.449 seconds
Platform modules already initialized, skipping
Switching build target platform(5) subTarget(0) extendedPlatform(0) -> platform(13) subTarget(537395200) extendedPlatform(0)
Refreshing native plugins compatible for Editor in 0.25 ms, found 1 plugins.
Preloading 0 native plugins for Editor in 0.00 ms.
Unloading 1860 Unused Serialized files (Serialized files now loaded: 0)
System memory in use before: 107.3 MB.
System memory in use after: 107.3 MB.

Unloading 14 unused Assets to reduce memory usage. Loaded Objects now: 2458.
Total: 1.346300 ms (FindLiveObjects: 0.131700 ms CreateObjectMapping: 0.025900 ms MarkObjects: 1.106300 ms  DeleteObjects: 0.081500 ms)

AssetImportParameters requested are different than current active one (requested -> active):
  custom:graphics/normal-map-encoding: 01000000000000000000000000000000 -> 02000000000000000000000000000000
========================================================================
Received Prepare
Registering precompiled user dll's ...
Registered in 0.000940 seconds.
Begin MonoManager ReloadAssembly
Symbol file data-00000220445A3060 doesn't match image D:\github\Sample\HUNJIN\Library\ScriptAssemblies\Febucci.TextAnimator.Editor.dll
Symbol file LoadedFromMemory is not a mono symbol file
Symbol file data-0000022040B5F030 doesn't match image D:\github\Sample\HUNJIN\Library\ScriptAssemblies\Unity.2D.Animation.Editor.dll
Symbol file LoadedFromMemory is not a mono symbol file
Symbol file data-00000220417E35A0 doesn't match image D:\github\Sample\HUNJIN\Library\ScriptAssemblies\Unity.InternalAPIEngineBridge.001.dll
Symbol file LoadedFromMemory is not a mono symbol file
Symbol file data-0000022048CEF050 doesn't match image D:\github\Sample\HUNJIN\Library\ScriptAssemblies\Unity.VSCode.Editor.dll
Symbol file LoadedFromMemory is not a mono symbol file
Symbol file data-00000221F6FD7B70 doesn't match image D:\github\Sample\HUNJIN\Library\ScriptAssemblies\Febucci.TextAnimator.Demo.Runtime.dll
Symbol file LoadedFromMemory is not a mono symbol file
Symbol file data-0000022044E49640 doesn't match image D:\github\Sample\HUNJIN\Library\ScriptAssemblies\Unity.2D.PixelPerfect.dll
Symbol file LoadedFromMemory is not a mono symbol file
Symbol file data-000002204B998010 doesn't match image D:\github\Sample\HUNJIN\Library\ScriptAssemblies\Unity.2D.Tilemap.Editor.dll
Symbol file LoadedFromMemory is not a mono symbol file
Symbol file data-000002204B5623C0 doesn't match image D:\github\Sample\HUNJIN\Library\ScriptAssemblies\PsdPlugin.dll
Symbol file LoadedFromMemory is not a mono symbol file
Symbol file data-000002204B891080 doesn't match image D:\github\Sample\HUNJIN\Library\ScriptAssemblies\Unity.TextMeshPro.Editor.dll
Symbol file LoadedFromMemory is not a mono symbol file
Symbol file data-00000220490F8030 doesn't match image D:\github\Sample\HUNJIN\Library\ScriptAssemblies\UnityEngine.TestRunner.dll
Symbol file LoadedFromMemory is not a mono symbol file
Symbol file data-000002204B998010 doesn't match image D:\github\Sample\HUNJIN\Library\ScriptAssemblies\Unity.Timeline.dll
Symbol file LoadedFromMemory is not a mono symbol file
Symbol file data-00000220452F7BF0 doesn't match image D:\github\Sample\HUNJIN\Library\ScriptAssemblies\Unity.TextMeshPro.dll
Symbol file LoadedFromMemory is not a mono symbol file
Symbol file data-0000022045639050 doesn't match image D:\github\Sample\HUNJIN\Library\ScriptAssemblies\UnityEditor.TestRunner.dll
Symbol file LoadedFromMemory is not a mono symbol file
Symbol file data-000002204745C980 doesn't match image D:\github\Sample\HUNJIN\Library\ScriptAssemblies\Unity.2D.IK.Editor.dll
Symbol file LoadedFromMemory is not a mono symbol file
Symbol file data-000002204B891080 doesn't match image D:\github\Sample\HUNJIN\Library\ScriptAssemblies\Unity.2D.Sprite.Editor.dll
Symbol file LoadedFromMemory is not a mono symbol file
Symbol file data-0000022044AEE8A0 doesn't match image D:\github\Sample\HUNJIN\Library\ScriptAssemblies\Unity.2D.Psdimporter.Editor.dll
Symbol file LoadedFromMemory is not a mono symbol file
Symbol file data-00000220460FA060 doesn't match image D:\github\Sample\HUNJIN\Library\ScriptAssemblies\Unity.2D.Path.Editor.dll
Symbol file LoadedFromMemory is not a mono symbol file
Symbol file data-0000022046BA86B0 doesn't match image D:\github\Sample\HUNJIN\Library\ScriptAssemblies\Febucci.TextAnimator.Demo.Editor.dll
Symbol file LoadedFromMemory is not a mono symbol file
Symbol file data-0000022044AEE8A0 doesn't match image D:\github\Sample\HUNJIN\Library\ScriptAssemblies\UnityEditor.UI.dll
Symbol file LoadedFromMemory is not a mono symbol file
Symbol file data-00000220420CB1B0 doesn't match image D:\github\Sample\HUNJIN\Library\ScriptAssemblies\Unity.Rider.Editor.dll
Symbol file LoadedFromMemory is not a mono symbol file
Symbol file data-0000022044AEE8A0 doesn't match image D:\github\Sample\HUNJIN\Library\ScriptAssemblies\Febucci.TextAnimator.Runtime.dll
Symbol file LoadedFromMemory is not a mono symbol file
Symbol file data-0000022040F45A20 doesn't match image D:\github\Sample\HUNJIN\Library\ScriptAssemblies\UnityEngine.UI.dll
Symbol file LoadedFromMemory is not a mono symbol file
Symbol file data-00000220473CA7E0 doesn't match image D:\github\Sample\HUNJIN\Library\ScriptAssemblies\Unity.InternalAPIEditorBridge.001.dll
Symbol file LoadedFromMemory is not a mono symbol file
Symbol file data-00000220463400B0 doesn't match image D:\github\Sample\HUNJIN\Library\ScriptAssemblies\Unity.Mathematics.dll
Symbol file LoadedFromMemory is not a mono symbol file
Symbol file data-0000022044EF5010 doesn't match image D:\github\Sample\HUNJIN\Library\ScriptAssemblies\Unity.2D.IK.Runtime.dll
Symbol file LoadedFromMemory is not a mono symbol file
Symbol file data-000002204BDE7070 doesn't match image D:\github\Sample\HUNJIN\Library\ScriptAssemblies\Unity.2D.Animation.Triangle.Runtime.dll
Symbol file LoadedFromMemory is not a mono symbol file
Symbol file data-0000022045327C20 doesn't match image D:\github\Sample\HUNJIN\Library\ScriptAssemblies\Unity.2D.Animation.Runtime.dll
Symbol file LoadedFromMemory is not a mono symbol file
Symbol file data-00000220488CE1F0 doesn't match image D:\github\Sample\HUNJIN\Library\ScriptAssemblies\Unity.2D.PixelPerfect.Editor.dll
Symbol file LoadedFromMemory is not a mono symbol file
Symbol file data-00000220463400B0 doesn't match image D:\github\Sample\HUNJIN\Library\ScriptAssemblies\Unity.Timeline.Editor.dll
Symbol file LoadedFromMemory is not a mono symbol file
Symbol file data-00000220490F8030 doesn't match image D:\github\Sample\HUNJIN\Library\ScriptAssemblies\Unity.CollabProxy.Editor.dll
Symbol file LoadedFromMemory is not a mono symbol file
Symbol file data-0000022048191D20 doesn't match image D:\github\Sample\HUNJIN\Library\ScriptAssemblies\Unity.Mathematics.Editor.dll
Symbol file LoadedFromMemory is not a mono symbol file
Symbol file data-000002204051CA90 doesn't match image D:\github\Sample\HUNJIN\Library\ScriptAssemblies\Unity.2D.Common.Runtime.dll
Symbol file LoadedFromMemory is not a mono symbol file
Symbol file data-0000022044AEE8A0 doesn't match image D:\github\Sample\HUNJIN\Library\ScriptAssemblies\Unity.2D.SpriteShape.Editor.dll
Symbol file LoadedFromMemory is not a mono symbol file
Symbol file data-0000022048CEF050 doesn't match image D:\github\Sample\HUNJIN\Library\ScriptAssemblies\Unity.2D.Common.Editor.dll
Symbol file LoadedFromMemory is not a mono symbol file
Symbol file data-00000220490F8030 doesn't match image D:\github\Sample\HUNJIN\Library\ScriptAssemblies\Unity.2D.SpriteShape.Runtime.dll
Symbol file LoadedFromMemory is not a mono symbol file
Native extension for WindowsStandalone target not found
Refreshing native plugins compatible for Editor in 0.34 ms, found 1 plugins.
Preloading 0 native plugins for Editor in 0.00 ms.
Mono: successfully reloaded assembly
- Completed reload, in  0.492 seconds
Platform modules already initialized, skipping
Switching build target platform(5) subTarget(0) extendedPlatform(0) -> platform(13) subTarget(537395200) extendedPlatform(0)
Refreshing native plugins compatible for Editor in 0.24 ms, found 1 plugins.
Preloading 0 native plugins for Editor in 0.00 ms.
Unloading 1860 Unused Serialized files (Serialized files now loaded: 0)
System memory in use before: 107.3 MB.
System memory in use after: 107.3 MB.

Unloading 14 unused Assets to reduce memory usage. Loaded Objects now: 2461.
Total: 1.207400 ms (FindLiveObjects: 0.113800 ms CreateObjectMapping: 0.024700 ms MarkObjects: 0.992600 ms  DeleteObjects: 0.075600 ms)

AssetImportParameters requested are different than current active one (requested -> active):
  custom:graphics/normal-map-encoding: 01000000000000000000000000000000 -> 02000000000000000000000000000000
AssetImportWorkerClient::OnTransportError - code=2 error=End of file
