Using pre-set license
Built from '2022.3/respin/2022.3.62f2-4af31df585-v2' branch; Version is '2022.3.62f3 (96770f904ca7) revision 9860879'; Using compiler version '192829333'; Build Type 'Release'
OS: 'Windows 11  (10.0.22631) 64bit Core' Language: 'ko' Physical Memory: 48983 MB
BatchMode: 1, IsHumanControllingUs: 0, StartBugReporterOnCrash: 0, Is64bit: 1, IsPro: 1

COMMAND LINE ARGUMENTS:
D:\Unity\2022.3.62f3\Editor\Unity.exe
-adb2
-batchMode
-noUpm
-name
AssetImportWorker0
-projectPath
D:/github/Sample/HUNJIN
-logFile
Logs/AssetImportWorker0.log
-srvPort
11796
Successfully changed project path to: D:/github/Sample/HUNJIN
D:/github/Sample/HUNJIN
[UnityMemory] Configuration Parameters - Can be set up in boot.config
    "memorysetup-bucket-allocator-granularity=16"
    "memorysetup-bucket-allocator-bucket-count=8"
    "memorysetup-bucket-allocator-block-size=33554432"
    "memorysetup-bucket-allocator-block-count=8"
    "memorysetup-main-allocator-block-size=16777216"
    "memorysetup-thread-allocator-block-size=16777216"
    "memorysetup-gfx-main-allocator-block-size=16777216"
    "memorysetup-gfx-thread-allocator-block-size=16777216"
    "memorysetup-cache-allocator-block-size=4194304"
    "memorysetup-typetree-allocator-block-size=2097152"
    "memorysetup-profiler-bucket-allocator-granularity=16"
    "memorysetup-profiler-bucket-allocator-bucket-count=8"
    "memorysetup-profiler-bucket-allocator-block-size=33554432"
    "memorysetup-profiler-bucket-allocator-block-count=8"
    "memorysetup-profiler-allocator-block-size=16777216"
    "memorysetup-profiler-editor-allocator-block-size=1048576"
    "memorysetup-temp-allocator-size-main=16777216"
    "memorysetup-job-temp-allocator-block-size=2097152"
    "memorysetup-job-temp-allocator-block-size-background=1048576"
    "memorysetup-job-temp-allocator-reduction-small-platforms=262144"
    "memorysetup-allocator-temp-initial-block-size-main=262144"
    "memorysetup-allocator-temp-initial-block-size-worker=262144"
    "memorysetup-temp-allocator-size-background-worker=32768"
    "memorysetup-temp-allocator-size-job-worker=262144"
    "memorysetup-temp-allocator-size-preload-manager=33554432"
    "memorysetup-temp-allocator-size-nav-mesh-worker=65536"
    "memorysetup-temp-allocator-size-audio-worker=65536"
    "memorysetup-temp-allocator-size-cloud-worker=32768"
    "memorysetup-temp-allocator-size-gi-baking-worker=262144"
    "memorysetup-temp-allocator-size-gfx=262144"
Player connection [28020]  Target information:

Player connection [28020]  * "[IP] 192.168.45.187 [Port] 0 [Flags] 2 [Guid] 417704543 [EditorId] 417704543 [Version] 1048832 [Id] WindowsEditor(7,DESKTOP-PEUAI9S) [Debug] 1 [PackageName] WindowsEditor [ProjectName] Editor" 

Player connection [28020]  * "[IP] 10.5.0.2 [Port] 0 [Flags] 2 [Guid] 417704543 [EditorId] 417704543 [Version] 1048832 [Id] WindowsEditor(7,DESKTOP-PEUAI9S) [Debug] 1 [PackageName] WindowsEditor [ProjectName] Editor" 

Player connection [28020]  * "[IP] 192.168.45.215 [Port] 0 [Flags] 2 [Guid] 417704543 [EditorId] 417704543 [Version] 1048832 [Id] WindowsEditor(7,DESKTOP-PEUAI9S) [Debug] 1 [PackageName] WindowsEditor [ProjectName] Editor" 

Player connection [28020]  * "[IP] 192.168.137.1 [Port] 0 [Flags] 2 [Guid] 417704543 [EditorId] 417704543 [Version] 1048832 [Id] WindowsEditor(7,DESKTOP-PEUAI9S) [Debug] 1 [PackageName] WindowsEditor [ProjectName] Editor" 

Player connection [28020] Host joined multi-casting on [225.0.0.222:54997]...
Player connection [28020] Host joined alternative multi-casting on [225.0.0.222:34997]...
Input System module state changed to: Initialized.
[PhysX] Initialized MultithreadedTaskDispatcher with 24 workers.
Refreshing native plugins compatible for Editor in 3.95 ms, found 3 plugins.
Preloading 0 native plugins for Editor in 0.00 ms.
Initialize engine version: 2022.3.62f3 (96770f904ca7)
[Subsystems] Discovering subsystems at path D:/Unity/2022.3.62f3/Editor/Data/Resources/UnitySubsystems
[Subsystems] Discovering subsystems at path D:/github/Sample/HUNJIN/Assets
GfxDevice: creating device client; threaded=0; jobified=0
Direct3D:
    Version:  Direct3D 11.0 [level 11.1]
    Renderer: NVIDIA GeForce RTX 4070 Ti (ID=0x2782)
    Vendor:   NVIDIA
    VRAM:     11996 MB
    Driver:   32.0.15.6094
Initialize mono
Mono path[0] = 'D:/Unity/2022.3.62f3/Editor/Data/Managed'
Mono path[1] = 'D:/Unity/2022.3.62f3/Editor/Data/MonoBleedingEdge/lib/mono/unityjit-win32'
Mono config path = 'D:/Unity/2022.3.62f3/Editor/Data/MonoBleedingEdge/etc'
Using monoOptions --debugger-agent=transport=dt_socket,embedding=1,server=y,suspend=n,address=127.0.0.1:56760
Begin MonoManager ReloadAssembly
Registering precompiled unity dll's ...
Register platform support module: D:/Unity/2022.3.62f3/Editor/Data/PlaybackEngines/WindowsStandaloneSupport/UnityEditor.WindowsStandalone.Extensions.dll
Registered in 0.001508 seconds.
- Loaded All Assemblies, in  0.288 seconds
Native extension for WindowsStandalone target not found
Mono: successfully reloaded assembly
- Finished resetting the current domain, in  0.211 seconds
Domain Reload Profiling: 499ms
	BeginReloadAssembly (107ms)
		ExecutionOrderSort (0ms)
		DisableScriptedObjects (0ms)
		BackupInstance (0ms)
		ReleaseScriptingObjects (0ms)
		CreateAndSetChildDomain (0ms)
	RebuildCommonClasses (28ms)
	RebuildNativeTypeToScriptingClass (7ms)
	initialDomainReloadingComplete (33ms)
	LoadAllAssembliesAndSetupDomain (113ms)
		LoadAssemblies (107ms)
		RebuildTransferFunctionScriptingTraits (0ms)
		AnalyzeDomain (111ms)
			TypeCache.Refresh (110ms)
				TypeCache.ScanAssembly (95ms)
			ScanForSourceGeneratedMonoScriptInfo (1ms)
			ResolveRequiredComponents (0ms)
	FinalizeReload (212ms)
		ReleaseScriptCaches (0ms)
		RebuildScriptCaches (0ms)
		SetupLoadedEditorAssemblies (177ms)
			LogAssemblyErrors (0ms)
			InitializePlatformSupportModulesInManaged (5ms)
			SetLoadedEditorAssemblies (5ms)
			RefreshPlugins (0ms)
			BeforeProcessingInitializeOnLoad (2ms)
			ProcessInitializeOnLoadAttributes (115ms)
			ProcessInitializeOnLoadMethodAttributes (49ms)
			AfterProcessingInitializeOnLoad (0ms)
			EditorAssembliesLoaded (0ms)
		ExecutionOrderSort2 (0ms)
		AwakeInstancesAfterBackupRestoration (0ms)
========================================================================
Worker process is ready to serve import requests
Caller must complete domain reload
0x00007ff6064b9e7d (Unity) StackWalker::GetCurrentCallstack
0x00007ff6064bef59 (Unity) StackWalker::ShowCallstack
0x00007ff60747e361 (Unity) GetStacktrace
0x00007ff607b3013e (Unity) DebugStringToFile
0x00007ff607b2fe7a (Unity) AssertImplementation
0x00007ff6073235ec (Unity) Internal_ADB_WorkerOnly_DomainReload
0x00007ff6077fbc34 (Unity) WorkerDomainReloadV2
0x00007ff60781c33f (Unity) <lambda_bd9feab06dbba294185f397e54dade9c>::operator()
0x00007ff607858812 (Unity) asio::detail::completion_handler<core::mutable_function<void __cdecl(void)>,asio::io_context::basic_executor_type<std::allocator<void>,0> >::do_complete
0x00007ff6078447be (Unity) asio::detail::win_iocp_io_context::do_one
0x00007ff6078463ee (Unity) asio::detail::win_iocp_io_context::run
0x00007ff607856bbc (Unity) IOService::Run
0x00007ff607829fff (Unity) AssetImportWorkerClient::Run
0x00007ff6077f57e7 (Unity) RunAssetImportWorkerClientV2
0x00007ff6077f586b (Unity) RunAssetImporterV2
0x00007ff60700de2e (Unity) Application::InitializeProject
0x00007ff607489015 (Unity) WinMain
0x00007ff60884b3ee (Unity) __scrt_common_main_seh
0x00007ffef33c259d (KERNEL32) BaseThreadInitThunk
0x00007ffef37caf38 (ntdll) RtlUserThreadStart

Begin MonoManager ReloadAssembly
- Loaded All Assemblies, in  0.430 seconds
Native extension for WindowsStandalone target not found
Mono: successfully reloaded assembly
- Finished resetting the current domain, in  0.386 seconds
Domain Reload Profiling: 817ms
	BeginReloadAssembly (98ms)
		ExecutionOrderSort (0ms)
		DisableScriptedObjects (3ms)
		BackupInstance (0ms)
		ReleaseScriptingObjects (0ms)
		CreateAndSetChildDomain (12ms)
	RebuildCommonClasses (24ms)
	RebuildNativeTypeToScriptingClass (7ms)
	initialDomainReloadingComplete (22ms)
	LoadAllAssembliesAndSetupDomain (279ms)
		LoadAssemblies (242ms)
		RebuildTransferFunctionScriptingTraits (0ms)
		AnalyzeDomain (98ms)
			TypeCache.Refresh (82ms)
				TypeCache.ScanAssembly (69ms)
			ScanForSourceGeneratedMonoScriptInfo (13ms)
			ResolveRequiredComponents (2ms)
	FinalizeReload (387ms)
		ReleaseScriptCaches (0ms)
		RebuildScriptCaches (0ms)
		SetupLoadedEditorAssemblies (284ms)
			LogAssemblyErrors (0ms)
			InitializePlatformSupportModulesInManaged (3ms)
			SetLoadedEditorAssemblies (3ms)
			RefreshPlugins (0ms)
			BeforeProcessingInitializeOnLoad (37ms)
			ProcessInitializeOnLoadAttributes (214ms)
			ProcessInitializeOnLoadMethodAttributes (26ms)
			AfterProcessingInitializeOnLoad (1ms)
			EditorAssembliesLoaded (0ms)
		ExecutionOrderSort2 (0ms)
		AwakeInstancesAfterBackupRestoration (5ms)
Launched and connected shader compiler UnityShaderCompiler.exe after 0.04 seconds
Refreshing native plugins compatible for Editor in 2.27 ms, found 3 plugins.
Preloading 0 native plugins for Editor in 0.00 ms.
Unloading 2482 Unused Serialized files (Serialized files now loaded: 0)
Unloading 28 unused Assets / (28.2 KB). Loaded Objects now: 2980.
Memory consumption went from 130.2 MB to 130.1 MB.
Total: 2.579500 ms (FindLiveObjects: 0.179600 ms CreateObjectMapping: 0.036700 ms MarkObjects: 2.321700 ms  DeleteObjects: 0.040600 ms)

AssetImportParameters requested are different than current active one (requested -> active):
  custom:video-decoder-webm-vp8: 9c59270c3fd7afecdb556c50c9e8de78 -> 
  custom:SearchIndexIgnoredProperties: e643bd26f0fe6173181afceb89e7c659 -> 
  custom:container-demuxer-ogg: 62fdf1f143b41e24485cea50d1cbac27 -> 
  custom:AudioImporter_EditorPlatform: d09bf68614088b80899f8185d706f6e7 -> 
  custom:video-codec-MediaFoundation-h265: 746d11721c4dcdbdad8f713fa42b33f4 -> 
  custom:video-decoder-ogg-theora: a1e56fd34408186e4bbccfd4996cb3dc -> 
  custom:framework-win-MediaFoundation: 216162199b28c13a410421893ffa2e32 -> 
  custom:video-encoder-webm-vp8: eb34c28f22e8b96e1ab97ce403110664 -> 
  custom:audio-decoder-ogg-vorbis: bf7c407c2cedff20999df2af8eb42d56 -> 
  custom:CustomObjectIndexerAttribute: 9a22284fe3817be447336de3de66b15e -> 
  custom:container-demuxer-webm: 4f35f7cbe854078d1ac9338744f61a02 -> 
  custom:audio-encoder-webm-vorbis: bf7c407c2cedff20999df2af8eb42d56 -> 
  custom:container-muxer-webm: aa71ff27fc2769a1b78a27578f13a17b -> 
========================================================================
Received Import Request.
  Time since last request: 4854.270210 seconds.
  path: Assets/Scenes/Script/DeliveryService.cs
  artifactKey: Guid(226fac9c39c86a74d88419314631041d) Importer(815301076,1909f56bfc062723c751e8b465ee728b)
Start importing Assets/Scenes/Script/DeliveryService.cs using Guid(226fac9c39c86a74d88419314631041d) Importer(815301076,1909f56bfc062723c751e8b465ee728b) [PhysX] Initialized MultithreadedTaskDispatcher with 24 workers.
 -> (artifact id: '1a434174482822f6cb8dd0ee20dc8dcb') in 0.021143 seconds
Number of updated asset objects reloaded before import = 0
Number of asset objects unloaded after import = 0
========================================================================
Received Import Request.
  Time since last request: 9.565228 seconds.
  path: Assets/Scenes/Script/DeliveryService.cs
  artifactKey: Guid(226fac9c39c86a74d88419314631041d) Importer(815301076,1909f56bfc062723c751e8b465ee728b)
Start importing Assets/Scenes/Script/DeliveryService.cs using Guid(226fac9c39c86a74d88419314631041d) Importer(815301076,1909f56bfc062723c751e8b465ee728b) [PhysX] Initialized MultithreadedTaskDispatcher with 24 workers.
 -> (artifact id: 'ad4d1ab2f63f4227e2e70daf44cc4226') in 0.000403 seconds
Number of updated asset objects reloaded before import = 0
Number of asset objects unloaded after import = 0
========================================================================
Received Prepare
Caller must complete domain reload
0x00007ff6064b9e7d (Unity) StackWalker::GetCurrentCallstack
0x00007ff6064bef59 (Unity) StackWalker::ShowCallstack
0x00007ff60747e361 (Unity) GetStacktrace
0x00007ff607b3013e (Unity) DebugStringToFile
0x00007ff607b2fe7a (Unity) AssertImplementation
0x00007ff6073235ec (Unity) Internal_ADB_WorkerOnly_DomainReload
0x00007ff6077fbc34 (Unity) WorkerDomainReloadV2
0x00007ff60781bd95 (Unity) <lambda_a753820fe7e089d32000383f09f6e370>::operator()
0x00007ff607858812 (Unity) asio::detail::completion_handler<core::mutable_function<void __cdecl(void)>,asio::io_context::basic_executor_type<std::allocator<void>,0> >::do_complete
0x00007ff6078447be (Unity) asio::detail::win_iocp_io_context::do_one
0x00007ff607846424 (Unity) asio::detail::win_iocp_io_context::run
0x00007ff607856bbc (Unity) IOService::Run
0x00007ff607829fff (Unity) AssetImportWorkerClient::Run
0x00007ff6077f57e7 (Unity) RunAssetImportWorkerClientV2
0x00007ff6077f586b (Unity) RunAssetImporterV2
0x00007ff60700de2e (Unity) Application::InitializeProject
0x00007ff607489015 (Unity) WinMain
0x00007ff60884b3ee (Unity) __scrt_common_main_seh
0x00007ffef33c259d (KERNEL32) BaseThreadInitThunk
0x00007ffef37caf38 (ntdll) RtlUserThreadStart

Begin MonoManager ReloadAssembly
- Loaded All Assemblies, in  0.327 seconds
Native extension for WindowsStandalone target not found
Mono: successfully reloaded assembly
- Finished resetting the current domain, in  0.298 seconds
Domain Reload Profiling: 626ms
	BeginReloadAssembly (185ms)
		ExecutionOrderSort (0ms)
		DisableScriptedObjects (93ms)
		BackupInstance (0ms)
		ReleaseScriptingObjects (0ms)
		CreateAndSetChildDomain (25ms)
	RebuildCommonClasses (17ms)
	RebuildNativeTypeToScriptingClass (7ms)
	initialDomainReloadingComplete (13ms)
	LoadAllAssembliesAndSetupDomain (105ms)
		LoadAssemblies (146ms)
		RebuildTransferFunctionScriptingTraits (0ms)
		AnalyzeDomain (7ms)
			TypeCache.Refresh (4ms)
				TypeCache.ScanAssembly (0ms)
			ScanForSourceGeneratedMonoScriptInfo (0ms)
			ResolveRequiredComponents (2ms)
	FinalizeReload (298ms)
		ReleaseScriptCaches (0ms)
		RebuildScriptCaches (0ms)
		SetupLoadedEditorAssemblies (210ms)
			LogAssemblyErrors (0ms)
			InitializePlatformSupportModulesInManaged (3ms)
			SetLoadedEditorAssemblies (3ms)
			RefreshPlugins (0ms)
			BeforeProcessingInitializeOnLoad (30ms)
			ProcessInitializeOnLoadAttributes (158ms)
			ProcessInitializeOnLoadMethodAttributes (16ms)
			AfterProcessingInitializeOnLoad (1ms)
			EditorAssembliesLoaded (0ms)
		ExecutionOrderSort2 (0ms)
		AwakeInstancesAfterBackupRestoration (7ms)
Refreshing native plugins compatible for Editor in 1.13 ms, found 3 plugins.
Preloading 0 native plugins for Editor in 0.00 ms.
Unloading 2457 Unused Serialized files (Serialized files now loaded: 0)
Unloading 16 unused Assets / (29.6 KB). Loaded Objects now: 2985.
Memory consumption went from 124.9 MB to 124.9 MB.
Total: 1.898900 ms (FindLiveObjects: 0.150300 ms CreateObjectMapping: 0.033400 ms MarkObjects: 1.686100 ms  DeleteObjects: 0.028400 ms)

Prepare: number of updated asset objects reloaded= 0
AssetImportParameters requested are different than current active one (requested -> active):
  custom:video-decoder-webm-vp8: 9c59270c3fd7afecdb556c50c9e8de78 -> 
  custom:SearchIndexIgnoredProperties: e643bd26f0fe6173181afceb89e7c659 -> 
  custom:container-demuxer-ogg: 62fdf1f143b41e24485cea50d1cbac27 -> 
  custom:AudioImporter_EditorPlatform: d09bf68614088b80899f8185d706f6e7 -> 
  custom:video-codec-MediaFoundation-h265: 746d11721c4dcdbdad8f713fa42b33f4 -> 
  custom:video-decoder-ogg-theora: a1e56fd34408186e4bbccfd4996cb3dc -> 
  custom:framework-win-MediaFoundation: 216162199b28c13a410421893ffa2e32 -> 
  custom:video-encoder-webm-vp8: eb34c28f22e8b96e1ab97ce403110664 -> 
  custom:audio-decoder-ogg-vorbis: bf7c407c2cedff20999df2af8eb42d56 -> 
  custom:CustomObjectIndexerAttribute: 9a22284fe3817be447336de3de66b15e -> 
  custom:container-demuxer-webm: 4f35f7cbe854078d1ac9338744f61a02 -> 
  custom:audio-encoder-webm-vorbis: bf7c407c2cedff20999df2af8eb42d56 -> 
  custom:container-muxer-webm: aa71ff27fc2769a1b78a27578f13a17b -> 
========================================================================
Received Import Request.
  Time since last request: 6877.188832 seconds.
  path: Assets/Scenes/Script/DeliveryApi.cs
  artifactKey: Guid(790c118e9df163f42be0286a58463736) Importer(815301076,1909f56bfc062723c751e8b465ee728b)
Start importing Assets/Scenes/Script/DeliveryApi.cs using Guid(790c118e9df163f42be0286a58463736) Importer(815301076,1909f56bfc062723c751e8b465ee728b) [PhysX] Initialized MultithreadedTaskDispatcher with 24 workers.
 -> (artifact id: 'df462dd6d6edd41de097cf7557e51437') in 0.002663 seconds
Number of updated asset objects reloaded before import = 0
Number of asset objects unloaded after import = 0
========================================================================
Received Prepare
Caller must complete domain reload
0x00007ff6064b9e7d (Unity) StackWalker::GetCurrentCallstack
0x00007ff6064bef59 (Unity) StackWalker::ShowCallstack
0x00007ff60747e361 (Unity) GetStacktrace
0x00007ff607b3013e (Unity) DebugStringToFile
0x00007ff607b2fe7a (Unity) AssertImplementation
0x00007ff6073235ec (Unity) Internal_ADB_WorkerOnly_DomainReload
0x00007ff6077fbc34 (Unity) WorkerDomainReloadV2
0x00007ff60781bd95 (Unity) <lambda_a753820fe7e089d32000383f09f6e370>::operator()
0x00007ff607858812 (Unity) asio::detail::completion_handler<core::mutable_function<void __cdecl(void)>,asio::io_context::basic_executor_type<std::allocator<void>,0> >::do_complete
0x00007ff6078447be (Unity) asio::detail::win_iocp_io_context::do_one
0x00007ff607846424 (Unity) asio::detail::win_iocp_io_context::run
0x00007ff607856bbc (Unity) IOService::Run
0x00007ff607829fff (Unity) AssetImportWorkerClient::Run
0x00007ff6077f57e7 (Unity) RunAssetImportWorkerClientV2
0x00007ff6077f586b (Unity) RunAssetImporterV2
0x00007ff60700de2e (Unity) Application::InitializeProject
0x00007ff607489015 (Unity) WinMain
0x00007ff60884b3ee (Unity) __scrt_common_main_seh
0x00007ffef33c259d (KERNEL32) BaseThreadInitThunk
0x00007ffef37caf38 (ntdll) RtlUserThreadStart

Begin MonoManager ReloadAssembly
- Loaded All Assemblies, in  0.338 seconds
Native extension for WindowsStandalone target not found
Mono: successfully reloaded assembly
- Finished resetting the current domain, in  0.580 seconds
Domain Reload Profiling: 918ms
	BeginReloadAssembly (127ms)
		ExecutionOrderSort (0ms)
		DisableScriptedObjects (10ms)
		BackupInstance (0ms)
		ReleaseScriptingObjects (0ms)
		CreateAndSetChildDomain (25ms)
	RebuildCommonClasses (30ms)
	RebuildNativeTypeToScriptingClass (10ms)
	initialDomainReloadingComplete (19ms)
	LoadAllAssembliesAndSetupDomain (151ms)
		LoadAssemblies (205ms)
		RebuildTransferFunctionScriptingTraits (0ms)
		AnalyzeDomain (15ms)
			TypeCache.Refresh (6ms)
				TypeCache.ScanAssembly (1ms)
			ScanForSourceGeneratedMonoScriptInfo (5ms)
			ResolveRequiredComponents (2ms)
	FinalizeReload (581ms)
		ReleaseScriptCaches (0ms)
		RebuildScriptCaches (0ms)
		SetupLoadedEditorAssemblies (326ms)
			LogAssemblyErrors (0ms)
			InitializePlatformSupportModulesInManaged (3ms)
			SetLoadedEditorAssemblies (4ms)
			RefreshPlugins (0ms)
			BeforeProcessingInitializeOnLoad (44ms)
			ProcessInitializeOnLoadAttributes (249ms)
			ProcessInitializeOnLoadMethodAttributes (25ms)
			AfterProcessingInitializeOnLoad (1ms)
			EditorAssembliesLoaded (0ms)
		ExecutionOrderSort2 (0ms)
		AwakeInstancesAfterBackupRestoration (7ms)
Refreshing native plugins compatible for Editor in 1.90 ms, found 3 plugins.
Preloading 0 native plugins for Editor in 0.00 ms.
Unloading 2457 Unused Serialized files (Serialized files now loaded: 0)
Unloading 16 unused Assets / (29.5 KB). Loaded Objects now: 2989.
Memory consumption went from 124.9 MB to 124.9 MB.
Total: 2.496900 ms (FindLiveObjects: 0.181000 ms CreateObjectMapping: 0.053400 ms MarkObjects: 2.224700 ms  DeleteObjects: 0.036900 ms)

Prepare: number of updated asset objects reloaded= 0
AssetImportParameters requested are different than current active one (requested -> active):
  custom:video-decoder-webm-vp8: 9c59270c3fd7afecdb556c50c9e8de78 -> 
  custom:SearchIndexIgnoredProperties: e643bd26f0fe6173181afceb89e7c659 -> 
  custom:container-demuxer-ogg: 62fdf1f143b41e24485cea50d1cbac27 -> 
  custom:AudioImporter_EditorPlatform: d09bf68614088b80899f8185d706f6e7 -> 
  custom:video-codec-MediaFoundation-h265: 746d11721c4dcdbdad8f713fa42b33f4 -> 
  custom:video-decoder-ogg-theora: a1e56fd34408186e4bbccfd4996cb3dc -> 
  custom:framework-win-MediaFoundation: 216162199b28c13a410421893ffa2e32 -> 
  custom:video-encoder-webm-vp8: eb34c28f22e8b96e1ab97ce403110664 -> 
  custom:audio-decoder-ogg-vorbis: bf7c407c2cedff20999df2af8eb42d56 -> 
  custom:CustomObjectIndexerAttribute: 9a22284fe3817be447336de3de66b15e -> 
  custom:container-demuxer-webm: 4f35f7cbe854078d1ac9338744f61a02 -> 
  custom:audio-encoder-webm-vorbis: bf7c407c2cedff20999df2af8eb42d56 -> 
  custom:scripting/precompiled-assembly-types:Assembly-CSharp: 3ae657a3719011d2acb2af29d166152a -> 91ddc5e8844025c82776d0f2d84be810
  custom:container-muxer-webm: aa71ff27fc2769a1b78a27578f13a17b -> 
========================================================================
Received Prepare
Caller must complete domain reload
0x00007ff6064b9e7d (Unity) StackWalker::GetCurrentCallstack
0x00007ff6064bef59 (Unity) StackWalker::ShowCallstack
0x00007ff60747e361 (Unity) GetStacktrace
0x00007ff607b3013e (Unity) DebugStringToFile
0x00007ff607b2fe7a (Unity) AssertImplementation
0x00007ff6073235ec (Unity) Internal_ADB_WorkerOnly_DomainReload
0x00007ff6077fbc34 (Unity) WorkerDomainReloadV2
0x00007ff60781bd95 (Unity) <lambda_a753820fe7e089d32000383f09f6e370>::operator()
0x00007ff607858812 (Unity) asio::detail::completion_handler<core::mutable_function<void __cdecl(void)>,asio::io_context::basic_executor_type<std::allocator<void>,0> >::do_complete
0x00007ff6078447be (Unity) asio::detail::win_iocp_io_context::do_one
0x00007ff607846424 (Unity) asio::detail::win_iocp_io_context::run
0x00007ff607856bbc (Unity) IOService::Run
0x00007ff607829fff (Unity) AssetImportWorkerClient::Run
0x00007ff6077f57e7 (Unity) RunAssetImportWorkerClientV2
0x00007ff6077f586b (Unity) RunAssetImporterV2
0x00007ff60700de2e (Unity) Application::InitializeProject
0x00007ff607489015 (Unity) WinMain
0x00007ff60884b3ee (Unity) __scrt_common_main_seh
0x00007ffef33c259d (KERNEL32) BaseThreadInitThunk
0x00007ffef37caf38 (ntdll) RtlUserThreadStart

Begin MonoManager ReloadAssembly
- Loaded All Assemblies, in  0.266 seconds
Native extension for WindowsStandalone target not found
Mono: successfully reloaded assembly
- Finished resetting the current domain, in  0.388 seconds
Domain Reload Profiling: 654ms
	BeginReloadAssembly (98ms)
		ExecutionOrderSort (0ms)
		DisableScriptedObjects (7ms)
		BackupInstance (0ms)
		ReleaseScriptingObjects (0ms)
		CreateAndSetChildDomain (20ms)
	RebuildCommonClasses (19ms)
	RebuildNativeTypeToScriptingClass (8ms)
	initialDomainReloadingComplete (14ms)
	LoadAllAssembliesAndSetupDomain (127ms)
		LoadAssemblies (161ms)
		RebuildTransferFunctionScriptingTraits (0ms)
		AnalyzeDomain (16ms)
			TypeCache.Refresh (7ms)
				TypeCache.ScanAssembly (1ms)
			ScanForSourceGeneratedMonoScriptInfo (6ms)
			ResolveRequiredComponents (2ms)
	FinalizeReload (388ms)
		ReleaseScriptCaches (0ms)
		RebuildScriptCaches (0ms)
		SetupLoadedEditorAssemblies (220ms)
			LogAssemblyErrors (0ms)
			InitializePlatformSupportModulesInManaged (3ms)
			SetLoadedEditorAssemblies (3ms)
			RefreshPlugins (0ms)
			BeforeProcessingInitializeOnLoad (31ms)
			ProcessInitializeOnLoadAttributes (165ms)
			ProcessInitializeOnLoadMethodAttributes (16ms)
			AfterProcessingInitializeOnLoad (1ms)
			EditorAssembliesLoaded (0ms)
		ExecutionOrderSort2 (0ms)
		AwakeInstancesAfterBackupRestoration (7ms)
Refreshing native plugins compatible for Editor in 1.17 ms, found 3 plugins.
Preloading 0 native plugins for Editor in 0.00 ms.
Unloading 2458 Unused Serialized files (Serialized files now loaded: 0)
Unloading 16 unused Assets / (29.5 KB). Loaded Objects now: 2993.
Memory consumption went from 125.2 MB to 125.1 MB.
Total: 1.997200 ms (FindLiveObjects: 0.127500 ms CreateObjectMapping: 0.031100 ms MarkObjects: 1.807100 ms  DeleteObjects: 0.030800 ms)

Prepare: number of updated asset objects reloaded= 0
AssetImportParameters requested are different than current active one (requested -> active):
  custom:video-decoder-webm-vp8: 9c59270c3fd7afecdb556c50c9e8de78 -> 
  custom:SearchIndexIgnoredProperties: e643bd26f0fe6173181afceb89e7c659 -> 
  custom:container-demuxer-ogg: 62fdf1f143b41e24485cea50d1cbac27 -> 
  custom:AudioImporter_EditorPlatform: d09bf68614088b80899f8185d706f6e7 -> 
  custom:video-codec-MediaFoundation-h265: 746d11721c4dcdbdad8f713fa42b33f4 -> 
  custom:video-decoder-ogg-theora: a1e56fd34408186e4bbccfd4996cb3dc -> 
  custom:framework-win-MediaFoundation: 216162199b28c13a410421893ffa2e32 -> 
  custom:video-encoder-webm-vp8: eb34c28f22e8b96e1ab97ce403110664 -> 
  custom:audio-decoder-ogg-vorbis: bf7c407c2cedff20999df2af8eb42d56 -> 
  custom:CustomObjectIndexerAttribute: 9a22284fe3817be447336de3de66b15e -> 
  custom:container-demuxer-webm: 4f35f7cbe854078d1ac9338744f61a02 -> 
  custom:audio-encoder-webm-vorbis: bf7c407c2cedff20999df2af8eb42d56 -> 
  custom:scripting/precompiled-assembly-types:Assembly-CSharp: 2a57091ebd1478c602361679f5d81d81 -> 91ddc5e8844025c82776d0f2d84be810
  custom:container-muxer-webm: aa71ff27fc2769a1b78a27578f13a17b -> 
========================================================================
Received Import Request.
  Time since last request: 781.827224 seconds.
  path: Assets/Scenes/Script/AppFlow.cs
  artifactKey: Guid(3dc13e2b8275e974b8f3f1ace4aafe97) Importer(815301076,1909f56bfc062723c751e8b465ee728b)
Start importing Assets/Scenes/Script/AppFlow.cs using Guid(3dc13e2b8275e974b8f3f1ace4aafe97) Importer(815301076,1909f56bfc062723c751e8b465ee728b) [PhysX] Initialized MultithreadedTaskDispatcher with 24 workers.
 -> (artifact id: 'bd5d19ae7fda55a20611508db29b5af8') in 0.002853 seconds
Number of updated asset objects reloaded before import = 0
Number of asset objects unloaded after import = 0
========================================================================
Received Import Request.
  Time since last request: 5.431577 seconds.
  path: Assets/Scenes/Script/AppFlow.cs
  artifactKey: Guid(3dc13e2b8275e974b8f3f1ace4aafe97) Importer(815301076,1909f56bfc062723c751e8b465ee728b)
Start importing Assets/Scenes/Script/AppFlow.cs using Guid(3dc13e2b8275e974b8f3f1ace4aafe97) Importer(815301076,1909f56bfc062723c751e8b465ee728b) [PhysX] Initialized MultithreadedTaskDispatcher with 24 workers.
 -> (artifact id: 'c6be72b88def4769e80860017c1f81af') in 0.000322 seconds
Number of updated asset objects reloaded before import = 0
Number of asset objects unloaded after import = 0
========================================================================
Received Prepare
Caller must complete domain reload
0x00007ff6064b9e7d (Unity) StackWalker::GetCurrentCallstack
0x00007ff6064bef59 (Unity) StackWalker::ShowCallstack
0x00007ff60747e361 (Unity) GetStacktrace
0x00007ff607b3013e (Unity) DebugStringToFile
0x00007ff607b2fe7a (Unity) AssertImplementation
0x00007ff6073235ec (Unity) Internal_ADB_WorkerOnly_DomainReload
0x00007ff6077fbc34 (Unity) WorkerDomainReloadV2
0x00007ff60781bd95 (Unity) <lambda_a753820fe7e089d32000383f09f6e370>::operator()
0x00007ff607858812 (Unity) asio::detail::completion_handler<core::mutable_function<void __cdecl(void)>,asio::io_context::basic_executor_type<std::allocator<void>,0> >::do_complete
0x00007ff6078447be (Unity) asio::detail::win_iocp_io_context::do_one
0x00007ff607846424 (Unity) asio::detail::win_iocp_io_context::run
0x00007ff607856bbc (Unity) IOService::Run
0x00007ff607829fff (Unity) AssetImportWorkerClient::Run
0x00007ff6077f57e7 (Unity) RunAssetImportWorkerClientV2
0x00007ff6077f586b (Unity) RunAssetImporterV2
0x00007ff60700de2e (Unity) Application::InitializeProject
0x00007ff607489015 (Unity) WinMain
0x00007ff60884b3ee (Unity) __scrt_common_main_seh
0x00007ffef33c259d (KERNEL32) BaseThreadInitThunk
0x00007ffef37caf38 (ntdll) RtlUserThreadStart

Begin MonoManager ReloadAssembly
- Loaded All Assemblies, in  0.268 seconds
Native extension for WindowsStandalone target not found
Mono: successfully reloaded assembly
- Finished resetting the current domain, in  0.397 seconds
Domain Reload Profiling: 665ms
	BeginReloadAssembly (96ms)
		ExecutionOrderSort (0ms)
		DisableScriptedObjects (8ms)
		BackupInstance (0ms)
		ReleaseScriptingObjects (0ms)
		CreateAndSetChildDomain (19ms)
	RebuildCommonClasses (18ms)
	RebuildNativeTypeToScriptingClass (6ms)
	initialDomainReloadingComplete (15ms)
	LoadAllAssembliesAndSetupDomain (133ms)
		LoadAssemblies (160ms)
		RebuildTransferFunctionScriptingTraits (0ms)
		AnalyzeDomain (22ms)
			TypeCache.Refresh (9ms)
				TypeCache.ScanAssembly (1ms)
			ScanForSourceGeneratedMonoScriptInfo (9ms)
			ResolveRequiredComponents (3ms)
	FinalizeReload (397ms)
		ReleaseScriptCaches (0ms)
		RebuildScriptCaches (0ms)
		SetupLoadedEditorAssemblies (219ms)
			LogAssemblyErrors (0ms)
			InitializePlatformSupportModulesInManaged (3ms)
			SetLoadedEditorAssemblies (3ms)
			RefreshPlugins (0ms)
			BeforeProcessingInitializeOnLoad (31ms)
			ProcessInitializeOnLoadAttributes (165ms)
			ProcessInitializeOnLoadMethodAttributes (16ms)
			AfterProcessingInitializeOnLoad (1ms)
			EditorAssembliesLoaded (0ms)
		ExecutionOrderSort2 (0ms)
		AwakeInstancesAfterBackupRestoration (7ms)
Refreshing native plugins compatible for Editor in 1.22 ms, found 3 plugins.
Preloading 0 native plugins for Editor in 0.00 ms.
Unloading 2457 Unused Serialized files (Serialized files now loaded: 0)
Unloading 16 unused Assets / (29.5 KB). Loaded Objects now: 2997.
Memory consumption went from 124.9 MB to 124.9 MB.
Total: 2.451400 ms (FindLiveObjects: 0.180500 ms CreateObjectMapping: 0.048200 ms MarkObjects: 2.193700 ms  DeleteObjects: 0.028300 ms)

Prepare: number of updated asset objects reloaded= 0
AssetImportParameters requested are different than current active one (requested -> active):
  custom:video-decoder-webm-vp8: 9c59270c3fd7afecdb556c50c9e8de78 -> 
  custom:SearchIndexIgnoredProperties: e643bd26f0fe6173181afceb89e7c659 -> 
  custom:container-demuxer-ogg: 62fdf1f143b41e24485cea50d1cbac27 -> 
  custom:AudioImporter_EditorPlatform: d09bf68614088b80899f8185d706f6e7 -> 
  custom:video-codec-MediaFoundation-h265: 746d11721c4dcdbdad8f713fa42b33f4 -> 
  custom:video-decoder-ogg-theora: a1e56fd34408186e4bbccfd4996cb3dc -> 
  custom:framework-win-MediaFoundation: 216162199b28c13a410421893ffa2e32 -> 
  custom:video-encoder-webm-vp8: eb34c28f22e8b96e1ab97ce403110664 -> 
  custom:audio-decoder-ogg-vorbis: bf7c407c2cedff20999df2af8eb42d56 -> 
  custom:CustomObjectIndexerAttribute: 9a22284fe3817be447336de3de66b15e -> 
  custom:container-demuxer-webm: 4f35f7cbe854078d1ac9338744f61a02 -> 
  custom:audio-encoder-webm-vorbis: bf7c407c2cedff20999df2af8eb42d56 -> 
  custom:scripting/precompiled-assembly-types:Assembly-CSharp: 2a57091ebd1478c602361679f5d81d81 -> 91ddc5e8844025c82776d0f2d84be810
  custom:container-muxer-webm: aa71ff27fc2769a1b78a27578f13a17b -> 
========================================================================
Received Prepare
Caller must complete domain reload
0x00007ff6064b9e7d (Unity) StackWalker::GetCurrentCallstack
0x00007ff6064bef59 (Unity) StackWalker::ShowCallstack
0x00007ff60747e361 (Unity) GetStacktrace
0x00007ff607b3013e (Unity) DebugStringToFile
0x00007ff607b2fe7a (Unity) AssertImplementation
0x00007ff6073235ec (Unity) Internal_ADB_WorkerOnly_DomainReload
0x00007ff6077fbc34 (Unity) WorkerDomainReloadV2
0x00007ff60781bd95 (Unity) <lambda_a753820fe7e089d32000383f09f6e370>::operator()
0x00007ff607858812 (Unity) asio::detail::completion_handler<core::mutable_function<void __cdecl(void)>,asio::io_context::basic_executor_type<std::allocator<void>,0> >::do_complete
0x00007ff6078447be (Unity) asio::detail::win_iocp_io_context::do_one
0x00007ff607846424 (Unity) asio::detail::win_iocp_io_context::run
0x00007ff607856bbc (Unity) IOService::Run
0x00007ff607829fff (Unity) AssetImportWorkerClient::Run
0x00007ff6077f57e7 (Unity) RunAssetImportWorkerClientV2
0x00007ff6077f586b (Unity) RunAssetImporterV2
0x00007ff60700de2e (Unity) Application::InitializeProject
0x00007ff607489015 (Unity) WinMain
0x00007ff60884b3ee (Unity) __scrt_common_main_seh
0x00007ffef33c259d (KERNEL32) BaseThreadInitThunk
0x00007ffef37caf38 (ntdll) RtlUserThreadStart

Begin MonoManager ReloadAssembly
- Loaded All Assemblies, in  0.267 seconds
Native extension for WindowsStandalone target not found
Mono: successfully reloaded assembly
- Finished resetting the current domain, in  0.461 seconds
Domain Reload Profiling: 728ms
	BeginReloadAssembly (97ms)
		ExecutionOrderSort (0ms)
		DisableScriptedObjects (7ms)
		BackupInstance (0ms)
		ReleaseScriptingObjects (0ms)
		CreateAndSetChildDomain (20ms)
	RebuildCommonClasses (18ms)
	RebuildNativeTypeToScriptingClass (6ms)
	initialDomainReloadingComplete (15ms)
	LoadAllAssembliesAndSetupDomain (131ms)
		LoadAssemblies (161ms)
		RebuildTransferFunctionScriptingTraits (0ms)
		AnalyzeDomain (19ms)
			TypeCache.Refresh (10ms)
				TypeCache.ScanAssembly (1ms)
			ScanForSourceGeneratedMonoScriptInfo (6ms)
			ResolveRequiredComponents (2ms)
	FinalizeReload (461ms)
		ReleaseScriptCaches (0ms)
		RebuildScriptCaches (0ms)
		SetupLoadedEditorAssemblies (233ms)
			LogAssemblyErrors (0ms)
			InitializePlatformSupportModulesInManaged (3ms)
			SetLoadedEditorAssemblies (3ms)
			RefreshPlugins (0ms)
			BeforeProcessingInitializeOnLoad (31ms)
			ProcessInitializeOnLoadAttributes (179ms)
			ProcessInitializeOnLoadMethodAttributes (16ms)
			AfterProcessingInitializeOnLoad (1ms)
			EditorAssembliesLoaded (0ms)
		ExecutionOrderSort2 (0ms)
		AwakeInstancesAfterBackupRestoration (8ms)
Refreshing native plugins compatible for Editor in 1.19 ms, found 3 plugins.
Preloading 0 native plugins for Editor in 0.00 ms.
Unloading 2458 Unused Serialized files (Serialized files now loaded: 0)
Unloading 16 unused Assets / (29.5 KB). Loaded Objects now: 3001.
Memory consumption went from 125.2 MB to 125.1 MB.
Total: 1.885200 ms (FindLiveObjects: 0.131000 ms CreateObjectMapping: 0.032200 ms MarkObjects: 1.692500 ms  DeleteObjects: 0.028700 ms)

Prepare: number of updated asset objects reloaded= 0
AssetImportParameters requested are different than current active one (requested -> active):
  custom:video-decoder-webm-vp8: 9c59270c3fd7afecdb556c50c9e8de78 -> 
  custom:SearchIndexIgnoredProperties: e643bd26f0fe6173181afceb89e7c659 -> 
  custom:container-demuxer-ogg: 62fdf1f143b41e24485cea50d1cbac27 -> 
  custom:AudioImporter_EditorPlatform: d09bf68614088b80899f8185d706f6e7 -> 
  custom:video-codec-MediaFoundation-h265: 746d11721c4dcdbdad8f713fa42b33f4 -> 
  custom:video-decoder-ogg-theora: a1e56fd34408186e4bbccfd4996cb3dc -> 
  custom:framework-win-MediaFoundation: 216162199b28c13a410421893ffa2e32 -> 
  custom:video-encoder-webm-vp8: eb34c28f22e8b96e1ab97ce403110664 -> 
  custom:audio-decoder-ogg-vorbis: bf7c407c2cedff20999df2af8eb42d56 -> 
  custom:CustomObjectIndexerAttribute: 9a22284fe3817be447336de3de66b15e -> 
  custom:container-demuxer-webm: 4f35f7cbe854078d1ac9338744f61a02 -> 
  custom:audio-encoder-webm-vorbis: bf7c407c2cedff20999df2af8eb42d56 -> 
  custom:scripting/precompiled-assembly-types:Assembly-CSharp: 2a57091ebd1478c602361679f5d81d81 -> 91ddc5e8844025c82776d0f2d84be810
  custom:container-muxer-webm: aa71ff27fc2769a1b78a27578f13a17b -> 
========================================================================
Received Prepare
Caller must complete domain reload
0x00007ff6064b9e7d (Unity) StackWalker::GetCurrentCallstack
0x00007ff6064bef59 (Unity) StackWalker::ShowCallstack
0x00007ff60747e361 (Unity) GetStacktrace
0x00007ff607b3013e (Unity) DebugStringToFile
0x00007ff607b2fe7a (Unity) AssertImplementation
0x00007ff6073235ec (Unity) Internal_ADB_WorkerOnly_DomainReload
0x00007ff6077fbc34 (Unity) WorkerDomainReloadV2
0x00007ff60781bd95 (Unity) <lambda_a753820fe7e089d32000383f09f6e370>::operator()
0x00007ff607858812 (Unity) asio::detail::completion_handler<core::mutable_function<void __cdecl(void)>,asio::io_context::basic_executor_type<std::allocator<void>,0> >::do_complete
0x00007ff6078447be (Unity) asio::detail::win_iocp_io_context::do_one
0x00007ff607846424 (Unity) asio::detail::win_iocp_io_context::run
0x00007ff607856bbc (Unity) IOService::Run
0x00007ff607829fff (Unity) AssetImportWorkerClient::Run
0x00007ff6077f57e7 (Unity) RunAssetImportWorkerClientV2
0x00007ff6077f586b (Unity) RunAssetImporterV2
0x00007ff60700de2e (Unity) Application::InitializeProject
0x00007ff607489015 (Unity) WinMain
0x00007ff60884b3ee (Unity) __scrt_common_main_seh
0x00007ffef33c259d (KERNEL32) BaseThreadInitThunk
0x00007ffef37caf38 (ntdll) RtlUserThreadStart

Begin MonoManager ReloadAssembly
- Loaded All Assemblies, in  0.247 seconds
Native extension for WindowsStandalone target not found
Mono: successfully reloaded assembly
- Finished resetting the current domain, in  0.383 seconds
Domain Reload Profiling: 630ms
	BeginReloadAssembly (94ms)
		ExecutionOrderSort (0ms)
		DisableScriptedObjects (7ms)
		BackupInstance (0ms)
		ReleaseScriptingObjects (0ms)
		CreateAndSetChildDomain (19ms)
	RebuildCommonClasses (18ms)
	RebuildNativeTypeToScriptingClass (6ms)
	initialDomainReloadingComplete (14ms)
	LoadAllAssembliesAndSetupDomain (115ms)
		LoadAssemblies (148ms)
		RebuildTransferFunctionScriptingTraits (0ms)
		AnalyzeDomain (16ms)
			TypeCache.Refresh (7ms)
				TypeCache.ScanAssembly (1ms)
			ScanForSourceGeneratedMonoScriptInfo (6ms)
			ResolveRequiredComponents (2ms)
	FinalizeReload (383ms)
		ReleaseScriptCaches (0ms)
		RebuildScriptCaches (0ms)
		SetupLoadedEditorAssemblies (214ms)
			LogAssemblyErrors (0ms)
			InitializePlatformSupportModulesInManaged (2ms)
			SetLoadedEditorAssemblies (3ms)
			RefreshPlugins (0ms)
			BeforeProcessingInitializeOnLoad (30ms)
			ProcessInitializeOnLoadAttributes (162ms)
			ProcessInitializeOnLoadMethodAttributes (15ms)
			AfterProcessingInitializeOnLoad (1ms)
			EditorAssembliesLoaded (0ms)
		ExecutionOrderSort2 (0ms)
		AwakeInstancesAfterBackupRestoration (6ms)
Refreshing native plugins compatible for Editor in 1.15 ms, found 3 plugins.
Preloading 0 native plugins for Editor in 0.00 ms.
Unloading 2458 Unused Serialized files (Serialized files now loaded: 0)
Unloading 16 unused Assets / (29.6 KB). Loaded Objects now: 3005.
Memory consumption went from 125.2 MB to 125.2 MB.
Total: 1.985300 ms (FindLiveObjects: 0.141400 ms CreateObjectMapping: 0.033800 ms MarkObjects: 1.781600 ms  DeleteObjects: 0.027800 ms)

Prepare: number of updated asset objects reloaded= 0
AssetImportParameters requested are different than current active one (requested -> active):
  custom:video-decoder-webm-vp8: 9c59270c3fd7afecdb556c50c9e8de78 -> 
  custom:SearchIndexIgnoredProperties: e643bd26f0fe6173181afceb89e7c659 -> 
  custom:container-demuxer-ogg: 62fdf1f143b41e24485cea50d1cbac27 -> 
  custom:AudioImporter_EditorPlatform: d09bf68614088b80899f8185d706f6e7 -> 
  custom:video-codec-MediaFoundation-h265: 746d11721c4dcdbdad8f713fa42b33f4 -> 
  custom:video-decoder-ogg-theora: a1e56fd34408186e4bbccfd4996cb3dc -> 
  custom:framework-win-MediaFoundation: 216162199b28c13a410421893ffa2e32 -> 
  custom:video-encoder-webm-vp8: eb34c28f22e8b96e1ab97ce403110664 -> 
  custom:audio-decoder-ogg-vorbis: bf7c407c2cedff20999df2af8eb42d56 -> 
  custom:CustomObjectIndexerAttribute: 9a22284fe3817be447336de3de66b15e -> 
  custom:container-demuxer-webm: 4f35f7cbe854078d1ac9338744f61a02 -> 
  custom:audio-encoder-webm-vorbis: bf7c407c2cedff20999df2af8eb42d56 -> 
  custom:scripting/precompiled-assembly-types:Assembly-CSharp: b10c96babb4d79a554113f019509e42a -> 91ddc5e8844025c82776d0f2d84be810
  custom:container-muxer-webm: aa71ff27fc2769a1b78a27578f13a17b -> 
========================================================================
Received Prepare
Caller must complete domain reload
0x00007ff6064b9e7d (Unity) StackWalker::GetCurrentCallstack
0x00007ff6064bef59 (Unity) StackWalker::ShowCallstack
0x00007ff60747e361 (Unity) GetStacktrace
0x00007ff607b3013e (Unity) DebugStringToFile
0x00007ff607b2fe7a (Unity) AssertImplementation
0x00007ff6073235ec (Unity) Internal_ADB_WorkerOnly_DomainReload
0x00007ff6077fbc34 (Unity) WorkerDomainReloadV2
0x00007ff60781bd95 (Unity) <lambda_a753820fe7e089d32000383f09f6e370>::operator()
0x00007ff607858812 (Unity) asio::detail::completion_handler<core::mutable_function<void __cdecl(void)>,asio::io_context::basic_executor_type<std::allocator<void>,0> >::do_complete
0x00007ff6078447be (Unity) asio::detail::win_iocp_io_context::do_one
0x00007ff607846424 (Unity) asio::detail::win_iocp_io_context::run
0x00007ff607856bbc (Unity) IOService::Run
0x00007ff607829fff (Unity) AssetImportWorkerClient::Run
0x00007ff6077f57e7 (Unity) RunAssetImportWorkerClientV2
0x00007ff6077f586b (Unity) RunAssetImporterV2
0x00007ff60700de2e (Unity) Application::InitializeProject
0x00007ff607489015 (Unity) WinMain
0x00007ff60884b3ee (Unity) __scrt_common_main_seh
0x00007ffef33c259d (KERNEL32) BaseThreadInitThunk
0x00007ffef37caf38 (ntdll) RtlUserThreadStart

Begin MonoManager ReloadAssembly
- Loaded All Assemblies, in  0.247 seconds
Native extension for WindowsStandalone target not found
Mono: successfully reloaded assembly
- Finished resetting the current domain, in  0.390 seconds
Domain Reload Profiling: 637ms
	BeginReloadAssembly (94ms)
		ExecutionOrderSort (0ms)
		DisableScriptedObjects (7ms)
		BackupInstance (0ms)
		ReleaseScriptingObjects (0ms)
		CreateAndSetChildDomain (18ms)
	RebuildCommonClasses (22ms)
	RebuildNativeTypeToScriptingClass (6ms)
	initialDomainReloadingComplete (14ms)
	LoadAllAssembliesAndSetupDomain (111ms)
		LoadAssemblies (145ms)
		RebuildTransferFunctionScriptingTraits (0ms)
		AnalyzeDomain (15ms)
			TypeCache.Refresh (6ms)
				TypeCache.ScanAssembly (1ms)
			ScanForSourceGeneratedMonoScriptInfo (6ms)
			ResolveRequiredComponents (2ms)
	FinalizeReload (390ms)
		ReleaseScriptCaches (0ms)
		RebuildScriptCaches (0ms)
		SetupLoadedEditorAssemblies (217ms)
			LogAssemblyErrors (0ms)
			InitializePlatformSupportModulesInManaged (4ms)
			SetLoadedEditorAssemblies (4ms)
			RefreshPlugins (0ms)
			BeforeProcessingInitializeOnLoad (30ms)
			ProcessInitializeOnLoadAttributes (162ms)
			ProcessInitializeOnLoadMethodAttributes (16ms)
			AfterProcessingInitializeOnLoad (1ms)
			EditorAssembliesLoaded (0ms)
		ExecutionOrderSort2 (0ms)
		AwakeInstancesAfterBackupRestoration (7ms)
Refreshing native plugins compatible for Editor in 1.15 ms, found 3 plugins.
Preloading 0 native plugins for Editor in 0.00 ms.
Unloading 2458 Unused Serialized files (Serialized files now loaded: 0)
Unloading 16 unused Assets / (29.5 KB). Loaded Objects now: 3009.
Memory consumption went from 125.2 MB to 125.2 MB.
Total: 1.836000 ms (FindLiveObjects: 0.143500 ms CreateObjectMapping: 0.032700 ms MarkObjects: 1.631600 ms  DeleteObjects: 0.027500 ms)

Prepare: number of updated asset objects reloaded= 0
AssetImportParameters requested are different than current active one (requested -> active):
  custom:video-decoder-webm-vp8: 9c59270c3fd7afecdb556c50c9e8de78 -> 
  custom:SearchIndexIgnoredProperties: e643bd26f0fe6173181afceb89e7c659 -> 
  custom:container-demuxer-ogg: 62fdf1f143b41e24485cea50d1cbac27 -> 
  custom:AudioImporter_EditorPlatform: d09bf68614088b80899f8185d706f6e7 -> 
  custom:video-codec-MediaFoundation-h265: 746d11721c4dcdbdad8f713fa42b33f4 -> 
  custom:video-decoder-ogg-theora: a1e56fd34408186e4bbccfd4996cb3dc -> 
  custom:framework-win-MediaFoundation: 216162199b28c13a410421893ffa2e32 -> 
  custom:video-encoder-webm-vp8: eb34c28f22e8b96e1ab97ce403110664 -> 
  custom:audio-decoder-ogg-vorbis: bf7c407c2cedff20999df2af8eb42d56 -> 
  custom:CustomObjectIndexerAttribute: 9a22284fe3817be447336de3de66b15e -> 
  custom:container-demuxer-webm: 4f35f7cbe854078d1ac9338744f61a02 -> 
  custom:audio-encoder-webm-vorbis: bf7c407c2cedff20999df2af8eb42d56 -> 
  custom:scripting/precompiled-assembly-types:Assembly-CSharp: b54636d56cce66ebc76f0fa9a6ade105 -> 91ddc5e8844025c82776d0f2d84be810
  custom:container-muxer-webm: aa71ff27fc2769a1b78a27578f13a17b -> 
========================================================================
Received Prepare
Caller must complete domain reload
0x00007ff6064b9e7d (Unity) StackWalker::GetCurrentCallstack
0x00007ff6064bef59 (Unity) StackWalker::ShowCallstack
0x00007ff60747e361 (Unity) GetStacktrace
0x00007ff607b3013e (Unity) DebugStringToFile
0x00007ff607b2fe7a (Unity) AssertImplementation
0x00007ff6073235ec (Unity) Internal_ADB_WorkerOnly_DomainReload
0x00007ff6077fbc34 (Unity) WorkerDomainReloadV2
0x00007ff60781bd95 (Unity) <lambda_a753820fe7e089d32000383f09f6e370>::operator()
0x00007ff607858812 (Unity) asio::detail::completion_handler<core::mutable_function<void __cdecl(void)>,asio::io_context::basic_executor_type<std::allocator<void>,0> >::do_complete
0x00007ff6078447be (Unity) asio::detail::win_iocp_io_context::do_one
0x00007ff607846424 (Unity) asio::detail::win_iocp_io_context::run
0x00007ff607856bbc (Unity) IOService::Run
0x00007ff607829fff (Unity) AssetImportWorkerClient::Run
0x00007ff6077f57e7 (Unity) RunAssetImportWorkerClientV2
0x00007ff6077f586b (Unity) RunAssetImporterV2
0x00007ff60700de2e (Unity) Application::InitializeProject
0x00007ff607489015 (Unity) WinMain
0x00007ff60884b3ee (Unity) __scrt_common_main_seh
0x00007ffef33c259d (KERNEL32) BaseThreadInitThunk
0x00007ffef37caf38 (ntdll) RtlUserThreadStart

Begin MonoManager ReloadAssembly
- Loaded All Assemblies, in  0.238 seconds
Native extension for WindowsStandalone target not found
Mono: successfully reloaded assembly
- Finished resetting the current domain, in  0.380 seconds
Domain Reload Profiling: 617ms
	BeginReloadAssembly (97ms)
		ExecutionOrderSort (0ms)
		DisableScriptedObjects (8ms)
		BackupInstance (0ms)
		ReleaseScriptingObjects (0ms)
		CreateAndSetChildDomain (18ms)
	RebuildCommonClasses (18ms)
	RebuildNativeTypeToScriptingClass (6ms)
	initialDomainReloadingComplete (14ms)
	LoadAllAssembliesAndSetupDomain (102ms)
		LoadAssemblies (147ms)
		RebuildTransferFunctionScriptingTraits (0ms)
		AnalyzeDomain (7ms)
			TypeCache.Refresh (5ms)
				TypeCache.ScanAssembly (0ms)
			ScanForSourceGeneratedMonoScriptInfo (0ms)
			ResolveRequiredComponents (2ms)
	FinalizeReload (380ms)
		ReleaseScriptCaches (0ms)
		RebuildScriptCaches (0ms)
		SetupLoadedEditorAssemblies (211ms)
			LogAssemblyErrors (0ms)
			InitializePlatformSupportModulesInManaged (2ms)
			SetLoadedEditorAssemblies (3ms)
			RefreshPlugins (0ms)
			BeforeProcessingInitializeOnLoad (29ms)
			ProcessInitializeOnLoadAttributes (158ms)
			ProcessInitializeOnLoadMethodAttributes (18ms)
			AfterProcessingInitializeOnLoad (1ms)
			EditorAssembliesLoaded (0ms)
		ExecutionOrderSort2 (0ms)
		AwakeInstancesAfterBackupRestoration (7ms)
Refreshing native plugins compatible for Editor in 1.30 ms, found 3 plugins.
Preloading 0 native plugins for Editor in 0.00 ms.
Unloading 2458 Unused Serialized files (Serialized files now loaded: 0)
Unloading 16 unused Assets / (29.6 KB). Loaded Objects now: 3013.
Memory consumption went from 125.2 MB to 125.2 MB.
Total: 2.090800 ms (FindLiveObjects: 0.191100 ms CreateObjectMapping: 0.042700 ms MarkObjects: 1.831400 ms  DeleteObjects: 0.024700 ms)

Prepare: number of updated asset objects reloaded= 0
AssetImportParameters requested are different than current active one (requested -> active):
  custom:video-decoder-webm-vp8: 9c59270c3fd7afecdb556c50c9e8de78 -> 
  custom:SearchIndexIgnoredProperties: e643bd26f0fe6173181afceb89e7c659 -> 
  custom:container-demuxer-ogg: 62fdf1f143b41e24485cea50d1cbac27 -> 
  custom:AudioImporter_EditorPlatform: d09bf68614088b80899f8185d706f6e7 -> 
  custom:video-codec-MediaFoundation-h265: 746d11721c4dcdbdad8f713fa42b33f4 -> 
  custom:video-decoder-ogg-theora: a1e56fd34408186e4bbccfd4996cb3dc -> 
  custom:framework-win-MediaFoundation: 216162199b28c13a410421893ffa2e32 -> 
  custom:video-encoder-webm-vp8: eb34c28f22e8b96e1ab97ce403110664 -> 
  custom:audio-decoder-ogg-vorbis: bf7c407c2cedff20999df2af8eb42d56 -> 
  custom:CustomObjectIndexerAttribute: 9a22284fe3817be447336de3de66b15e -> 
  custom:container-demuxer-webm: 4f35f7cbe854078d1ac9338744f61a02 -> 
  custom:audio-encoder-webm-vorbis: bf7c407c2cedff20999df2af8eb42d56 -> 
  custom:scripting/precompiled-assembly-types:Assembly-CSharp: b54636d56cce66ebc76f0fa9a6ade105 -> 91ddc5e8844025c82776d0f2d84be810
  custom:container-muxer-webm: aa71ff27fc2769a1b78a27578f13a17b -> 
========================================================================
Received Prepare
Caller must complete domain reload
0x00007ff6064b9e7d (Unity) StackWalker::GetCurrentCallstack
0x00007ff6064bef59 (Unity) StackWalker::ShowCallstack
0x00007ff60747e361 (Unity) GetStacktrace
0x00007ff607b3013e (Unity) DebugStringToFile
0x00007ff607b2fe7a (Unity) AssertImplementation
0x00007ff6073235ec (Unity) Internal_ADB_WorkerOnly_DomainReload
0x00007ff6077fbc34 (Unity) WorkerDomainReloadV2
0x00007ff60781bd95 (Unity) <lambda_a753820fe7e089d32000383f09f6e370>::operator()
0x00007ff607858812 (Unity) asio::detail::completion_handler<core::mutable_function<void __cdecl(void)>,asio::io_context::basic_executor_type<std::allocator<void>,0> >::do_complete
0x00007ff6078447be (Unity) asio::detail::win_iocp_io_context::do_one
0x00007ff607846424 (Unity) asio::detail::win_iocp_io_context::run
0x00007ff607856bbc (Unity) IOService::Run
0x00007ff607829fff (Unity) AssetImportWorkerClient::Run
0x00007ff6077f57e7 (Unity) RunAssetImportWorkerClientV2
0x00007ff6077f586b (Unity) RunAssetImporterV2
0x00007ff60700de2e (Unity) Application::InitializeProject
0x00007ff607489015 (Unity) WinMain
0x00007ff60884b3ee (Unity) __scrt_common_main_seh
0x00007ffef33c259d (KERNEL32) BaseThreadInitThunk
0x00007ffef37caf38 (ntdll) RtlUserThreadStart

Begin MonoManager ReloadAssembly
- Loaded All Assemblies, in  0.239 seconds
Native extension for WindowsStandalone target not found
Mono: successfully reloaded assembly
- Finished resetting the current domain, in  0.369 seconds
Domain Reload Profiling: 609ms
	BeginReloadAssembly (100ms)
		ExecutionOrderSort (0ms)
		DisableScriptedObjects (7ms)
		BackupInstance (0ms)
		ReleaseScriptingObjects (0ms)
		CreateAndSetChildDomain (23ms)
	RebuildCommonClasses (19ms)
	RebuildNativeTypeToScriptingClass (6ms)
	initialDomainReloadingComplete (14ms)
	LoadAllAssembliesAndSetupDomain (99ms)
		LoadAssemblies (144ms)
		RebuildTransferFunctionScriptingTraits (0ms)
		AnalyzeDomain (6ms)
			TypeCache.Refresh (4ms)
				TypeCache.ScanAssembly (0ms)
			ScanForSourceGeneratedMonoScriptInfo (0ms)
			ResolveRequiredComponents (2ms)
	FinalizeReload (370ms)
		ReleaseScriptCaches (0ms)
		RebuildScriptCaches (0ms)
		SetupLoadedEditorAssemblies (208ms)
			LogAssemblyErrors (0ms)
			InitializePlatformSupportModulesInManaged (3ms)
			SetLoadedEditorAssemblies (3ms)
			RefreshPlugins (0ms)
			BeforeProcessingInitializeOnLoad (29ms)
			ProcessInitializeOnLoadAttributes (156ms)
			ProcessInitializeOnLoadMethodAttributes (16ms)
			AfterProcessingInitializeOnLoad (1ms)
			EditorAssembliesLoaded (0ms)
		ExecutionOrderSort2 (0ms)
		AwakeInstancesAfterBackupRestoration (6ms)
Refreshing native plugins compatible for Editor in 1.17 ms, found 3 plugins.
Preloading 0 native plugins for Editor in 0.00 ms.
Unloading 2458 Unused Serialized files (Serialized files now loaded: 0)
Unloading 16 unused Assets / (29.6 KB). Loaded Objects now: 3017.
Memory consumption went from 125.2 MB to 125.2 MB.
Total: 1.888100 ms (FindLiveObjects: 0.159100 ms CreateObjectMapping: 0.034000 ms MarkObjects: 1.664500 ms  DeleteObjects: 0.029700 ms)

Prepare: number of updated asset objects reloaded= 0
AssetImportParameters requested are different than current active one (requested -> active):
  custom:video-decoder-webm-vp8: 9c59270c3fd7afecdb556c50c9e8de78 -> 
  custom:SearchIndexIgnoredProperties: e643bd26f0fe6173181afceb89e7c659 -> 
  custom:container-demuxer-ogg: 62fdf1f143b41e24485cea50d1cbac27 -> 
  custom:AudioImporter_EditorPlatform: d09bf68614088b80899f8185d706f6e7 -> 
  custom:video-codec-MediaFoundation-h265: 746d11721c4dcdbdad8f713fa42b33f4 -> 
  custom:video-decoder-ogg-theora: a1e56fd34408186e4bbccfd4996cb3dc -> 
  custom:framework-win-MediaFoundation: 216162199b28c13a410421893ffa2e32 -> 
  custom:video-encoder-webm-vp8: eb34c28f22e8b96e1ab97ce403110664 -> 
  custom:audio-decoder-ogg-vorbis: bf7c407c2cedff20999df2af8eb42d56 -> 
  custom:CustomObjectIndexerAttribute: 9a22284fe3817be447336de3de66b15e -> 
  custom:container-demuxer-webm: 4f35f7cbe854078d1ac9338744f61a02 -> 
  custom:audio-encoder-webm-vorbis: bf7c407c2cedff20999df2af8eb42d56 -> 
  custom:scripting/precompiled-assembly-types:Assembly-CSharp: b54636d56cce66ebc76f0fa9a6ade105 -> 91ddc5e8844025c82776d0f2d84be810
  custom:container-muxer-webm: aa71ff27fc2769a1b78a27578f13a17b -> 
========================================================================
Received Prepare
Caller must complete domain reload
0x00007ff6064b9e7d (Unity) StackWalker::GetCurrentCallstack
0x00007ff6064bef59 (Unity) StackWalker::ShowCallstack
0x00007ff60747e361 (Unity) GetStacktrace
0x00007ff607b3013e (Unity) DebugStringToFile
0x00007ff607b2fe7a (Unity) AssertImplementation
0x00007ff6073235ec (Unity) Internal_ADB_WorkerOnly_DomainReload
0x00007ff6077fbc34 (Unity) WorkerDomainReloadV2
0x00007ff60781bd95 (Unity) <lambda_a753820fe7e089d32000383f09f6e370>::operator()
0x00007ff607858812 (Unity) asio::detail::completion_handler<core::mutable_function<void __cdecl(void)>,asio::io_context::basic_executor_type<std::allocator<void>,0> >::do_complete
0x00007ff6078447be (Unity) asio::detail::win_iocp_io_context::do_one
0x00007ff607846424 (Unity) asio::detail::win_iocp_io_context::run
0x00007ff607856bbc (Unity) IOService::Run
0x00007ff607829fff (Unity) AssetImportWorkerClient::Run
0x00007ff6077f57e7 (Unity) RunAssetImportWorkerClientV2
0x00007ff6077f586b (Unity) RunAssetImporterV2
0x00007ff60700de2e (Unity) Application::InitializeProject
0x00007ff607489015 (Unity) WinMain
0x00007ff60884b3ee (Unity) __scrt_common_main_seh
0x00007ffef33c259d (KERNEL32) BaseThreadInitThunk
0x00007ffef37caf38 (ntdll) RtlUserThreadStart

Begin MonoManager ReloadAssembly
- Loaded All Assemblies, in  0.399 seconds
Native extension for WindowsStandalone target not found
Mono: successfully reloaded assembly
- Finished resetting the current domain, in  0.540 seconds
Domain Reload Profiling: 938ms
	BeginReloadAssembly (148ms)
		ExecutionOrderSort (0ms)
		DisableScriptedObjects (7ms)
		BackupInstance (0ms)
		ReleaseScriptingObjects (0ms)
		CreateAndSetChildDomain (32ms)
	RebuildCommonClasses (25ms)
	RebuildNativeTypeToScriptingClass (10ms)
	initialDomainReloadingComplete (21ms)
	LoadAllAssembliesAndSetupDomain (193ms)
		LoadAssemblies (261ms)
		RebuildTransferFunctionScriptingTraits (0ms)
		AnalyzeDomain (11ms)
			TypeCache.Refresh (6ms)
				TypeCache.ScanAssembly (0ms)
			ScanForSourceGeneratedMonoScriptInfo (0ms)
			ResolveRequiredComponents (3ms)
	FinalizeReload (540ms)
		ReleaseScriptCaches (0ms)
		RebuildScriptCaches (0ms)
		SetupLoadedEditorAssemblies (264ms)
			LogAssemblyErrors (0ms)
			InitializePlatformSupportModulesInManaged (3ms)
			SetLoadedEditorAssemblies (4ms)
			RefreshPlugins (0ms)
			BeforeProcessingInitializeOnLoad (49ms)
			ProcessInitializeOnLoadAttributes (188ms)
			ProcessInitializeOnLoadMethodAttributes (18ms)
			AfterProcessingInitializeOnLoad (1ms)
			EditorAssembliesLoaded (0ms)
		ExecutionOrderSort2 (0ms)
		AwakeInstancesAfterBackupRestoration (8ms)
Refreshing native plugins compatible for Editor in 1.51 ms, found 3 plugins.
Preloading 0 native plugins for Editor in 0.00 ms.
Unloading 2458 Unused Serialized files (Serialized files now loaded: 0)
Unloading 16 unused Assets / (29.6 KB). Loaded Objects now: 3021.
Memory consumption went from 125.2 MB to 125.2 MB.
Total: 1.954900 ms (FindLiveObjects: 0.158400 ms CreateObjectMapping: 0.031300 ms MarkObjects: 1.734000 ms  DeleteObjects: 0.030400 ms)

Prepare: number of updated asset objects reloaded= 0
AssetImportParameters requested are different than current active one (requested -> active):
  custom:video-decoder-webm-vp8: 9c59270c3fd7afecdb556c50c9e8de78 -> 
  custom:SearchIndexIgnoredProperties: e643bd26f0fe6173181afceb89e7c659 -> 
  custom:container-demuxer-ogg: 62fdf1f143b41e24485cea50d1cbac27 -> 
  custom:AudioImporter_EditorPlatform: d09bf68614088b80899f8185d706f6e7 -> 
  custom:video-codec-MediaFoundation-h265: 746d11721c4dcdbdad8f713fa42b33f4 -> 
  custom:video-decoder-ogg-theora: a1e56fd34408186e4bbccfd4996cb3dc -> 
  custom:framework-win-MediaFoundation: 216162199b28c13a410421893ffa2e32 -> 
  custom:video-encoder-webm-vp8: eb34c28f22e8b96e1ab97ce403110664 -> 
  custom:audio-decoder-ogg-vorbis: bf7c407c2cedff20999df2af8eb42d56 -> 
  custom:CustomObjectIndexerAttribute: 9a22284fe3817be447336de3de66b15e -> 
  custom:container-demuxer-webm: 4f35f7cbe854078d1ac9338744f61a02 -> 
  custom:audio-encoder-webm-vorbis: bf7c407c2cedff20999df2af8eb42d56 -> 
  custom:scripting/precompiled-assembly-types:Assembly-CSharp: b54636d56cce66ebc76f0fa9a6ade105 -> 91ddc5e8844025c82776d0f2d84be810
  custom:container-muxer-webm: aa71ff27fc2769a1b78a27578f13a17b -> 
========================================================================
Received Prepare
Caller must complete domain reload
0x00007ff6064b9e7d (Unity) StackWalker::GetCurrentCallstack
0x00007ff6064bef59 (Unity) StackWalker::ShowCallstack
0x00007ff60747e361 (Unity) GetStacktrace
0x00007ff607b3013e (Unity) DebugStringToFile
0x00007ff607b2fe7a (Unity) AssertImplementation
0x00007ff6073235ec (Unity) Internal_ADB_WorkerOnly_DomainReload
0x00007ff6077fbc34 (Unity) WorkerDomainReloadV2
0x00007ff60781bd95 (Unity) <lambda_a753820fe7e089d32000383f09f6e370>::operator()
0x00007ff607858812 (Unity) asio::detail::completion_handler<core::mutable_function<void __cdecl(void)>,asio::io_context::basic_executor_type<std::allocator<void>,0> >::do_complete
0x00007ff6078447be (Unity) asio::detail::win_iocp_io_context::do_one
0x00007ff607846424 (Unity) asio::detail::win_iocp_io_context::run
0x00007ff607856bbc (Unity) IOService::Run
0x00007ff607829fff (Unity) AssetImportWorkerClient::Run
0x00007ff6077f57e7 (Unity) RunAssetImportWorkerClientV2
0x00007ff6077f586b (Unity) RunAssetImporterV2
0x00007ff60700de2e (Unity) Application::InitializeProject
0x00007ff607489015 (Unity) WinMain
0x00007ff60884b3ee (Unity) __scrt_common_main_seh
0x00007ffef33c259d (KERNEL32) BaseThreadInitThunk
0x00007ffef37caf38 (ntdll) RtlUserThreadStart

Begin MonoManager ReloadAssembly
- Loaded All Assemblies, in  0.285 seconds
Native extension for WindowsStandalone target not found
Mono: successfully reloaded assembly
- Finished resetting the current domain, in  0.413 seconds
Domain Reload Profiling: 698ms
	BeginReloadAssembly (107ms)
		ExecutionOrderSort (0ms)
		DisableScriptedObjects (8ms)
		BackupInstance (0ms)
		ReleaseScriptingObjects (0ms)
		CreateAndSetChildDomain (26ms)
	RebuildCommonClasses (19ms)
	RebuildNativeTypeToScriptingClass (6ms)
	initialDomainReloadingComplete (16ms)
	LoadAllAssembliesAndSetupDomain (136ms)
		LoadAssemblies (172ms)
		RebuildTransferFunctionScriptingTraits (0ms)
		AnalyzeDomain (17ms)
			TypeCache.Refresh (8ms)
				TypeCache.ScanAssembly (1ms)
			ScanForSourceGeneratedMonoScriptInfo (6ms)
			ResolveRequiredComponents (2ms)
	FinalizeReload (413ms)
		ReleaseScriptCaches (0ms)
		RebuildScriptCaches (0ms)
		SetupLoadedEditorAssemblies (227ms)
			LogAssemblyErrors (0ms)
			InitializePlatformSupportModulesInManaged (3ms)
			SetLoadedEditorAssemblies (3ms)
			RefreshPlugins (0ms)
			BeforeProcessingInitializeOnLoad (37ms)
			ProcessInitializeOnLoadAttributes (166ms)
			ProcessInitializeOnLoadMethodAttributes (16ms)
			AfterProcessingInitializeOnLoad (2ms)
			EditorAssembliesLoaded (0ms)
		ExecutionOrderSort2 (0ms)
		AwakeInstancesAfterBackupRestoration (7ms)
Refreshing native plugins compatible for Editor in 1.10 ms, found 3 plugins.
Preloading 0 native plugins for Editor in 0.00 ms.
Unloading 2458 Unused Serialized files (Serialized files now loaded: 0)
Unloading 16 unused Assets / (29.6 KB). Loaded Objects now: 3025.
Memory consumption went from 125.2 MB to 125.2 MB.
Total: 1.962500 ms (FindLiveObjects: 0.124500 ms CreateObjectMapping: 0.029700 ms MarkObjects: 1.771100 ms  DeleteObjects: 0.036700 ms)

Prepare: number of updated asset objects reloaded= 0
AssetImportParameters requested are different than current active one (requested -> active):
  custom:video-decoder-webm-vp8: 9c59270c3fd7afecdb556c50c9e8de78 -> 
  custom:SearchIndexIgnoredProperties: e643bd26f0fe6173181afceb89e7c659 -> 
  custom:container-demuxer-ogg: 62fdf1f143b41e24485cea50d1cbac27 -> 
  custom:AudioImporter_EditorPlatform: d09bf68614088b80899f8185d706f6e7 -> 
  custom:video-codec-MediaFoundation-h265: 746d11721c4dcdbdad8f713fa42b33f4 -> 
  custom:video-decoder-ogg-theora: a1e56fd34408186e4bbccfd4996cb3dc -> 
  custom:framework-win-MediaFoundation: 216162199b28c13a410421893ffa2e32 -> 
  custom:video-encoder-webm-vp8: eb34c28f22e8b96e1ab97ce403110664 -> 
  custom:audio-decoder-ogg-vorbis: bf7c407c2cedff20999df2af8eb42d56 -> 
  custom:CustomObjectIndexerAttribute: 9a22284fe3817be447336de3de66b15e -> 
  custom:container-demuxer-webm: 4f35f7cbe854078d1ac9338744f61a02 -> 
  custom:audio-encoder-webm-vorbis: bf7c407c2cedff20999df2af8eb42d56 -> 
  custom:scripting/precompiled-assembly-types:Assembly-CSharp: 7af854c70328ea38674417106c6b9f7b -> 91ddc5e8844025c82776d0f2d84be810
  custom:container-muxer-webm: aa71ff27fc2769a1b78a27578f13a17b -> 
========================================================================
Received Prepare
Caller must complete domain reload
0x00007ff6064b9e7d (Unity) StackWalker::GetCurrentCallstack
0x00007ff6064bef59 (Unity) StackWalker::ShowCallstack
0x00007ff60747e361 (Unity) GetStacktrace
0x00007ff607b3013e (Unity) DebugStringToFile
0x00007ff607b2fe7a (Unity) AssertImplementation
0x00007ff6073235ec (Unity) Internal_ADB_WorkerOnly_DomainReload
0x00007ff6077fbc34 (Unity) WorkerDomainReloadV2
0x00007ff60781bd95 (Unity) <lambda_a753820fe7e089d32000383f09f6e370>::operator()
0x00007ff607858812 (Unity) asio::detail::completion_handler<core::mutable_function<void __cdecl(void)>,asio::io_context::basic_executor_type<std::allocator<void>,0> >::do_complete
0x00007ff6078447be (Unity) asio::detail::win_iocp_io_context::do_one
0x00007ff607846424 (Unity) asio::detail::win_iocp_io_context::run
0x00007ff607856bbc (Unity) IOService::Run
0x00007ff607829fff (Unity) AssetImportWorkerClient::Run
0x00007ff6077f57e7 (Unity) RunAssetImportWorkerClientV2
0x00007ff6077f586b (Unity) RunAssetImporterV2
0x00007ff60700de2e (Unity) Application::InitializeProject
0x00007ff607489015 (Unity) WinMain
0x00007ff60884b3ee (Unity) __scrt_common_main_seh
0x00007ffef33c259d (KERNEL32) BaseThreadInitThunk
0x00007ffef37caf38 (ntdll) RtlUserThreadStart

Begin MonoManager ReloadAssembly
- Loaded All Assemblies, in  0.236 seconds
Native extension for WindowsStandalone target not found
Mono: successfully reloaded assembly
- Finished resetting the current domain, in  0.385 seconds
Domain Reload Profiling: 621ms
	BeginReloadAssembly (92ms)
		ExecutionOrderSort (0ms)
		DisableScriptedObjects (7ms)
		BackupInstance (0ms)
		ReleaseScriptingObjects (0ms)
		CreateAndSetChildDomain (17ms)
	RebuildCommonClasses (18ms)
	RebuildNativeTypeToScriptingClass (6ms)
	initialDomainReloadingComplete (15ms)
	LoadAllAssembliesAndSetupDomain (104ms)
		LoadAssemblies (145ms)
		RebuildTransferFunctionScriptingTraits (0ms)
		AnalyzeDomain (8ms)
			TypeCache.Refresh (5ms)
				TypeCache.ScanAssembly (0ms)
			ScanForSourceGeneratedMonoScriptInfo (0ms)
			ResolveRequiredComponents (2ms)
	FinalizeReload (386ms)
		ReleaseScriptCaches (0ms)
		RebuildScriptCaches (0ms)
		SetupLoadedEditorAssemblies (209ms)
			LogAssemblyErrors (0ms)
			InitializePlatformSupportModulesInManaged (2ms)
			SetLoadedEditorAssemblies (3ms)
			RefreshPlugins (0ms)
			BeforeProcessingInitializeOnLoad (29ms)
			ProcessInitializeOnLoadAttributes (158ms)
			ProcessInitializeOnLoadMethodAttributes (16ms)
			AfterProcessingInitializeOnLoad (2ms)
			EditorAssembliesLoaded (0ms)
		ExecutionOrderSort2 (0ms)
		AwakeInstancesAfterBackupRestoration (7ms)
Refreshing native plugins compatible for Editor in 1.20 ms, found 3 plugins.
Preloading 0 native plugins for Editor in 0.00 ms.
Unloading 2458 Unused Serialized files (Serialized files now loaded: 0)
Unloading 16 unused Assets / (29.7 KB). Loaded Objects now: 3029.
Memory consumption went from 125.2 MB to 125.2 MB.
Total: 2.146300 ms (FindLiveObjects: 0.143000 ms CreateObjectMapping: 0.032400 ms MarkObjects: 1.890600 ms  DeleteObjects: 0.079700 ms)

Prepare: number of updated asset objects reloaded= 0
AssetImportParameters requested are different than current active one (requested -> active):
  custom:video-decoder-webm-vp8: 9c59270c3fd7afecdb556c50c9e8de78 -> 
  custom:SearchIndexIgnoredProperties: e643bd26f0fe6173181afceb89e7c659 -> 
  custom:container-demuxer-ogg: 62fdf1f143b41e24485cea50d1cbac27 -> 
  custom:AudioImporter_EditorPlatform: d09bf68614088b80899f8185d706f6e7 -> 
  custom:video-codec-MediaFoundation-h265: 746d11721c4dcdbdad8f713fa42b33f4 -> 
  custom:video-decoder-ogg-theora: a1e56fd34408186e4bbccfd4996cb3dc -> 
  custom:framework-win-MediaFoundation: 216162199b28c13a410421893ffa2e32 -> 
  custom:video-encoder-webm-vp8: eb34c28f22e8b96e1ab97ce403110664 -> 
  custom:audio-decoder-ogg-vorbis: bf7c407c2cedff20999df2af8eb42d56 -> 
  custom:CustomObjectIndexerAttribute: 9a22284fe3817be447336de3de66b15e -> 
  custom:container-demuxer-webm: 4f35f7cbe854078d1ac9338744f61a02 -> 
  custom:audio-encoder-webm-vorbis: bf7c407c2cedff20999df2af8eb42d56 -> 
  custom:scripting/precompiled-assembly-types:Assembly-CSharp: 7af854c70328ea38674417106c6b9f7b -> 91ddc5e8844025c82776d0f2d84be810
  custom:container-muxer-webm: aa71ff27fc2769a1b78a27578f13a17b -> 
========================================================================
Received Prepare
Caller must complete domain reload
0x00007ff6064b9e7d (Unity) StackWalker::GetCurrentCallstack
0x00007ff6064bef59 (Unity) StackWalker::ShowCallstack
0x00007ff60747e361 (Unity) GetStacktrace
0x00007ff607b3013e (Unity) DebugStringToFile
0x00007ff607b2fe7a (Unity) AssertImplementation
0x00007ff6073235ec (Unity) Internal_ADB_WorkerOnly_DomainReload
0x00007ff6077fbc34 (Unity) WorkerDomainReloadV2
0x00007ff60781bd95 (Unity) <lambda_a753820fe7e089d32000383f09f6e370>::operator()
0x00007ff607858812 (Unity) asio::detail::completion_handler<core::mutable_function<void __cdecl(void)>,asio::io_context::basic_executor_type<std::allocator<void>,0> >::do_complete
0x00007ff6078447be (Unity) asio::detail::win_iocp_io_context::do_one
0x00007ff607846424 (Unity) asio::detail::win_iocp_io_context::run
0x00007ff607856bbc (Unity) IOService::Run
0x00007ff607829fff (Unity) AssetImportWorkerClient::Run
0x00007ff6077f57e7 (Unity) RunAssetImportWorkerClientV2
0x00007ff6077f586b (Unity) RunAssetImporterV2
0x00007ff60700de2e (Unity) Application::InitializeProject
0x00007ff607489015 (Unity) WinMain
0x00007ff60884b3ee (Unity) __scrt_common_main_seh
0x00007ffef33c259d (KERNEL32) BaseThreadInitThunk
0x00007ffef37caf38 (ntdll) RtlUserThreadStart

Begin MonoManager ReloadAssembly
- Loaded All Assemblies, in  0.240 seconds
Native extension for WindowsStandalone target not found
Mono: successfully reloaded assembly
- Finished resetting the current domain, in  0.380 seconds
Domain Reload Profiling: 620ms
	BeginReloadAssembly (90ms)
		ExecutionOrderSort (0ms)
		DisableScriptedObjects (7ms)
		BackupInstance (0ms)
		ReleaseScriptingObjects (0ms)
		CreateAndSetChildDomain (17ms)
	RebuildCommonClasses (18ms)
	RebuildNativeTypeToScriptingClass (6ms)
	initialDomainReloadingComplete (15ms)
	LoadAllAssembliesAndSetupDomain (110ms)
		LoadAssemblies (150ms)
		RebuildTransferFunctionScriptingTraits (0ms)
		AnalyzeDomain (8ms)
			TypeCache.Refresh (5ms)
				TypeCache.ScanAssembly (0ms)
			ScanForSourceGeneratedMonoScriptInfo (0ms)
			ResolveRequiredComponents (2ms)
	FinalizeReload (380ms)
		ReleaseScriptCaches (0ms)
		RebuildScriptCaches (0ms)
		SetupLoadedEditorAssemblies (212ms)
			LogAssemblyErrors (0ms)
			InitializePlatformSupportModulesInManaged (2ms)
			SetLoadedEditorAssemblies (3ms)
			RefreshPlugins (0ms)
			BeforeProcessingInitializeOnLoad (30ms)
			ProcessInitializeOnLoadAttributes (161ms)
			ProcessInitializeOnLoadMethodAttributes (15ms)
			AfterProcessingInitializeOnLoad (2ms)
			EditorAssembliesLoaded (0ms)
		ExecutionOrderSort2 (0ms)
		AwakeInstancesAfterBackupRestoration (7ms)
Refreshing native plugins compatible for Editor in 1.16 ms, found 3 plugins.
Preloading 0 native plugins for Editor in 0.00 ms.
Unloading 2458 Unused Serialized files (Serialized files now loaded: 0)
Unloading 16 unused Assets / (29.7 KB). Loaded Objects now: 3033.
Memory consumption went from 125.2 MB to 125.2 MB.
Total: 1.983200 ms (FindLiveObjects: 0.148600 ms CreateObjectMapping: 0.033200 ms MarkObjects: 1.773300 ms  DeleteObjects: 0.027200 ms)

Prepare: number of updated asset objects reloaded= 0
AssetImportParameters requested are different than current active one (requested -> active):
  custom:video-decoder-webm-vp8: 9c59270c3fd7afecdb556c50c9e8de78 -> 
  custom:SearchIndexIgnoredProperties: e643bd26f0fe6173181afceb89e7c659 -> 
  custom:container-demuxer-ogg: 62fdf1f143b41e24485cea50d1cbac27 -> 
  custom:AudioImporter_EditorPlatform: d09bf68614088b80899f8185d706f6e7 -> 
  custom:video-codec-MediaFoundation-h265: 746d11721c4dcdbdad8f713fa42b33f4 -> 
  custom:video-decoder-ogg-theora: a1e56fd34408186e4bbccfd4996cb3dc -> 
  custom:framework-win-MediaFoundation: 216162199b28c13a410421893ffa2e32 -> 
  custom:video-encoder-webm-vp8: eb34c28f22e8b96e1ab97ce403110664 -> 
  custom:audio-decoder-ogg-vorbis: bf7c407c2cedff20999df2af8eb42d56 -> 
  custom:CustomObjectIndexerAttribute: 9a22284fe3817be447336de3de66b15e -> 
  custom:container-demuxer-webm: 4f35f7cbe854078d1ac9338744f61a02 -> 
  custom:audio-encoder-webm-vorbis: bf7c407c2cedff20999df2af8eb42d56 -> 
  custom:scripting/precompiled-assembly-types:Assembly-CSharp: 7af854c70328ea38674417106c6b9f7b -> 91ddc5e8844025c82776d0f2d84be810
  custom:container-muxer-webm: aa71ff27fc2769a1b78a27578f13a17b -> 
========================================================================
Received Import Request.
  Time since last request: 10198.553343 seconds.
  path: Assets/Scenes/Script/DriverApi.cs
  artifactKey: Guid(46a6c6d98e8b0be48be4f6b73cda14b0) Importer(815301076,1909f56bfc062723c751e8b465ee728b)
Start importing Assets/Scenes/Script/DriverApi.cs using Guid(46a6c6d98e8b0be48be4f6b73cda14b0) Importer(815301076,1909f56bfc062723c751e8b465ee728b) [PhysX] Initialized MultithreadedTaskDispatcher with 24 workers.
 -> (artifact id: '0d18ab9b0ad5d0ae4b0959af24319e7c') in 0.012787 seconds
Number of updated asset objects reloaded before import = 0
Number of asset objects unloaded after import = 0
========================================================================
Received Import Request.
  Time since last request: 34.009789 seconds.
  path: Assets/Scenes/Prefab/DeliveryListItem.prefab
  artifactKey: Guid(b80360c5175f32049b3f39d3e210a5d9) Importer(815301076,1909f56bfc062723c751e8b465ee728b)
Start importing Assets/Scenes/Prefab/DeliveryListItem.prefab using Guid(b80360c5175f32049b3f39d3e210a5d9) Importer(815301076,1909f56bfc062723c751e8b465ee728b) [PhysX] Initialized MultithreadedTaskDispatcher with 24 workers.
 -> (artifact id: '8ffae64986f27555c63193bf2b48f265') in 0.185759 seconds
Number of updated asset objects reloaded before import = 0
Number of asset objects unloaded after import = 56
========================================================================
Received Import Request.
  Time since last request: 0.513061 seconds.
  path: Assets/Scenes/Prefab/DriverListItem.prefab
  artifactKey: Guid(cc5207c9857cc964ba9ecf07a572f34e) Importer(815301076,1909f56bfc062723c751e8b465ee728b)
Start importing Assets/Scenes/Prefab/DriverListItem.prefab using Guid(cc5207c9857cc964ba9ecf07a572f34e) Importer(815301076,1909f56bfc062723c751e8b465ee728b) [PhysX] Initialized MultithreadedTaskDispatcher with 24 workers.
 -> (artifact id: '1bf86307df303ebaaa349a1230890aac') in 0.146793 seconds
Number of updated asset objects reloaded before import = 0
Number of asset objects unloaded after import = 49
========================================================================
Received Prepare
Caller must complete domain reload
0x00007ff6064b9e7d (Unity) StackWalker::GetCurrentCallstack
0x00007ff6064bef59 (Unity) StackWalker::ShowCallstack
0x00007ff60747e361 (Unity) GetStacktrace
0x00007ff607b3013e (Unity) DebugStringToFile
0x00007ff607b2fe7a (Unity) AssertImplementation
0x00007ff6073235ec (Unity) Internal_ADB_WorkerOnly_DomainReload
0x00007ff6077fbc34 (Unity) WorkerDomainReloadV2
0x00007ff60781bd95 (Unity) <lambda_a753820fe7e089d32000383f09f6e370>::operator()
0x00007ff607858812 (Unity) asio::detail::completion_handler<core::mutable_function<void __cdecl(void)>,asio::io_context::basic_executor_type<std::allocator<void>,0> >::do_complete
0x00007ff6078447be (Unity) asio::detail::win_iocp_io_context::do_one
0x00007ff607846424 (Unity) asio::detail::win_iocp_io_context::run
0x00007ff607856bbc (Unity) IOService::Run
0x00007ff607829fff (Unity) AssetImportWorkerClient::Run
0x00007ff6077f57e7 (Unity) RunAssetImportWorkerClientV2
0x00007ff6077f586b (Unity) RunAssetImporterV2
0x00007ff60700de2e (Unity) Application::InitializeProject
0x00007ff607489015 (Unity) WinMain
0x00007ff60884b3ee (Unity) __scrt_common_main_seh
0x00007ffef33c259d (KERNEL32) BaseThreadInitThunk
0x00007ffef37caf38 (ntdll) RtlUserThreadStart

Begin MonoManager ReloadAssembly
- Loaded All Assemblies, in  0.299 seconds
Native extension for WindowsStandalone target not found
Mono: successfully reloaded assembly
- Finished resetting the current domain, in  0.472 seconds
Domain Reload Profiling: 771ms
	BeginReloadAssembly (121ms)
		ExecutionOrderSort (0ms)
		DisableScriptedObjects (9ms)
		BackupInstance (0ms)
		ReleaseScriptingObjects (0ms)
		CreateAndSetChildDomain (23ms)
	RebuildCommonClasses (20ms)
	RebuildNativeTypeToScriptingClass (8ms)
	initialDomainReloadingComplete (18ms)
	LoadAllAssembliesAndSetupDomain (133ms)
		LoadAssemblies (178ms)
		RebuildTransferFunctionScriptingTraits (0ms)
		AnalyzeDomain (18ms)
			TypeCache.Refresh (7ms)
				TypeCache.ScanAssembly (1ms)
			ScanForSourceGeneratedMonoScriptInfo (8ms)
			ResolveRequiredComponents (2ms)
	FinalizeReload (472ms)
		ReleaseScriptCaches (0ms)
		RebuildScriptCaches (0ms)
		SetupLoadedEditorAssemblies (280ms)
			LogAssemblyErrors (0ms)
			InitializePlatformSupportModulesInManaged (3ms)
			SetLoadedEditorAssemblies (3ms)
			RefreshPlugins (0ms)
			BeforeProcessingInitializeOnLoad (30ms)
			ProcessInitializeOnLoadAttributes (220ms)
			ProcessInitializeOnLoadMethodAttributes (23ms)
			AfterProcessingInitializeOnLoad (1ms)
			EditorAssembliesLoaded (0ms)
		ExecutionOrderSort2 (0ms)
		AwakeInstancesAfterBackupRestoration (9ms)
Refreshing native plugins compatible for Editor in 1.21 ms, found 3 plugins.
Preloading 0 native plugins for Editor in 0.00 ms.
Unloading 2457 Unused Serialized files (Serialized files now loaded: 0)
Unloading 17 unused Assets / (30.5 KB). Loaded Objects now: 3038.
Memory consumption went from 125.0 MB to 125.0 MB.
Total: 2.357900 ms (FindLiveObjects: 0.248500 ms CreateObjectMapping: 0.092500 ms MarkObjects: 1.973500 ms  DeleteObjects: 0.042200 ms)

Prepare: number of updated asset objects reloaded= 0
AssetImportParameters requested are different than current active one (requested -> active):
  custom:video-decoder-webm-vp8: 9c59270c3fd7afecdb556c50c9e8de78 -> 
  custom:SearchIndexIgnoredProperties: e643bd26f0fe6173181afceb89e7c659 -> 
  custom:container-demuxer-ogg: 62fdf1f143b41e24485cea50d1cbac27 -> 
  custom:AudioImporter_EditorPlatform: d09bf68614088b80899f8185d706f6e7 -> 
  custom:video-codec-MediaFoundation-h265: 746d11721c4dcdbdad8f713fa42b33f4 -> 
  custom:video-decoder-ogg-theora: a1e56fd34408186e4bbccfd4996cb3dc -> 
  custom:framework-win-MediaFoundation: 216162199b28c13a410421893ffa2e32 -> 
  custom:video-encoder-webm-vp8: eb34c28f22e8b96e1ab97ce403110664 -> 
  custom:audio-decoder-ogg-vorbis: bf7c407c2cedff20999df2af8eb42d56 -> 
  custom:CustomObjectIndexerAttribute: 9a22284fe3817be447336de3de66b15e -> 
  custom:container-demuxer-webm: 4f35f7cbe854078d1ac9338744f61a02 -> 
  custom:audio-encoder-webm-vorbis: bf7c407c2cedff20999df2af8eb42d56 -> 
  custom:scripting/precompiled-assembly-types:Assembly-CSharp: 7af854c70328ea38674417106c6b9f7b -> 91ddc5e8844025c82776d0f2d84be810
  custom:container-muxer-webm: aa71ff27fc2769a1b78a27578f13a17b -> 
========================================================================
Received Prepare
Caller must complete domain reload
0x00007ff6064b9e7d (Unity) StackWalker::GetCurrentCallstack
0x00007ff6064bef59 (Unity) StackWalker::ShowCallstack
0x00007ff60747e361 (Unity) GetStacktrace
0x00007ff607b3013e (Unity) DebugStringToFile
0x00007ff607b2fe7a (Unity) AssertImplementation
0x00007ff6073235ec (Unity) Internal_ADB_WorkerOnly_DomainReload
0x00007ff6077fbc34 (Unity) WorkerDomainReloadV2
0x00007ff60781bd95 (Unity) <lambda_a753820fe7e089d32000383f09f6e370>::operator()
0x00007ff607858812 (Unity) asio::detail::completion_handler<core::mutable_function<void __cdecl(void)>,asio::io_context::basic_executor_type<std::allocator<void>,0> >::do_complete
0x00007ff6078447be (Unity) asio::detail::win_iocp_io_context::do_one
0x00007ff607846424 (Unity) asio::detail::win_iocp_io_context::run
0x00007ff607856bbc (Unity) IOService::Run
0x00007ff607829fff (Unity) AssetImportWorkerClient::Run
0x00007ff6077f57e7 (Unity) RunAssetImportWorkerClientV2
0x00007ff6077f586b (Unity) RunAssetImporterV2
0x00007ff60700de2e (Unity) Application::InitializeProject
0x00007ff607489015 (Unity) WinMain
0x00007ff60884b3ee (Unity) __scrt_common_main_seh
0x00007ffef33c259d (KERNEL32) BaseThreadInitThunk
0x00007ffef37caf38 (ntdll) RtlUserThreadStart

Begin MonoManager ReloadAssembly
- Loaded All Assemblies, in  0.238 seconds
Native extension for WindowsStandalone target not found
Mono: successfully reloaded assembly
- Finished resetting the current domain, in  0.380 seconds
Domain Reload Profiling: 618ms
	BeginReloadAssembly (92ms)
		ExecutionOrderSort (0ms)
		DisableScriptedObjects (7ms)
		BackupInstance (0ms)
		ReleaseScriptingObjects (0ms)
		CreateAndSetChildDomain (17ms)
	RebuildCommonClasses (18ms)
	RebuildNativeTypeToScriptingClass (6ms)
	initialDomainReloadingComplete (15ms)
	LoadAllAssembliesAndSetupDomain (106ms)
		LoadAssemblies (147ms)
		RebuildTransferFunctionScriptingTraits (0ms)
		AnalyzeDomain (8ms)
			TypeCache.Refresh (5ms)
				TypeCache.ScanAssembly (0ms)
			ScanForSourceGeneratedMonoScriptInfo (0ms)
			ResolveRequiredComponents (2ms)
	FinalizeReload (381ms)
		ReleaseScriptCaches (0ms)
		RebuildScriptCaches (0ms)
		SetupLoadedEditorAssemblies (215ms)
			LogAssemblyErrors (0ms)
			InitializePlatformSupportModulesInManaged (3ms)
			SetLoadedEditorAssemblies (3ms)
			RefreshPlugins (0ms)
			BeforeProcessingInitializeOnLoad (31ms)
			ProcessInitializeOnLoadAttributes (161ms)
			ProcessInitializeOnLoadMethodAttributes (16ms)
			AfterProcessingInitializeOnLoad (1ms)
			EditorAssembliesLoaded (0ms)
		ExecutionOrderSort2 (0ms)
		AwakeInstancesAfterBackupRestoration (7ms)
Refreshing native plugins compatible for Editor in 1.16 ms, found 3 plugins.
Preloading 0 native plugins for Editor in 0.00 ms.
Unloading 2458 Unused Serialized files (Serialized files now loaded: 0)
Unloading 16 unused Assets / (29.6 KB). Loaded Objects now: 3042.
Memory consumption went from 125.3 MB to 125.2 MB.
Total: 2.190200 ms (FindLiveObjects: 0.156200 ms CreateObjectMapping: 0.037300 ms MarkObjects: 1.952200 ms  DeleteObjects: 0.043500 ms)

Prepare: number of updated asset objects reloaded= 0
AssetImportParameters requested are different than current active one (requested -> active):
  custom:video-decoder-webm-vp8: 9c59270c3fd7afecdb556c50c9e8de78 -> 
  custom:SearchIndexIgnoredProperties: e643bd26f0fe6173181afceb89e7c659 -> 
  custom:container-demuxer-ogg: 62fdf1f143b41e24485cea50d1cbac27 -> 
  custom:AudioImporter_EditorPlatform: d09bf68614088b80899f8185d706f6e7 -> 
  custom:video-codec-MediaFoundation-h265: 746d11721c4dcdbdad8f713fa42b33f4 -> 
  custom:video-decoder-ogg-theora: a1e56fd34408186e4bbccfd4996cb3dc -> 
  custom:framework-win-MediaFoundation: 216162199b28c13a410421893ffa2e32 -> 
  custom:video-encoder-webm-vp8: eb34c28f22e8b96e1ab97ce403110664 -> 
  custom:audio-decoder-ogg-vorbis: bf7c407c2cedff20999df2af8eb42d56 -> 
  custom:CustomObjectIndexerAttribute: 9a22284fe3817be447336de3de66b15e -> 
  custom:container-demuxer-webm: 4f35f7cbe854078d1ac9338744f61a02 -> 
  custom:audio-encoder-webm-vorbis: bf7c407c2cedff20999df2af8eb42d56 -> 
  custom:scripting/precompiled-assembly-types:Assembly-CSharp: 7af854c70328ea38674417106c6b9f7b -> 91ddc5e8844025c82776d0f2d84be810
  custom:container-muxer-webm: aa71ff27fc2769a1b78a27578f13a17b -> 
========================================================================
Received Prepare
Caller must complete domain reload
0x00007ff6064b9e7d (Unity) StackWalker::GetCurrentCallstack
0x00007ff6064bef59 (Unity) StackWalker::ShowCallstack
0x00007ff60747e361 (Unity) GetStacktrace
0x00007ff607b3013e (Unity) DebugStringToFile
0x00007ff607b2fe7a (Unity) AssertImplementation
0x00007ff6073235ec (Unity) Internal_ADB_WorkerOnly_DomainReload
0x00007ff6077fbc34 (Unity) WorkerDomainReloadV2
0x00007ff60781bd95 (Unity) <lambda_a753820fe7e089d32000383f09f6e370>::operator()
0x00007ff607858812 (Unity) asio::detail::completion_handler<core::mutable_function<void __cdecl(void)>,asio::io_context::basic_executor_type<std::allocator<void>,0> >::do_complete
0x00007ff6078447be (Unity) asio::detail::win_iocp_io_context::do_one
0x00007ff607846424 (Unity) asio::detail::win_iocp_io_context::run
0x00007ff607856bbc (Unity) IOService::Run
0x00007ff607829fff (Unity) AssetImportWorkerClient::Run
0x00007ff6077f57e7 (Unity) RunAssetImportWorkerClientV2
0x00007ff6077f586b (Unity) RunAssetImporterV2
0x00007ff60700de2e (Unity) Application::InitializeProject
0x00007ff607489015 (Unity) WinMain
0x00007ff60884b3ee (Unity) __scrt_common_main_seh
0x00007ffef33c259d (KERNEL32) BaseThreadInitThunk
0x00007ffef37caf38 (ntdll) RtlUserThreadStart

Begin MonoManager ReloadAssembly
- Loaded All Assemblies, in  0.242 seconds
Native extension for WindowsStandalone target not found
Mono: successfully reloaded assembly
- Finished resetting the current domain, in  0.395 seconds
Domain Reload Profiling: 637ms
	BeginReloadAssembly (93ms)
		ExecutionOrderSort (0ms)
		DisableScriptedObjects (7ms)
		BackupInstance (0ms)
		ReleaseScriptingObjects (0ms)
		CreateAndSetChildDomain (18ms)
	RebuildCommonClasses (18ms)
	RebuildNativeTypeToScriptingClass (6ms)
	initialDomainReloadingComplete (15ms)
	LoadAllAssembliesAndSetupDomain (110ms)
		LoadAssemblies (152ms)
		RebuildTransferFunctionScriptingTraits (0ms)
		AnalyzeDomain (8ms)
			TypeCache.Refresh (5ms)
				TypeCache.ScanAssembly (0ms)
			ScanForSourceGeneratedMonoScriptInfo (0ms)
			ResolveRequiredComponents (2ms)
	FinalizeReload (395ms)
		ReleaseScriptCaches (0ms)
		RebuildScriptCaches (0ms)
		SetupLoadedEditorAssemblies (224ms)
			LogAssemblyErrors (0ms)
			InitializePlatformSupportModulesInManaged (3ms)
			SetLoadedEditorAssemblies (3ms)
			RefreshPlugins (0ms)
			BeforeProcessingInitializeOnLoad (36ms)
			ProcessInitializeOnLoadAttributes (165ms)
			ProcessInitializeOnLoadMethodAttributes (16ms)
			AfterProcessingInitializeOnLoad (1ms)
			EditorAssembliesLoaded (0ms)
		ExecutionOrderSort2 (0ms)
		AwakeInstancesAfterBackupRestoration (7ms)
Refreshing native plugins compatible for Editor in 1.13 ms, found 3 plugins.
Preloading 0 native plugins for Editor in 0.00 ms.
Unloading 2458 Unused Serialized files (Serialized files now loaded: 0)
Unloading 16 unused Assets / (29.7 KB). Loaded Objects now: 3046.
Memory consumption went from 125.3 MB to 125.2 MB.
Total: 1.918300 ms (FindLiveObjects: 0.124300 ms CreateObjectMapping: 0.042200 ms MarkObjects: 1.719100 ms  DeleteObjects: 0.032300 ms)

Prepare: number of updated asset objects reloaded= 0
AssetImportParameters requested are different than current active one (requested -> active):
  custom:video-decoder-webm-vp8: 9c59270c3fd7afecdb556c50c9e8de78 -> 
  custom:SearchIndexIgnoredProperties: e643bd26f0fe6173181afceb89e7c659 -> 
  custom:container-demuxer-ogg: 62fdf1f143b41e24485cea50d1cbac27 -> 
  custom:AudioImporter_EditorPlatform: d09bf68614088b80899f8185d706f6e7 -> 
  custom:video-codec-MediaFoundation-h265: 746d11721c4dcdbdad8f713fa42b33f4 -> 
  custom:video-decoder-ogg-theora: a1e56fd34408186e4bbccfd4996cb3dc -> 
  custom:framework-win-MediaFoundation: 216162199b28c13a410421893ffa2e32 -> 
  custom:video-encoder-webm-vp8: eb34c28f22e8b96e1ab97ce403110664 -> 
  custom:audio-decoder-ogg-vorbis: bf7c407c2cedff20999df2af8eb42d56 -> 
  custom:CustomObjectIndexerAttribute: 9a22284fe3817be447336de3de66b15e -> 
  custom:container-demuxer-webm: 4f35f7cbe854078d1ac9338744f61a02 -> 
  custom:audio-encoder-webm-vorbis: bf7c407c2cedff20999df2af8eb42d56 -> 
  custom:scripting/precompiled-assembly-types:Assembly-CSharp: 7af854c70328ea38674417106c6b9f7b -> 91ddc5e8844025c82776d0f2d84be810
  custom:container-muxer-webm: aa71ff27fc2769a1b78a27578f13a17b -> 
========================================================================
Received Prepare
Caller must complete domain reload
0x00007ff6064b9e7d (Unity) StackWalker::GetCurrentCallstack
0x00007ff6064bef59 (Unity) StackWalker::ShowCallstack
0x00007ff60747e361 (Unity) GetStacktrace
0x00007ff607b3013e (Unity) DebugStringToFile
0x00007ff607b2fe7a (Unity) AssertImplementation
0x00007ff6073235ec (Unity) Internal_ADB_WorkerOnly_DomainReload
0x00007ff6077fbc34 (Unity) WorkerDomainReloadV2
0x00007ff60781bd95 (Unity) <lambda_a753820fe7e089d32000383f09f6e370>::operator()
0x00007ff607858812 (Unity) asio::detail::completion_handler<core::mutable_function<void __cdecl(void)>,asio::io_context::basic_executor_type<std::allocator<void>,0> >::do_complete
0x00007ff6078447be (Unity) asio::detail::win_iocp_io_context::do_one
0x00007ff607846424 (Unity) asio::detail::win_iocp_io_context::run
0x00007ff607856bbc (Unity) IOService::Run
0x00007ff607829fff (Unity) AssetImportWorkerClient::Run
0x00007ff6077f57e7 (Unity) RunAssetImportWorkerClientV2
0x00007ff6077f586b (Unity) RunAssetImporterV2
0x00007ff60700de2e (Unity) Application::InitializeProject
0x00007ff607489015 (Unity) WinMain
0x00007ff60884b3ee (Unity) __scrt_common_main_seh
0x00007ffef33c259d (KERNEL32) BaseThreadInitThunk
0x00007ffef37caf38 (ntdll) RtlUserThreadStart

Begin MonoManager ReloadAssembly
- Loaded All Assemblies, in  0.235 seconds
Native extension for WindowsStandalone target not found
Mono: successfully reloaded assembly
- Finished resetting the current domain, in  0.381 seconds
Domain Reload Profiling: 617ms
	BeginReloadAssembly (93ms)
		ExecutionOrderSort (0ms)
		DisableScriptedObjects (7ms)
		BackupInstance (0ms)
		ReleaseScriptingObjects (0ms)
		CreateAndSetChildDomain (19ms)
	RebuildCommonClasses (21ms)
	RebuildNativeTypeToScriptingClass (7ms)
	initialDomainReloadingComplete (15ms)
	LoadAllAssembliesAndSetupDomain (99ms)
		LoadAssemblies (141ms)
		RebuildTransferFunctionScriptingTraits (0ms)
		AnalyzeDomain (7ms)
			TypeCache.Refresh (4ms)
				TypeCache.ScanAssembly (0ms)
			ScanForSourceGeneratedMonoScriptInfo (0ms)
			ResolveRequiredComponents (2ms)
	FinalizeReload (381ms)
		ReleaseScriptCaches (0ms)
		RebuildScriptCaches (0ms)
		SetupLoadedEditorAssemblies (218ms)
			LogAssemblyErrors (0ms)
			InitializePlatformSupportModulesInManaged (3ms)
			SetLoadedEditorAssemblies (3ms)
			RefreshPlugins (0ms)
			BeforeProcessingInitializeOnLoad (32ms)
			ProcessInitializeOnLoadAttributes (163ms)
			ProcessInitializeOnLoadMethodAttributes (16ms)
			AfterProcessingInitializeOnLoad (1ms)
			EditorAssembliesLoaded (0ms)
		ExecutionOrderSort2 (0ms)
		AwakeInstancesAfterBackupRestoration (7ms)
Refreshing native plugins compatible for Editor in 1.55 ms, found 3 plugins.
Preloading 0 native plugins for Editor in 0.00 ms.
Unloading 2458 Unused Serialized files (Serialized files now loaded: 0)
Unloading 16 unused Assets / (29.7 KB). Loaded Objects now: 3050.
Memory consumption went from 125.3 MB to 125.2 MB.
Total: 2.080200 ms (FindLiveObjects: 0.146900 ms CreateObjectMapping: 0.034200 ms MarkObjects: 1.865200 ms  DeleteObjects: 0.033200 ms)

Prepare: number of updated asset objects reloaded= 0
AssetImportParameters requested are different than current active one (requested -> active):
  custom:video-decoder-webm-vp8: 9c59270c3fd7afecdb556c50c9e8de78 -> 
  custom:SearchIndexIgnoredProperties: e643bd26f0fe6173181afceb89e7c659 -> 
  custom:container-demuxer-ogg: 62fdf1f143b41e24485cea50d1cbac27 -> 
  custom:AudioImporter_EditorPlatform: d09bf68614088b80899f8185d706f6e7 -> 
  custom:video-codec-MediaFoundation-h265: 746d11721c4dcdbdad8f713fa42b33f4 -> 
  custom:video-decoder-ogg-theora: a1e56fd34408186e4bbccfd4996cb3dc -> 
  custom:framework-win-MediaFoundation: 216162199b28c13a410421893ffa2e32 -> 
  custom:video-encoder-webm-vp8: eb34c28f22e8b96e1ab97ce403110664 -> 
  custom:audio-decoder-ogg-vorbis: bf7c407c2cedff20999df2af8eb42d56 -> 
  custom:CustomObjectIndexerAttribute: 9a22284fe3817be447336de3de66b15e -> 
  custom:container-demuxer-webm: 4f35f7cbe854078d1ac9338744f61a02 -> 
  custom:audio-encoder-webm-vorbis: bf7c407c2cedff20999df2af8eb42d56 -> 
  custom:scripting/precompiled-assembly-types:Assembly-CSharp: 7af854c70328ea38674417106c6b9f7b -> 91ddc5e8844025c82776d0f2d84be810
  custom:container-muxer-webm: aa71ff27fc2769a1b78a27578f13a17b -> 
========================================================================
Received Prepare
Caller must complete domain reload
0x00007ff6064b9e7d (Unity) StackWalker::GetCurrentCallstack
0x00007ff6064bef59 (Unity) StackWalker::ShowCallstack
0x00007ff60747e361 (Unity) GetStacktrace
0x00007ff607b3013e (Unity) DebugStringToFile
0x00007ff607b2fe7a (Unity) AssertImplementation
0x00007ff6073235ec (Unity) Internal_ADB_WorkerOnly_DomainReload
0x00007ff6077fbc34 (Unity) WorkerDomainReloadV2
0x00007ff60781bd95 (Unity) <lambda_a753820fe7e089d32000383f09f6e370>::operator()
0x00007ff607858812 (Unity) asio::detail::completion_handler<core::mutable_function<void __cdecl(void)>,asio::io_context::basic_executor_type<std::allocator<void>,0> >::do_complete
0x00007ff6078447be (Unity) asio::detail::win_iocp_io_context::do_one
0x00007ff607846424 (Unity) asio::detail::win_iocp_io_context::run
0x00007ff607856bbc (Unity) IOService::Run
0x00007ff607829fff (Unity) AssetImportWorkerClient::Run
0x00007ff6077f57e7 (Unity) RunAssetImportWorkerClientV2
0x00007ff6077f586b (Unity) RunAssetImporterV2
0x00007ff60700de2e (Unity) Application::InitializeProject
0x00007ff607489015 (Unity) WinMain
0x00007ff60884b3ee (Unity) __scrt_common_main_seh
0x00007ffef33c259d (KERNEL32) BaseThreadInitThunk
0x00007ffef37caf38 (ntdll) RtlUserThreadStart

Begin MonoManager ReloadAssembly
- Loaded All Assemblies, in  0.389 seconds
Native extension for WindowsStandalone target not found
Mono: successfully reloaded assembly
- Finished resetting the current domain, in  0.539 seconds
Domain Reload Profiling: 928ms
	BeginReloadAssembly (138ms)
		ExecutionOrderSort (0ms)
		DisableScriptedObjects (12ms)
		BackupInstance (0ms)
		ReleaseScriptingObjects (0ms)
		CreateAndSetChildDomain (28ms)
	RebuildCommonClasses (25ms)
	RebuildNativeTypeToScriptingClass (9ms)
	initialDomainReloadingComplete (23ms)
	LoadAllAssembliesAndSetupDomain (194ms)
		LoadAssemblies (252ms)
		RebuildTransferFunctionScriptingTraits (0ms)
		AnalyzeDomain (15ms)
			TypeCache.Refresh (10ms)
				TypeCache.ScanAssembly (0ms)
			ScanForSourceGeneratedMonoScriptInfo (0ms)
			ResolveRequiredComponents (4ms)
	FinalizeReload (540ms)
		ReleaseScriptCaches (0ms)
		RebuildScriptCaches (0ms)
		SetupLoadedEditorAssemblies (281ms)
			LogAssemblyErrors (0ms)
			InitializePlatformSupportModulesInManaged (4ms)
			SetLoadedEditorAssemblies (4ms)
			RefreshPlugins (0ms)
			BeforeProcessingInitializeOnLoad (46ms)
			ProcessInitializeOnLoadAttributes (205ms)
			ProcessInitializeOnLoadMethodAttributes (20ms)
			AfterProcessingInitializeOnLoad (1ms)
			EditorAssembliesLoaded (0ms)
		ExecutionOrderSort2 (0ms)
		AwakeInstancesAfterBackupRestoration (9ms)
Refreshing native plugins compatible for Editor in 1.44 ms, found 3 plugins.
Preloading 0 native plugins for Editor in 0.00 ms.
Unloading 2458 Unused Serialized files (Serialized files now loaded: 0)
Unloading 16 unused Assets / (29.7 KB). Loaded Objects now: 3054.
Memory consumption went from 125.3 MB to 125.3 MB.
Total: 1.993700 ms (FindLiveObjects: 0.131000 ms CreateObjectMapping: 0.030100 ms MarkObjects: 1.787200 ms  DeleteObjects: 0.044500 ms)

Prepare: number of updated asset objects reloaded= 0
AssetImportParameters requested are different than current active one (requested -> active):
  custom:video-decoder-webm-vp8: 9c59270c3fd7afecdb556c50c9e8de78 -> 
  custom:SearchIndexIgnoredProperties: e643bd26f0fe6173181afceb89e7c659 -> 
  custom:container-demuxer-ogg: 62fdf1f143b41e24485cea50d1cbac27 -> 
  custom:AudioImporter_EditorPlatform: d09bf68614088b80899f8185d706f6e7 -> 
  custom:video-codec-MediaFoundation-h265: 746d11721c4dcdbdad8f713fa42b33f4 -> 
  custom:video-decoder-ogg-theora: a1e56fd34408186e4bbccfd4996cb3dc -> 
  custom:framework-win-MediaFoundation: 216162199b28c13a410421893ffa2e32 -> 
  custom:video-encoder-webm-vp8: eb34c28f22e8b96e1ab97ce403110664 -> 
  custom:audio-decoder-ogg-vorbis: bf7c407c2cedff20999df2af8eb42d56 -> 
  custom:CustomObjectIndexerAttribute: 9a22284fe3817be447336de3de66b15e -> 
  custom:container-demuxer-webm: 4f35f7cbe854078d1ac9338744f61a02 -> 
  custom:audio-encoder-webm-vorbis: bf7c407c2cedff20999df2af8eb42d56 -> 
  custom:scripting/precompiled-assembly-types:Assembly-CSharp: 7af854c70328ea38674417106c6b9f7b -> 91ddc5e8844025c82776d0f2d84be810
  custom:container-muxer-webm: aa71ff27fc2769a1b78a27578f13a17b -> 
========================================================================
Received Prepare
Caller must complete domain reload
0x00007ff6064b9e7d (Unity) StackWalker::GetCurrentCallstack
0x00007ff6064bef59 (Unity) StackWalker::ShowCallstack
0x00007ff60747e361 (Unity) GetStacktrace
0x00007ff607b3013e (Unity) DebugStringToFile
0x00007ff607b2fe7a (Unity) AssertImplementation
0x00007ff6073235ec (Unity) Internal_ADB_WorkerOnly_DomainReload
0x00007ff6077fbc34 (Unity) WorkerDomainReloadV2
0x00007ff60781bd95 (Unity) <lambda_a753820fe7e089d32000383f09f6e370>::operator()
0x00007ff607858812 (Unity) asio::detail::completion_handler<core::mutable_function<void __cdecl(void)>,asio::io_context::basic_executor_type<std::allocator<void>,0> >::do_complete
0x00007ff6078447be (Unity) asio::detail::win_iocp_io_context::do_one
0x00007ff607846424 (Unity) asio::detail::win_iocp_io_context::run
0x00007ff607856bbc (Unity) IOService::Run
0x00007ff607829fff (Unity) AssetImportWorkerClient::Run
0x00007ff6077f57e7 (Unity) RunAssetImportWorkerClientV2
0x00007ff6077f586b (Unity) RunAssetImporterV2
0x00007ff60700de2e (Unity) Application::InitializeProject
0x00007ff607489015 (Unity) WinMain
0x00007ff60884b3ee (Unity) __scrt_common_main_seh
0x00007ffef33c259d (KERNEL32) BaseThreadInitThunk
0x00007ffef37caf38 (ntdll) RtlUserThreadStart

Begin MonoManager ReloadAssembly
- Loaded All Assemblies, in  0.242 seconds
Native extension for WindowsStandalone target not found
Mono: successfully reloaded assembly
- Finished resetting the current domain, in  0.383 seconds
Domain Reload Profiling: 625ms
	BeginReloadAssembly (92ms)
		ExecutionOrderSort (0ms)
		DisableScriptedObjects (7ms)
		BackupInstance (0ms)
		ReleaseScriptingObjects (0ms)
		CreateAndSetChildDomain (18ms)
	RebuildCommonClasses (19ms)
	RebuildNativeTypeToScriptingClass (6ms)
	initialDomainReloadingComplete (16ms)
	LoadAllAssembliesAndSetupDomain (109ms)
		LoadAssemblies (150ms)
		RebuildTransferFunctionScriptingTraits (0ms)
		AnalyzeDomain (8ms)
			TypeCache.Refresh (5ms)
				TypeCache.ScanAssembly (0ms)
			ScanForSourceGeneratedMonoScriptInfo (0ms)
			ResolveRequiredComponents (2ms)
	FinalizeReload (384ms)
		ReleaseScriptCaches (0ms)
		RebuildScriptCaches (0ms)
		SetupLoadedEditorAssemblies (213ms)
			LogAssemblyErrors (0ms)
			InitializePlatformSupportModulesInManaged (2ms)
			SetLoadedEditorAssemblies (3ms)
			RefreshPlugins (0ms)
			BeforeProcessingInitializeOnLoad (31ms)
			ProcessInitializeOnLoadAttributes (160ms)
			ProcessInitializeOnLoadMethodAttributes (16ms)
			AfterProcessingInitializeOnLoad (1ms)
			EditorAssembliesLoaded (0ms)
		ExecutionOrderSort2 (0ms)
		AwakeInstancesAfterBackupRestoration (7ms)
Refreshing native plugins compatible for Editor in 1.26 ms, found 3 plugins.
Preloading 0 native plugins for Editor in 0.00 ms.
Unloading 2458 Unused Serialized files (Serialized files now loaded: 0)
Unloading 16 unused Assets / (29.7 KB). Loaded Objects now: 3058.
Memory consumption went from 125.3 MB to 125.3 MB.
Total: 2.185800 ms (FindLiveObjects: 0.152500 ms CreateObjectMapping: 0.032600 ms MarkObjects: 1.970400 ms  DeleteObjects: 0.029100 ms)

Prepare: number of updated asset objects reloaded= 0
AssetImportParameters requested are different than current active one (requested -> active):
  custom:video-decoder-webm-vp8: 9c59270c3fd7afecdb556c50c9e8de78 -> 
  custom:SearchIndexIgnoredProperties: e643bd26f0fe6173181afceb89e7c659 -> 
  custom:container-demuxer-ogg: 62fdf1f143b41e24485cea50d1cbac27 -> 
  custom:AudioImporter_EditorPlatform: d09bf68614088b80899f8185d706f6e7 -> 
  custom:video-codec-MediaFoundation-h265: 746d11721c4dcdbdad8f713fa42b33f4 -> 
  custom:video-decoder-ogg-theora: a1e56fd34408186e4bbccfd4996cb3dc -> 
  custom:framework-win-MediaFoundation: 216162199b28c13a410421893ffa2e32 -> 
  custom:video-encoder-webm-vp8: eb34c28f22e8b96e1ab97ce403110664 -> 
  custom:audio-decoder-ogg-vorbis: bf7c407c2cedff20999df2af8eb42d56 -> 
  custom:CustomObjectIndexerAttribute: 9a22284fe3817be447336de3de66b15e -> 
  custom:container-demuxer-webm: 4f35f7cbe854078d1ac9338744f61a02 -> 
  custom:audio-encoder-webm-vorbis: bf7c407c2cedff20999df2af8eb42d56 -> 
  custom:scripting/precompiled-assembly-types:Assembly-CSharp: 7af854c70328ea38674417106c6b9f7b -> 91ddc5e8844025c82776d0f2d84be810
  custom:container-muxer-webm: aa71ff27fc2769a1b78a27578f13a17b -> 
========================================================================
Received Prepare
Caller must complete domain reload
0x00007ff6064b9e7d (Unity) StackWalker::GetCurrentCallstack
0x00007ff6064bef59 (Unity) StackWalker::ShowCallstack
0x00007ff60747e361 (Unity) GetStacktrace
0x00007ff607b3013e (Unity) DebugStringToFile
0x00007ff607b2fe7a (Unity) AssertImplementation
0x00007ff6073235ec (Unity) Internal_ADB_WorkerOnly_DomainReload
0x00007ff6077fbc34 (Unity) WorkerDomainReloadV2
0x00007ff60781bd95 (Unity) <lambda_a753820fe7e089d32000383f09f6e370>::operator()
0x00007ff607858812 (Unity) asio::detail::completion_handler<core::mutable_function<void __cdecl(void)>,asio::io_context::basic_executor_type<std::allocator<void>,0> >::do_complete
0x00007ff6078447be (Unity) asio::detail::win_iocp_io_context::do_one
0x00007ff607846424 (Unity) asio::detail::win_iocp_io_context::run
0x00007ff607856bbc (Unity) IOService::Run
0x00007ff607829fff (Unity) AssetImportWorkerClient::Run
0x00007ff6077f57e7 (Unity) RunAssetImportWorkerClientV2
0x00007ff6077f586b (Unity) RunAssetImporterV2
0x00007ff60700de2e (Unity) Application::InitializeProject
0x00007ff607489015 (Unity) WinMain
0x00007ff60884b3ee (Unity) __scrt_common_main_seh
0x00007ffef33c259d (KERNEL32) BaseThreadInitThunk
0x00007ffef37caf38 (ntdll) RtlUserThreadStart

Begin MonoManager ReloadAssembly
- Loaded All Assemblies, in  0.250 seconds
Native extension for WindowsStandalone target not found
Mono: successfully reloaded assembly
- Finished resetting the current domain, in  0.400 seconds
Domain Reload Profiling: 651ms
	BeginReloadAssembly (99ms)
		ExecutionOrderSort (0ms)
		DisableScriptedObjects (7ms)
		BackupInstance (0ms)
		ReleaseScriptingObjects (0ms)
		CreateAndSetChildDomain (18ms)
	RebuildCommonClasses (18ms)
	RebuildNativeTypeToScriptingClass (6ms)
	initialDomainReloadingComplete (16ms)
	LoadAllAssembliesAndSetupDomain (111ms)
		LoadAssemblies (158ms)
		RebuildTransferFunctionScriptingTraits (0ms)
		AnalyzeDomain (8ms)
			TypeCache.Refresh (5ms)
				TypeCache.ScanAssembly (0ms)
			ScanForSourceGeneratedMonoScriptInfo (0ms)
			ResolveRequiredComponents (2ms)
	FinalizeReload (401ms)
		ReleaseScriptCaches (0ms)
		RebuildScriptCaches (0ms)
		SetupLoadedEditorAssemblies (218ms)
			LogAssemblyErrors (0ms)
			InitializePlatformSupportModulesInManaged (3ms)
			SetLoadedEditorAssemblies (3ms)
			RefreshPlugins (0ms)
			BeforeProcessingInitializeOnLoad (32ms)
			ProcessInitializeOnLoadAttributes (162ms)
			ProcessInitializeOnLoadMethodAttributes (17ms)
			AfterProcessingInitializeOnLoad (1ms)
			EditorAssembliesLoaded (0ms)
		ExecutionOrderSort2 (0ms)
		AwakeInstancesAfterBackupRestoration (7ms)
Refreshing native plugins compatible for Editor in 1.39 ms, found 3 plugins.
Preloading 0 native plugins for Editor in 0.00 ms.
Unloading 2458 Unused Serialized files (Serialized files now loaded: 0)
Unloading 16 unused Assets / (29.7 KB). Loaded Objects now: 3062.
Memory consumption went from 125.3 MB to 125.3 MB.
Total: 2.618600 ms (FindLiveObjects: 0.411000 ms CreateObjectMapping: 0.073500 ms MarkObjects: 2.103700 ms  DeleteObjects: 0.029300 ms)

Prepare: number of updated asset objects reloaded= 0
AssetImportParameters requested are different than current active one (requested -> active):
  custom:video-decoder-webm-vp8: 9c59270c3fd7afecdb556c50c9e8de78 -> 
  custom:SearchIndexIgnoredProperties: e643bd26f0fe6173181afceb89e7c659 -> 
  custom:container-demuxer-ogg: 62fdf1f143b41e24485cea50d1cbac27 -> 
  custom:AudioImporter_EditorPlatform: d09bf68614088b80899f8185d706f6e7 -> 
  custom:video-codec-MediaFoundation-h265: 746d11721c4dcdbdad8f713fa42b33f4 -> 
  custom:video-decoder-ogg-theora: a1e56fd34408186e4bbccfd4996cb3dc -> 
  custom:framework-win-MediaFoundation: 216162199b28c13a410421893ffa2e32 -> 
  custom:video-encoder-webm-vp8: eb34c28f22e8b96e1ab97ce403110664 -> 
  custom:audio-decoder-ogg-vorbis: bf7c407c2cedff20999df2af8eb42d56 -> 
  custom:CustomObjectIndexerAttribute: 9a22284fe3817be447336de3de66b15e -> 
  custom:container-demuxer-webm: 4f35f7cbe854078d1ac9338744f61a02 -> 
  custom:audio-encoder-webm-vorbis: bf7c407c2cedff20999df2af8eb42d56 -> 
  custom:scripting/precompiled-assembly-types:Assembly-CSharp: 7af854c70328ea38674417106c6b9f7b -> 91ddc5e8844025c82776d0f2d84be810
  custom:container-muxer-webm: aa71ff27fc2769a1b78a27578f13a17b -> 
========================================================================
Received Import Request.
  Time since last request: 11203.924074 seconds.
  path: Assets/Scenes/Script/DriverHomePanelController.cs
  artifactKey: Guid(fec32adf99cd1144c97838d3ef896f5e) Importer(815301076,1909f56bfc062723c751e8b465ee728b)
Start importing Assets/Scenes/Script/DriverHomePanelController.cs using Guid(fec32adf99cd1144c97838d3ef896f5e) Importer(815301076,1909f56bfc062723c751e8b465ee728b) [PhysX] Initialized MultithreadedTaskDispatcher with 24 workers.
 -> (artifact id: 'd8a7b565bfad460e293b9d1e8a8bb9ca') in 0.007528 seconds
Number of updated asset objects reloaded before import = 0
Number of asset objects unloaded after import = 0
========================================================================
Received Import Request.
  Time since last request: 87.228238 seconds.
  path: Assets/Scenes/Script/DeliveryListPanelController.cs
  artifactKey: Guid(b3ec71d6cd0e38e428a0b750712739a1) Importer(815301076,1909f56bfc062723c751e8b465ee728b)
Start importing Assets/Scenes/Script/DeliveryListPanelController.cs using Guid(b3ec71d6cd0e38e428a0b750712739a1) Importer(815301076,1909f56bfc062723c751e8b465ee728b) [PhysX] Initialized MultithreadedTaskDispatcher with 24 workers.
 -> (artifact id: 'fed588b7adf837ec5352bcf5b3dddd8b') in 0.000436 seconds
Number of updated asset objects reloaded before import = 0
Number of asset objects unloaded after import = 0
========================================================================
Received Prepare
Caller must complete domain reload
0x00007ff6064b9e7d (Unity) StackWalker::GetCurrentCallstack
0x00007ff6064bef59 (Unity) StackWalker::ShowCallstack
0x00007ff60747e361 (Unity) GetStacktrace
0x00007ff607b3013e (Unity) DebugStringToFile
0x00007ff607b2fe7a (Unity) AssertImplementation
0x00007ff6073235ec (Unity) Internal_ADB_WorkerOnly_DomainReload
0x00007ff6077fbc34 (Unity) WorkerDomainReloadV2
0x00007ff60781bd95 (Unity) <lambda_a753820fe7e089d32000383f09f6e370>::operator()
0x00007ff607858812 (Unity) asio::detail::completion_handler<core::mutable_function<void __cdecl(void)>,asio::io_context::basic_executor_type<std::allocator<void>,0> >::do_complete
0x00007ff6078447be (Unity) asio::detail::win_iocp_io_context::do_one
0x00007ff607846424 (Unity) asio::detail::win_iocp_io_context::run
0x00007ff607856bbc (Unity) IOService::Run
0x00007ff607829fff (Unity) AssetImportWorkerClient::Run
0x00007ff6077f57e7 (Unity) RunAssetImportWorkerClientV2
0x00007ff6077f586b (Unity) RunAssetImporterV2
0x00007ff60700de2e (Unity) Application::InitializeProject
0x00007ff607489015 (Unity) WinMain
0x00007ff60884b3ee (Unity) __scrt_common_main_seh
0x00007ffef33c259d (KERNEL32) BaseThreadInitThunk
0x00007ffef37caf38 (ntdll) RtlUserThreadStart

Begin MonoManager ReloadAssembly
- Loaded All Assemblies, in  0.448 seconds
Native extension for WindowsStandalone target not found
Mono: successfully reloaded assembly
- Finished resetting the current domain, in  0.603 seconds
Domain Reload Profiling: 1051ms
	BeginReloadAssembly (168ms)
		ExecutionOrderSort (0ms)
		DisableScriptedObjects (13ms)
		BackupInstance (0ms)
		ReleaseScriptingObjects (0ms)
		CreateAndSetChildDomain (40ms)
	RebuildCommonClasses (31ms)
	RebuildNativeTypeToScriptingClass (12ms)
	initialDomainReloadingComplete (29ms)
	LoadAllAssembliesAndSetupDomain (207ms)
		LoadAssemblies (273ms)
		RebuildTransferFunctionScriptingTraits (0ms)
		AnalyzeDomain (21ms)
			TypeCache.Refresh (12ms)
				TypeCache.ScanAssembly (1ms)
			ScanForSourceGeneratedMonoScriptInfo (7ms)
			ResolveRequiredComponents (2ms)
	FinalizeReload (603ms)
		ReleaseScriptCaches (0ms)
		RebuildScriptCaches (0ms)
		SetupLoadedEditorAssemblies (354ms)
			LogAssemblyErrors (0ms)
			InitializePlatformSupportModulesInManaged (5ms)
			SetLoadedEditorAssemblies (5ms)
			RefreshPlugins (0ms)
			BeforeProcessingInitializeOnLoad (47ms)
			ProcessInitializeOnLoadAttributes (270ms)
			ProcessInitializeOnLoadMethodAttributes (26ms)
			AfterProcessingInitializeOnLoad (1ms)
			EditorAssembliesLoaded (0ms)
		ExecutionOrderSort2 (0ms)
		AwakeInstancesAfterBackupRestoration (9ms)
Refreshing native plugins compatible for Editor in 2.47 ms, found 3 plugins.
Preloading 0 native plugins for Editor in 0.00 ms.
Unloading 2457 Unused Serialized files (Serialized files now loaded: 0)
Unloading 16 unused Assets / (29.8 KB). Loaded Objects now: 3066.
Memory consumption went from 125.0 MB to 125.0 MB.
Total: 3.223700 ms (FindLiveObjects: 0.213000 ms CreateObjectMapping: 0.037200 ms MarkObjects: 2.900100 ms  DeleteObjects: 0.071800 ms)

Prepare: number of updated asset objects reloaded= 0
AssetImportParameters requested are different than current active one (requested -> active):
  custom:video-decoder-webm-vp8: 9c59270c3fd7afecdb556c50c9e8de78 -> 
  custom:SearchIndexIgnoredProperties: e643bd26f0fe6173181afceb89e7c659 -> 
  custom:container-demuxer-ogg: 62fdf1f143b41e24485cea50d1cbac27 -> 
  custom:AudioImporter_EditorPlatform: d09bf68614088b80899f8185d706f6e7 -> 
  custom:video-codec-MediaFoundation-h265: 746d11721c4dcdbdad8f713fa42b33f4 -> 
  custom:video-decoder-ogg-theora: a1e56fd34408186e4bbccfd4996cb3dc -> 
  custom:framework-win-MediaFoundation: 216162199b28c13a410421893ffa2e32 -> 
  custom:video-encoder-webm-vp8: eb34c28f22e8b96e1ab97ce403110664 -> 
  custom:audio-decoder-ogg-vorbis: bf7c407c2cedff20999df2af8eb42d56 -> 
  custom:CustomObjectIndexerAttribute: 9a22284fe3817be447336de3de66b15e -> 
  custom:container-demuxer-webm: 4f35f7cbe854078d1ac9338744f61a02 -> 
  custom:audio-encoder-webm-vorbis: bf7c407c2cedff20999df2af8eb42d56 -> 
  custom:scripting/precompiled-assembly-types:Assembly-CSharp: 7af854c70328ea38674417106c6b9f7b -> 91ddc5e8844025c82776d0f2d84be810
  custom:container-muxer-webm: aa71ff27fc2769a1b78a27578f13a17b -> 
========================================================================
Received Prepare
Caller must complete domain reload
0x00007ff6064b9e7d (Unity) StackWalker::GetCurrentCallstack
0x00007ff6064bef59 (Unity) StackWalker::ShowCallstack
0x00007ff60747e361 (Unity) GetStacktrace
0x00007ff607b3013e (Unity) DebugStringToFile
0x00007ff607b2fe7a (Unity) AssertImplementation
0x00007ff6073235ec (Unity) Internal_ADB_WorkerOnly_DomainReload
0x00007ff6077fbc34 (Unity) WorkerDomainReloadV2
0x00007ff60781bd95 (Unity) <lambda_a753820fe7e089d32000383f09f6e370>::operator()
0x00007ff607858812 (Unity) asio::detail::completion_handler<core::mutable_function<void __cdecl(void)>,asio::io_context::basic_executor_type<std::allocator<void>,0> >::do_complete
0x00007ff6078447be (Unity) asio::detail::win_iocp_io_context::do_one
0x00007ff607846424 (Unity) asio::detail::win_iocp_io_context::run
0x00007ff607856bbc (Unity) IOService::Run
0x00007ff607829fff (Unity) AssetImportWorkerClient::Run
0x00007ff6077f57e7 (Unity) RunAssetImportWorkerClientV2
0x00007ff6077f586b (Unity) RunAssetImporterV2
0x00007ff60700de2e (Unity) Application::InitializeProject
0x00007ff607489015 (Unity) WinMain
0x00007ff60884b3ee (Unity) __scrt_common_main_seh
0x00007ffef33c259d (KERNEL32) BaseThreadInitThunk
0x00007ffef37caf38 (ntdll) RtlUserThreadStart

Begin MonoManager ReloadAssembly
- Loaded All Assemblies, in  0.251 seconds
Native extension for WindowsStandalone target not found
Mono: successfully reloaded assembly
- Finished resetting the current domain, in  0.413 seconds
Domain Reload Profiling: 664ms
	BeginReloadAssembly (95ms)
		ExecutionOrderSort (0ms)
		DisableScriptedObjects (7ms)
		BackupInstance (0ms)
		ReleaseScriptingObjects (0ms)
		CreateAndSetChildDomain (18ms)
	RebuildCommonClasses (18ms)
	RebuildNativeTypeToScriptingClass (6ms)
	initialDomainReloadingComplete (15ms)
	LoadAllAssembliesAndSetupDomain (116ms)
		LoadAssemblies (157ms)
		RebuildTransferFunctionScriptingTraits (0ms)
		AnalyzeDomain (9ms)
			TypeCache.Refresh (6ms)
				TypeCache.ScanAssembly (0ms)
			ScanForSourceGeneratedMonoScriptInfo (0ms)
			ResolveRequiredComponents (2ms)
	FinalizeReload (413ms)
		ReleaseScriptCaches (0ms)
		RebuildScriptCaches (0ms)
		SetupLoadedEditorAssemblies (226ms)
			LogAssemblyErrors (0ms)
			InitializePlatformSupportModulesInManaged (3ms)
			SetLoadedEditorAssemblies (3ms)
			RefreshPlugins (0ms)
			BeforeProcessingInitializeOnLoad (30ms)
			ProcessInitializeOnLoadAttributes (172ms)
			ProcessInitializeOnLoadMethodAttributes (17ms)
			AfterProcessingInitializeOnLoad (1ms)
			EditorAssembliesLoaded (0ms)
		ExecutionOrderSort2 (0ms)
		AwakeInstancesAfterBackupRestoration (7ms)
Refreshing native plugins compatible for Editor in 1.13 ms, found 3 plugins.
Preloading 0 native plugins for Editor in 0.00 ms.
Unloading 2458 Unused Serialized files (Serialized files now loaded: 0)
Unloading 16 unused Assets / (29.9 KB). Loaded Objects now: 3070.
Memory consumption went from 125.3 MB to 125.3 MB.
Total: 2.036400 ms (FindLiveObjects: 0.137400 ms CreateObjectMapping: 0.033600 ms MarkObjects: 1.831600 ms  DeleteObjects: 0.032800 ms)

Prepare: number of updated asset objects reloaded= 0
AssetImportParameters requested are different than current active one (requested -> active):
  custom:video-decoder-webm-vp8: 9c59270c3fd7afecdb556c50c9e8de78 -> 
  custom:SearchIndexIgnoredProperties: e643bd26f0fe6173181afceb89e7c659 -> 
  custom:container-demuxer-ogg: 62fdf1f143b41e24485cea50d1cbac27 -> 
  custom:AudioImporter_EditorPlatform: d09bf68614088b80899f8185d706f6e7 -> 
  custom:video-codec-MediaFoundation-h265: 746d11721c4dcdbdad8f713fa42b33f4 -> 
  custom:video-decoder-ogg-theora: a1e56fd34408186e4bbccfd4996cb3dc -> 
  custom:framework-win-MediaFoundation: 216162199b28c13a410421893ffa2e32 -> 
  custom:video-encoder-webm-vp8: eb34c28f22e8b96e1ab97ce403110664 -> 
  custom:audio-decoder-ogg-vorbis: bf7c407c2cedff20999df2af8eb42d56 -> 
  custom:CustomObjectIndexerAttribute: 9a22284fe3817be447336de3de66b15e -> 
  custom:container-demuxer-webm: 4f35f7cbe854078d1ac9338744f61a02 -> 
  custom:audio-encoder-webm-vorbis: bf7c407c2cedff20999df2af8eb42d56 -> 
  custom:scripting/precompiled-assembly-types:Assembly-CSharp: 7af854c70328ea38674417106c6b9f7b -> 91ddc5e8844025c82776d0f2d84be810
  custom:container-muxer-webm: aa71ff27fc2769a1b78a27578f13a17b -> 
========================================================================
Received Prepare
Caller must complete domain reload
0x00007ff6064b9e7d (Unity) StackWalker::GetCurrentCallstack
0x00007ff6064bef59 (Unity) StackWalker::ShowCallstack
0x00007ff60747e361 (Unity) GetStacktrace
0x00007ff607b3013e (Unity) DebugStringToFile
0x00007ff607b2fe7a (Unity) AssertImplementation
0x00007ff6073235ec (Unity) Internal_ADB_WorkerOnly_DomainReload
0x00007ff6077fbc34 (Unity) WorkerDomainReloadV2
0x00007ff60781bd95 (Unity) <lambda_a753820fe7e089d32000383f09f6e370>::operator()
0x00007ff607858812 (Unity) asio::detail::completion_handler<core::mutable_function<void __cdecl(void)>,asio::io_context::basic_executor_type<std::allocator<void>,0> >::do_complete
0x00007ff6078447be (Unity) asio::detail::win_iocp_io_context::do_one
0x00007ff607846424 (Unity) asio::detail::win_iocp_io_context::run
0x00007ff607856bbc (Unity) IOService::Run
0x00007ff607829fff (Unity) AssetImportWorkerClient::Run
0x00007ff6077f57e7 (Unity) RunAssetImportWorkerClientV2
0x00007ff6077f586b (Unity) RunAssetImporterV2
0x00007ff60700de2e (Unity) Application::InitializeProject
0x00007ff607489015 (Unity) WinMain
0x00007ff60884b3ee (Unity) __scrt_common_main_seh
0x00007ffef33c259d (KERNEL32) BaseThreadInitThunk
0x00007ffef37caf38 (ntdll) RtlUserThreadStart

Begin MonoManager ReloadAssembly
- Loaded All Assemblies, in  0.263 seconds
Native extension for WindowsStandalone target not found
Mono: successfully reloaded assembly
- Finished resetting the current domain, in  0.385 seconds
Domain Reload Profiling: 648ms
	BeginReloadAssembly (101ms)
		ExecutionOrderSort (0ms)
		DisableScriptedObjects (8ms)
		BackupInstance (0ms)
		ReleaseScriptingObjects (0ms)
		CreateAndSetChildDomain (21ms)
	RebuildCommonClasses (18ms)
	RebuildNativeTypeToScriptingClass (6ms)
	initialDomainReloadingComplete (19ms)
	LoadAllAssembliesAndSetupDomain (118ms)
		LoadAssemblies (154ms)
		RebuildTransferFunctionScriptingTraits (0ms)
		AnalyzeDomain (15ms)
			TypeCache.Refresh (7ms)
				TypeCache.ScanAssembly (1ms)
			ScanForSourceGeneratedMonoScriptInfo (5ms)
			ResolveRequiredComponents (2ms)
	FinalizeReload (385ms)
		ReleaseScriptCaches (0ms)
		RebuildScriptCaches (0ms)
		SetupLoadedEditorAssemblies (210ms)
			LogAssemblyErrors (0ms)
			InitializePlatformSupportModulesInManaged (2ms)
			SetLoadedEditorAssemblies (3ms)
			RefreshPlugins (0ms)
			BeforeProcessingInitializeOnLoad (30ms)
			ProcessInitializeOnLoadAttributes (159ms)
			ProcessInitializeOnLoadMethodAttributes (15ms)
			AfterProcessingInitializeOnLoad (1ms)
			EditorAssembliesLoaded (0ms)
		ExecutionOrderSort2 (0ms)
		AwakeInstancesAfterBackupRestoration (7ms)
Refreshing native plugins compatible for Editor in 1.25 ms, found 3 plugins.
Preloading 0 native plugins for Editor in 0.00 ms.
Unloading 2458 Unused Serialized files (Serialized files now loaded: 0)
Unloading 16 unused Assets / (29.7 KB). Loaded Objects now: 3074.
Memory consumption went from 125.3 MB to 125.3 MB.
Total: 1.856100 ms (FindLiveObjects: 0.135000 ms CreateObjectMapping: 0.031800 ms MarkObjects: 1.655800 ms  DeleteObjects: 0.032600 ms)

Prepare: number of updated asset objects reloaded= 0
AssetImportParameters requested are different than current active one (requested -> active):
  custom:video-decoder-webm-vp8: 9c59270c3fd7afecdb556c50c9e8de78 -> 
  custom:SearchIndexIgnoredProperties: e643bd26f0fe6173181afceb89e7c659 -> 
  custom:container-demuxer-ogg: 62fdf1f143b41e24485cea50d1cbac27 -> 
  custom:AudioImporter_EditorPlatform: d09bf68614088b80899f8185d706f6e7 -> 
  custom:scripting/monoscript/fileName/FilterTabAction.cs: c7b420e0ab340cd82790412b9120c2be -> 832ecca40c7a4f4873e3df0cc28b44da
  custom:video-codec-MediaFoundation-h265: 746d11721c4dcdbdad8f713fa42b33f4 -> 
  custom:video-decoder-ogg-theora: a1e56fd34408186e4bbccfd4996cb3dc -> 
  custom:framework-win-MediaFoundation: 216162199b28c13a410421893ffa2e32 -> 
  custom:video-encoder-webm-vp8: eb34c28f22e8b96e1ab97ce403110664 -> 
  custom:audio-decoder-ogg-vorbis: bf7c407c2cedff20999df2af8eb42d56 -> 
  custom:CustomObjectIndexerAttribute: 9a22284fe3817be447336de3de66b15e -> 
  custom:container-demuxer-webm: 4f35f7cbe854078d1ac9338744f61a02 -> 
  custom:audio-encoder-webm-vorbis: bf7c407c2cedff20999df2af8eb42d56 -> 
  custom:scripting/precompiled-assembly-types:Assembly-CSharp: e3e4c4afc2c7e24d057c6af463007ab3 -> 91ddc5e8844025c82776d0f2d84be810
  custom:container-muxer-webm: aa71ff27fc2769a1b78a27578f13a17b -> 
========================================================================
Received Prepare
Caller must complete domain reload
0x00007ff6064b9e7d (Unity) StackWalker::GetCurrentCallstack
0x00007ff6064bef59 (Unity) StackWalker::ShowCallstack
0x00007ff60747e361 (Unity) GetStacktrace
0x00007ff607b3013e (Unity) DebugStringToFile
0x00007ff607b2fe7a (Unity) AssertImplementation
0x00007ff6073235ec (Unity) Internal_ADB_WorkerOnly_DomainReload
0x00007ff6077fbc34 (Unity) WorkerDomainReloadV2
0x00007ff60781bd95 (Unity) <lambda_a753820fe7e089d32000383f09f6e370>::operator()
0x00007ff607858812 (Unity) asio::detail::completion_handler<core::mutable_function<void __cdecl(void)>,asio::io_context::basic_executor_type<std::allocator<void>,0> >::do_complete
0x00007ff6078447be (Unity) asio::detail::win_iocp_io_context::do_one
0x00007ff607846424 (Unity) asio::detail::win_iocp_io_context::run
0x00007ff607856bbc (Unity) IOService::Run
0x00007ff607829fff (Unity) AssetImportWorkerClient::Run
0x00007ff6077f57e7 (Unity) RunAssetImportWorkerClientV2
0x00007ff6077f586b (Unity) RunAssetImporterV2
0x00007ff60700de2e (Unity) Application::InitializeProject
0x00007ff607489015 (Unity) WinMain
0x00007ff60884b3ee (Unity) __scrt_common_main_seh
0x00007ffef33c259d (KERNEL32) BaseThreadInitThunk
0x00007ffef37caf38 (ntdll) RtlUserThreadStart

Begin MonoManager ReloadAssembly
- Loaded All Assemblies, in  0.241 seconds
Native extension for WindowsStandalone target not found
Mono: successfully reloaded assembly
- Finished resetting the current domain, in  0.402 seconds
Domain Reload Profiling: 643ms
	BeginReloadAssembly (91ms)
		ExecutionOrderSort (0ms)
		DisableScriptedObjects (7ms)
		BackupInstance (0ms)
		ReleaseScriptingObjects (0ms)
		CreateAndSetChildDomain (17ms)
	RebuildCommonClasses (18ms)
	RebuildNativeTypeToScriptingClass (9ms)
	initialDomainReloadingComplete (14ms)
	LoadAllAssembliesAndSetupDomain (109ms)
		LoadAssemblies (140ms)
		RebuildTransferFunctionScriptingTraits (0ms)
		AnalyzeDomain (16ms)
			TypeCache.Refresh (8ms)
				TypeCache.ScanAssembly (1ms)
			ScanForSourceGeneratedMonoScriptInfo (6ms)
			ResolveRequiredComponents (2ms)
	FinalizeReload (402ms)
		ReleaseScriptCaches (0ms)
		RebuildScriptCaches (0ms)
		SetupLoadedEditorAssemblies (225ms)
			LogAssemblyErrors (0ms)
			InitializePlatformSupportModulesInManaged (2ms)
			SetLoadedEditorAssemblies (3ms)
			RefreshPlugins (0ms)
			BeforeProcessingInitializeOnLoad (33ms)
			ProcessInitializeOnLoadAttributes (170ms)
			ProcessInitializeOnLoadMethodAttributes (15ms)
			AfterProcessingInitializeOnLoad (1ms)
			EditorAssembliesLoaded (0ms)
		ExecutionOrderSort2 (0ms)
		AwakeInstancesAfterBackupRestoration (7ms)
Refreshing native plugins compatible for Editor in 1.41 ms, found 3 plugins.
Preloading 0 native plugins for Editor in 0.00 ms.
Unloading 2458 Unused Serialized files (Serialized files now loaded: 0)
Unloading 16 unused Assets / (29.7 KB). Loaded Objects now: 3078.
Memory consumption went from 125.3 MB to 125.3 MB.
Total: 2.994500 ms (FindLiveObjects: 0.141200 ms CreateObjectMapping: 0.036600 ms MarkObjects: 2.783000 ms  DeleteObjects: 0.032800 ms)

Prepare: number of updated asset objects reloaded= 0
AssetImportParameters requested are different than current active one (requested -> active):
  custom:video-decoder-webm-vp8: 9c59270c3fd7afecdb556c50c9e8de78 -> 
  custom:SearchIndexIgnoredProperties: e643bd26f0fe6173181afceb89e7c659 -> 
  custom:container-demuxer-ogg: 62fdf1f143b41e24485cea50d1cbac27 -> 
  custom:AudioImporter_EditorPlatform: d09bf68614088b80899f8185d706f6e7 -> 
  custom:scripting/monoscript/fileName/FilterTabAction.cs: c7b420e0ab340cd82790412b9120c2be -> 832ecca40c7a4f4873e3df0cc28b44da
  custom:video-codec-MediaFoundation-h265: 746d11721c4dcdbdad8f713fa42b33f4 -> 
  custom:video-decoder-ogg-theora: a1e56fd34408186e4bbccfd4996cb3dc -> 
  custom:framework-win-MediaFoundation: 216162199b28c13a410421893ffa2e32 -> 
  custom:video-encoder-webm-vp8: eb34c28f22e8b96e1ab97ce403110664 -> 
  custom:audio-decoder-ogg-vorbis: bf7c407c2cedff20999df2af8eb42d56 -> 
  custom:CustomObjectIndexerAttribute: 9a22284fe3817be447336de3de66b15e -> 
  custom:container-demuxer-webm: 4f35f7cbe854078d1ac9338744f61a02 -> 
  custom:audio-encoder-webm-vorbis: bf7c407c2cedff20999df2af8eb42d56 -> 
  custom:scripting/precompiled-assembly-types:Assembly-CSharp: e3e4c4afc2c7e24d057c6af463007ab3 -> 91ddc5e8844025c82776d0f2d84be810
  custom:container-muxer-webm: aa71ff27fc2769a1b78a27578f13a17b -> 
========================================================================
Received Prepare
Caller must complete domain reload
0x00007ff6064b9e7d (Unity) StackWalker::GetCurrentCallstack
0x00007ff6064bef59 (Unity) StackWalker::ShowCallstack
0x00007ff60747e361 (Unity) GetStacktrace
0x00007ff607b3013e (Unity) DebugStringToFile
0x00007ff607b2fe7a (Unity) AssertImplementation
0x00007ff6073235ec (Unity) Internal_ADB_WorkerOnly_DomainReload
0x00007ff6077fbc34 (Unity) WorkerDomainReloadV2
0x00007ff60781bd95 (Unity) <lambda_a753820fe7e089d32000383f09f6e370>::operator()
0x00007ff607858812 (Unity) asio::detail::completion_handler<core::mutable_function<void __cdecl(void)>,asio::io_context::basic_executor_type<std::allocator<void>,0> >::do_complete
0x00007ff6078447be (Unity) asio::detail::win_iocp_io_context::do_one
0x00007ff607846424 (Unity) asio::detail::win_iocp_io_context::run
0x00007ff607856bbc (Unity) IOService::Run
0x00007ff607829fff (Unity) AssetImportWorkerClient::Run
0x00007ff6077f57e7 (Unity) RunAssetImportWorkerClientV2
0x00007ff6077f586b (Unity) RunAssetImporterV2
0x00007ff60700de2e (Unity) Application::InitializeProject
0x00007ff607489015 (Unity) WinMain
0x00007ff60884b3ee (Unity) __scrt_common_main_seh
0x00007ffef33c259d (KERNEL32) BaseThreadInitThunk
0x00007ffef37caf38 (ntdll) RtlUserThreadStart

Begin MonoManager ReloadAssembly
- Loaded All Assemblies, in  0.240 seconds
Native extension for WindowsStandalone target not found
Mono: successfully reloaded assembly
- Finished resetting the current domain, in  0.385 seconds
Domain Reload Profiling: 625ms
	BeginReloadAssembly (94ms)
		ExecutionOrderSort (0ms)
		DisableScriptedObjects (7ms)
		BackupInstance (0ms)
		ReleaseScriptingObjects (0ms)
		CreateAndSetChildDomain (18ms)
	RebuildCommonClasses (18ms)
	RebuildNativeTypeToScriptingClass (6ms)
	initialDomainReloadingComplete (15ms)
	LoadAllAssembliesAndSetupDomain (106ms)
		LoadAssemblies (148ms)
		RebuildTransferFunctionScriptingTraits (0ms)
		AnalyzeDomain (9ms)
			TypeCache.Refresh (6ms)
				TypeCache.ScanAssembly (0ms)
			ScanForSourceGeneratedMonoScriptInfo (0ms)
			ResolveRequiredComponents (2ms)
	FinalizeReload (386ms)
		ReleaseScriptCaches (0ms)
		RebuildScriptCaches (0ms)
		SetupLoadedEditorAssemblies (216ms)
			LogAssemblyErrors (0ms)
			InitializePlatformSupportModulesInManaged (2ms)
			SetLoadedEditorAssemblies (3ms)
			RefreshPlugins (0ms)
			BeforeProcessingInitializeOnLoad (29ms)
			ProcessInitializeOnLoadAttributes (161ms)
			ProcessInitializeOnLoadMethodAttributes (19ms)
			AfterProcessingInitializeOnLoad (1ms)
			EditorAssembliesLoaded (0ms)
		ExecutionOrderSort2 (0ms)
		AwakeInstancesAfterBackupRestoration (10ms)
Refreshing native plugins compatible for Editor in 1.40 ms, found 3 plugins.
Preloading 0 native plugins for Editor in 0.00 ms.
Unloading 2458 Unused Serialized files (Serialized files now loaded: 0)
Unloading 16 unused Assets / (29.8 KB). Loaded Objects now: 3082.
Memory consumption went from 125.3 MB to 125.3 MB.
Total: 2.473500 ms (FindLiveObjects: 0.317400 ms CreateObjectMapping: 0.102300 ms MarkObjects: 2.014100 ms  DeleteObjects: 0.038200 ms)

Prepare: number of updated asset objects reloaded= 0
AssetImportParameters requested are different than current active one (requested -> active):
  custom:video-decoder-webm-vp8: 9c59270c3fd7afecdb556c50c9e8de78 -> 
  custom:SearchIndexIgnoredProperties: e643bd26f0fe6173181afceb89e7c659 -> 
  custom:container-demuxer-ogg: 62fdf1f143b41e24485cea50d1cbac27 -> 
  custom:AudioImporter_EditorPlatform: d09bf68614088b80899f8185d706f6e7 -> 
  custom:scripting/monoscript/fileName/FilterTabAction.cs: c7b420e0ab340cd82790412b9120c2be -> 832ecca40c7a4f4873e3df0cc28b44da
  custom:video-codec-MediaFoundation-h265: 746d11721c4dcdbdad8f713fa42b33f4 -> 
  custom:video-decoder-ogg-theora: a1e56fd34408186e4bbccfd4996cb3dc -> 
  custom:framework-win-MediaFoundation: 216162199b28c13a410421893ffa2e32 -> 
  custom:video-encoder-webm-vp8: eb34c28f22e8b96e1ab97ce403110664 -> 
  custom:audio-decoder-ogg-vorbis: bf7c407c2cedff20999df2af8eb42d56 -> 
  custom:CustomObjectIndexerAttribute: 9a22284fe3817be447336de3de66b15e -> 
  custom:container-demuxer-webm: 4f35f7cbe854078d1ac9338744f61a02 -> 
  custom:audio-encoder-webm-vorbis: bf7c407c2cedff20999df2af8eb42d56 -> 
  custom:scripting/precompiled-assembly-types:Assembly-CSharp: e3e4c4afc2c7e24d057c6af463007ab3 -> 91ddc5e8844025c82776d0f2d84be810
  custom:container-muxer-webm: aa71ff27fc2769a1b78a27578f13a17b -> 
========================================================================
Received Import Request.
  Time since last request: 756.583838 seconds.
  path: Assets/Scenes/Script/GameManager.cs
  artifactKey: Guid(dfa880e716ae16b448512c5d33531f34) Importer(815301076,1909f56bfc062723c751e8b465ee728b)
Start importing Assets/Scenes/Script/GameManager.cs using Guid(dfa880e716ae16b448512c5d33531f34) Importer(815301076,1909f56bfc062723c751e8b465ee728b) [PhysX] Initialized MultithreadedTaskDispatcher with 24 workers.
 -> (artifact id: 'b1b3a35c1f1623abf1e6ec9ac3b23021') in 0.004066 seconds
Number of updated asset objects reloaded before import = 0
Number of asset objects unloaded after import = 0
========================================================================
Received Import Request.
  Time since last request: 790.529875 seconds.
  path: Assets/Scenes/Script/DeliveryListPanelController.cs
  artifactKey: Guid(b3ec71d6cd0e38e428a0b750712739a1) Importer(815301076,1909f56bfc062723c751e8b465ee728b)
Start importing Assets/Scenes/Script/DeliveryListPanelController.cs using Guid(b3ec71d6cd0e38e428a0b750712739a1) Importer(815301076,1909f56bfc062723c751e8b465ee728b) [PhysX] Initialized MultithreadedTaskDispatcher with 24 workers.
 -> (artifact id: '490aac0b95c4a6eef4634d4df74cf8c1') in 0.000791 seconds
Number of updated asset objects reloaded before import = 0
Number of asset objects unloaded after import = 0
========================================================================
Received Prepare
Caller must complete domain reload
0x00007ff6064b9e7d (Unity) StackWalker::GetCurrentCallstack
0x00007ff6064bef59 (Unity) StackWalker::ShowCallstack
0x00007ff60747e361 (Unity) GetStacktrace
0x00007ff607b3013e (Unity) DebugStringToFile
0x00007ff607b2fe7a (Unity) AssertImplementation
0x00007ff6073235ec (Unity) Internal_ADB_WorkerOnly_DomainReload
0x00007ff6077fbc34 (Unity) WorkerDomainReloadV2
0x00007ff60781bd95 (Unity) <lambda_a753820fe7e089d32000383f09f6e370>::operator()
0x00007ff607858812 (Unity) asio::detail::completion_handler<core::mutable_function<void __cdecl(void)>,asio::io_context::basic_executor_type<std::allocator<void>,0> >::do_complete
0x00007ff6078447be (Unity) asio::detail::win_iocp_io_context::do_one
0x00007ff607846424 (Unity) asio::detail::win_iocp_io_context::run
0x00007ff607856bbc (Unity) IOService::Run
0x00007ff607829fff (Unity) AssetImportWorkerClient::Run
0x00007ff6077f57e7 (Unity) RunAssetImportWorkerClientV2
0x00007ff6077f586b (Unity) RunAssetImporterV2
0x00007ff60700de2e (Unity) Application::InitializeProject
0x00007ff607489015 (Unity) WinMain
0x00007ff60884b3ee (Unity) __scrt_common_main_seh
0x00007ffef33c259d (KERNEL32) BaseThreadInitThunk
0x00007ffef37caf38 (ntdll) RtlUserThreadStart

Begin MonoManager ReloadAssembly
- Loaded All Assemblies, in  0.371 seconds
Native extension for WindowsStandalone target not found
Mono: successfully reloaded assembly
- Finished resetting the current domain, in  0.590 seconds
Domain Reload Profiling: 961ms
	BeginReloadAssembly (135ms)
		ExecutionOrderSort (0ms)
		DisableScriptedObjects (8ms)
		BackupInstance (0ms)
		ReleaseScriptingObjects (0ms)
		CreateAndSetChildDomain (32ms)
	RebuildCommonClasses (21ms)
	RebuildNativeTypeToScriptingClass (11ms)
	initialDomainReloadingComplete (22ms)
	LoadAllAssembliesAndSetupDomain (181ms)
		LoadAssemblies (231ms)
		RebuildTransferFunctionScriptingTraits (0ms)
		AnalyzeDomain (22ms)
			TypeCache.Refresh (9ms)
				TypeCache.ScanAssembly (1ms)
			ScanForSourceGeneratedMonoScriptInfo (8ms)
			ResolveRequiredComponents (3ms)
	FinalizeReload (591ms)
		ReleaseScriptCaches (0ms)
		RebuildScriptCaches (0ms)
		SetupLoadedEditorAssemblies (303ms)
			LogAssemblyErrors (0ms)
			InitializePlatformSupportModulesInManaged (4ms)
			SetLoadedEditorAssemblies (4ms)
			RefreshPlugins (0ms)
			BeforeProcessingInitializeOnLoad (43ms)
			ProcessInitializeOnLoadAttributes (226ms)
			ProcessInitializeOnLoadMethodAttributes (25ms)
			AfterProcessingInitializeOnLoad (2ms)
			EditorAssembliesLoaded (0ms)
		ExecutionOrderSort2 (0ms)
		AwakeInstancesAfterBackupRestoration (11ms)
Script is not up to date after domain reload: guid(06c33769370c0e0419d5b9c64b76f64a) path("Assets/Scenes/Script/FilterTabAction.cs") state(2)
Script is not up to date after domain reload: guid(b3ec71d6cd0e38e428a0b750712739a1) path("Assets/Scenes/Script/DeliveryListPanelController.cs") state(2)
Refreshing native plugins compatible for Editor in 1.42 ms, found 3 plugins.
Preloading 0 native plugins for Editor in 0.00 ms.
Unloading 2455 Unused Serialized files (Serialized files now loaded: 0)
Unloading 16 unused Assets / (29.8 KB). Loaded Objects now: 3084.
Memory consumption went from 125.1 MB to 125.0 MB.
Total: 2.950700 ms (FindLiveObjects: 0.191500 ms CreateObjectMapping: 0.038100 ms MarkObjects: 2.672300 ms  DeleteObjects: 0.047300 ms)

Prepare: number of updated asset objects reloaded= 0
AssetImportParameters requested are different than current active one (requested -> active):
  custom:video-decoder-webm-vp8: 9c59270c3fd7afecdb556c50c9e8de78 -> 
  custom:SearchIndexIgnoredProperties: e643bd26f0fe6173181afceb89e7c659 -> 
  custom:container-demuxer-ogg: 62fdf1f143b41e24485cea50d1cbac27 -> 
  custom:AudioImporter_EditorPlatform: d09bf68614088b80899f8185d706f6e7 -> 
  custom:scripting/monoscript/fileName/FilterTabAction.cs: c7b420e0ab340cd82790412b9120c2be -> 832ecca40c7a4f4873e3df0cc28b44da
  custom:video-codec-MediaFoundation-h265: 746d11721c4dcdbdad8f713fa42b33f4 -> 
  custom:video-decoder-ogg-theora: a1e56fd34408186e4bbccfd4996cb3dc -> 
  custom:framework-win-MediaFoundation: 216162199b28c13a410421893ffa2e32 -> 
  custom:video-encoder-webm-vp8: eb34c28f22e8b96e1ab97ce403110664 -> 
  custom:audio-decoder-ogg-vorbis: bf7c407c2cedff20999df2af8eb42d56 -> 
  custom:CustomObjectIndexerAttribute: 9a22284fe3817be447336de3de66b15e -> 
  custom:container-demuxer-webm: 4f35f7cbe854078d1ac9338744f61a02 -> 
  custom:audio-encoder-webm-vorbis: bf7c407c2cedff20999df2af8eb42d56 -> 
  custom:scripting/precompiled-assembly-types:Assembly-CSharp: 27f5f1b8a929161b135cf19498db8c2b -> 91ddc5e8844025c82776d0f2d84be810
  custom:container-muxer-webm: aa71ff27fc2769a1b78a27578f13a17b -> 
========================================================================
Received Prepare
Caller must complete domain reload
0x00007ff6064b9e7d (Unity) StackWalker::GetCurrentCallstack
0x00007ff6064bef59 (Unity) StackWalker::ShowCallstack
0x00007ff60747e361 (Unity) GetStacktrace
0x00007ff607b3013e (Unity) DebugStringToFile
0x00007ff607b2fe7a (Unity) AssertImplementation
0x00007ff6073235ec (Unity) Internal_ADB_WorkerOnly_DomainReload
0x00007ff6077fbc34 (Unity) WorkerDomainReloadV2
0x00007ff60781bd95 (Unity) <lambda_a753820fe7e089d32000383f09f6e370>::operator()
0x00007ff607858812 (Unity) asio::detail::completion_handler<core::mutable_function<void __cdecl(void)>,asio::io_context::basic_executor_type<std::allocator<void>,0> >::do_complete
0x00007ff6078447be (Unity) asio::detail::win_iocp_io_context::do_one
0x00007ff607846424 (Unity) asio::detail::win_iocp_io_context::run
0x00007ff607856bbc (Unity) IOService::Run
0x00007ff607829fff (Unity) AssetImportWorkerClient::Run
0x00007ff6077f57e7 (Unity) RunAssetImportWorkerClientV2
0x00007ff6077f586b (Unity) RunAssetImporterV2
0x00007ff60700de2e (Unity) Application::InitializeProject
0x00007ff607489015 (Unity) WinMain
0x00007ff60884b3ee (Unity) __scrt_common_main_seh
0x00007ffef33c259d (KERNEL32) BaseThreadInitThunk
0x00007ffef37caf38 (ntdll) RtlUserThreadStart

Begin MonoManager ReloadAssembly
- Loaded All Assemblies, in  0.318 seconds
Native extension for WindowsStandalone target not found
Mono: successfully reloaded assembly
- Finished resetting the current domain, in  0.372 seconds
Domain Reload Profiling: 689ms
	BeginReloadAssembly (140ms)
		ExecutionOrderSort (0ms)
		DisableScriptedObjects (7ms)
		BackupInstance (0ms)
		ReleaseScriptingObjects (0ms)
		CreateAndSetChildDomain (35ms)
	RebuildCommonClasses (30ms)
	RebuildNativeTypeToScriptingClass (9ms)
	initialDomainReloadingComplete (23ms)
	LoadAllAssembliesAndSetupDomain (116ms)
		LoadAssemblies (174ms)
		RebuildTransferFunctionScriptingTraits (0ms)
		AnalyzeDomain (14ms)
			TypeCache.Refresh (6ms)
				TypeCache.ScanAssembly (1ms)
			ScanForSourceGeneratedMonoScriptInfo (5ms)
			ResolveRequiredComponents (2ms)
	FinalizeReload (372ms)
		ReleaseScriptCaches (0ms)
		RebuildScriptCaches (0ms)
		SetupLoadedEditorAssemblies (206ms)
			LogAssemblyErrors (0ms)
			InitializePlatformSupportModulesInManaged (2ms)
			SetLoadedEditorAssemblies (3ms)
			RefreshPlugins (0ms)
			BeforeProcessingInitializeOnLoad (28ms)
			ProcessInitializeOnLoadAttributes (154ms)
			ProcessInitializeOnLoadMethodAttributes (17ms)
			AfterProcessingInitializeOnLoad (1ms)
			EditorAssembliesLoaded (0ms)
		ExecutionOrderSort2 (0ms)
		AwakeInstancesAfterBackupRestoration (8ms)
Refreshing native plugins compatible for Editor in 1.20 ms, found 3 plugins.
Preloading 0 native plugins for Editor in 0.00 ms.
Unloading 2458 Unused Serialized files (Serialized files now loaded: 0)
Unloading 16 unused Assets / (29.7 KB). Loaded Objects now: 3090.
Memory consumption went from 125.4 MB to 125.3 MB.
Total: 2.164700 ms (FindLiveObjects: 0.171000 ms CreateObjectMapping: 0.033000 ms MarkObjects: 1.931400 ms  DeleteObjects: 0.027800 ms)

Prepare: number of updated asset objects reloaded= 0
AssetImportParameters requested are different than current active one (requested -> active):
  custom:video-decoder-webm-vp8: 9c59270c3fd7afecdb556c50c9e8de78 -> 
  custom:SearchIndexIgnoredProperties: e643bd26f0fe6173181afceb89e7c659 -> 
  custom:container-demuxer-ogg: 62fdf1f143b41e24485cea50d1cbac27 -> 
  custom:AudioImporter_EditorPlatform: d09bf68614088b80899f8185d706f6e7 -> 
  custom:video-codec-MediaFoundation-h265: 746d11721c4dcdbdad8f713fa42b33f4 -> 
  custom:video-decoder-ogg-theora: a1e56fd34408186e4bbccfd4996cb3dc -> 
  custom:framework-win-MediaFoundation: 216162199b28c13a410421893ffa2e32 -> 
  custom:video-encoder-webm-vp8: eb34c28f22e8b96e1ab97ce403110664 -> 
  custom:audio-decoder-ogg-vorbis: bf7c407c2cedff20999df2af8eb42d56 -> 
  custom:CustomObjectIndexerAttribute: 9a22284fe3817be447336de3de66b15e -> 
  custom:container-demuxer-webm: 4f35f7cbe854078d1ac9338744f61a02 -> 
  custom:audio-encoder-webm-vorbis: bf7c407c2cedff20999df2af8eb42d56 -> 
  custom:scripting/precompiled-assembly-types:Assembly-CSharp: ff51c2382cdb1bbbbc419056abd448f3 -> 91ddc5e8844025c82776d0f2d84be810
  custom:container-muxer-webm: aa71ff27fc2769a1b78a27578f13a17b -> 
========================================================================
Received Prepare
Caller must complete domain reload
0x00007ff6064b9e7d (Unity) StackWalker::GetCurrentCallstack
0x00007ff6064bef59 (Unity) StackWalker::ShowCallstack
0x00007ff60747e361 (Unity) GetStacktrace
0x00007ff607b3013e (Unity) DebugStringToFile
0x00007ff607b2fe7a (Unity) AssertImplementation
0x00007ff6073235ec (Unity) Internal_ADB_WorkerOnly_DomainReload
0x00007ff6077fbc34 (Unity) WorkerDomainReloadV2
0x00007ff60781bd95 (Unity) <lambda_a753820fe7e089d32000383f09f6e370>::operator()
0x00007ff607858812 (Unity) asio::detail::completion_handler<core::mutable_function<void __cdecl(void)>,asio::io_context::basic_executor_type<std::allocator<void>,0> >::do_complete
0x00007ff6078447be (Unity) asio::detail::win_iocp_io_context::do_one
0x00007ff607846424 (Unity) asio::detail::win_iocp_io_context::run
0x00007ff607856bbc (Unity) IOService::Run
0x00007ff607829fff (Unity) AssetImportWorkerClient::Run
0x00007ff6077f57e7 (Unity) RunAssetImportWorkerClientV2
0x00007ff6077f586b (Unity) RunAssetImporterV2
0x00007ff60700de2e (Unity) Application::InitializeProject
0x00007ff607489015 (Unity) WinMain
0x00007ff60884b3ee (Unity) __scrt_common_main_seh
0x00007ffef33c259d (KERNEL32) BaseThreadInitThunk
0x00007ffef37caf38 (ntdll) RtlUserThreadStart

Begin MonoManager ReloadAssembly
- Loaded All Assemblies, in  0.248 seconds
Native extension for WindowsStandalone target not found
Mono: successfully reloaded assembly
- Finished resetting the current domain, in  0.378 seconds
Domain Reload Profiling: 626ms
	BeginReloadAssembly (94ms)
		ExecutionOrderSort (0ms)
		DisableScriptedObjects (7ms)
		BackupInstance (0ms)
		ReleaseScriptingObjects (0ms)
		CreateAndSetChildDomain (22ms)
	RebuildCommonClasses (19ms)
	RebuildNativeTypeToScriptingClass (6ms)
	initialDomainReloadingComplete (14ms)
	LoadAllAssembliesAndSetupDomain (115ms)
		LoadAssemblies (147ms)
		RebuildTransferFunctionScriptingTraits (0ms)
		AnalyzeDomain (15ms)
			TypeCache.Refresh (7ms)
				TypeCache.ScanAssembly (1ms)
			ScanForSourceGeneratedMonoScriptInfo (6ms)
			ResolveRequiredComponents (2ms)
	FinalizeReload (378ms)
		ReleaseScriptCaches (0ms)
		RebuildScriptCaches (0ms)
		SetupLoadedEditorAssemblies (215ms)
			LogAssemblyErrors (0ms)
			InitializePlatformSupportModulesInManaged (2ms)
			SetLoadedEditorAssemblies (3ms)
			RefreshPlugins (0ms)
			BeforeProcessingInitializeOnLoad (29ms)
			ProcessInitializeOnLoadAttributes (164ms)
			ProcessInitializeOnLoadMethodAttributes (16ms)
			AfterProcessingInitializeOnLoad (1ms)
			EditorAssembliesLoaded (0ms)
		ExecutionOrderSort2 (0ms)
		AwakeInstancesAfterBackupRestoration (7ms)
Refreshing native plugins compatible for Editor in 1.18 ms, found 3 plugins.
Preloading 0 native plugins for Editor in 0.00 ms.
Unloading 2458 Unused Serialized files (Serialized files now loaded: 0)
Unloading 16 unused Assets / (29.8 KB). Loaded Objects now: 3094.
Memory consumption went from 125.4 MB to 125.3 MB.
Total: 1.777500 ms (FindLiveObjects: 0.127000 ms CreateObjectMapping: 0.031700 ms MarkObjects: 1.595400 ms  DeleteObjects: 0.022600 ms)

Prepare: number of updated asset objects reloaded= 0
AssetImportParameters requested are different than current active one (requested -> active):
  custom:video-decoder-webm-vp8: 9c59270c3fd7afecdb556c50c9e8de78 -> 
  custom:SearchIndexIgnoredProperties: e643bd26f0fe6173181afceb89e7c659 -> 
  custom:container-demuxer-ogg: 62fdf1f143b41e24485cea50d1cbac27 -> 
  custom:AudioImporter_EditorPlatform: d09bf68614088b80899f8185d706f6e7 -> 
  custom:video-codec-MediaFoundation-h265: 746d11721c4dcdbdad8f713fa42b33f4 -> 
  custom:video-decoder-ogg-theora: a1e56fd34408186e4bbccfd4996cb3dc -> 
  custom:framework-win-MediaFoundation: 216162199b28c13a410421893ffa2e32 -> 
  custom:video-encoder-webm-vp8: eb34c28f22e8b96e1ab97ce403110664 -> 
  custom:audio-decoder-ogg-vorbis: bf7c407c2cedff20999df2af8eb42d56 -> 
  custom:CustomObjectIndexerAttribute: 9a22284fe3817be447336de3de66b15e -> 
  custom:container-demuxer-webm: 4f35f7cbe854078d1ac9338744f61a02 -> 
  custom:audio-encoder-webm-vorbis: bf7c407c2cedff20999df2af8eb42d56 -> 
  custom:scripting/precompiled-assembly-types:Assembly-CSharp: ff51c2382cdb1bbbbc419056abd448f3 -> 91ddc5e8844025c82776d0f2d84be810
  custom:container-muxer-webm: aa71ff27fc2769a1b78a27578f13a17b -> 
========================================================================
Received Prepare
Caller must complete domain reload
0x00007ff6064b9e7d (Unity) StackWalker::GetCurrentCallstack
0x00007ff6064bef59 (Unity) StackWalker::ShowCallstack
0x00007ff60747e361 (Unity) GetStacktrace
0x00007ff607b3013e (Unity) DebugStringToFile
0x00007ff607b2fe7a (Unity) AssertImplementation
0x00007ff6073235ec (Unity) Internal_ADB_WorkerOnly_DomainReload
0x00007ff6077fbc34 (Unity) WorkerDomainReloadV2
0x00007ff60781bd95 (Unity) <lambda_a753820fe7e089d32000383f09f6e370>::operator()
0x00007ff607858812 (Unity) asio::detail::completion_handler<core::mutable_function<void __cdecl(void)>,asio::io_context::basic_executor_type<std::allocator<void>,0> >::do_complete
0x00007ff6078447be (Unity) asio::detail::win_iocp_io_context::do_one
0x00007ff607846424 (Unity) asio::detail::win_iocp_io_context::run
0x00007ff607856bbc (Unity) IOService::Run
0x00007ff607829fff (Unity) AssetImportWorkerClient::Run
0x00007ff6077f57e7 (Unity) RunAssetImportWorkerClientV2
0x00007ff6077f586b (Unity) RunAssetImporterV2
0x00007ff60700de2e (Unity) Application::InitializeProject
0x00007ff607489015 (Unity) WinMain
0x00007ff60884b3ee (Unity) __scrt_common_main_seh
0x00007ffef33c259d (KERNEL32) BaseThreadInitThunk
0x00007ffef37caf38 (ntdll) RtlUserThreadStart

Begin MonoManager ReloadAssembly
- Loaded All Assemblies, in  0.243 seconds
Native extension for WindowsStandalone target not found
Mono: successfully reloaded assembly
- Finished resetting the current domain, in  0.382 seconds
Domain Reload Profiling: 625ms
	BeginReloadAssembly (96ms)
		ExecutionOrderSort (0ms)
		DisableScriptedObjects (7ms)
		BackupInstance (0ms)
		ReleaseScriptingObjects (0ms)
		CreateAndSetChildDomain (21ms)
	RebuildCommonClasses (18ms)
	RebuildNativeTypeToScriptingClass (6ms)
	initialDomainReloadingComplete (15ms)
	LoadAllAssembliesAndSetupDomain (107ms)
		LoadAssemblies (148ms)
		RebuildTransferFunctionScriptingTraits (0ms)
		AnalyzeDomain (8ms)
			TypeCache.Refresh (5ms)
				TypeCache.ScanAssembly (0ms)
			ScanForSourceGeneratedMonoScriptInfo (0ms)
			ResolveRequiredComponents (2ms)
	FinalizeReload (382ms)
		ReleaseScriptCaches (0ms)
		RebuildScriptCaches (0ms)
		SetupLoadedEditorAssemblies (210ms)
			LogAssemblyErrors (0ms)
			InitializePlatformSupportModulesInManaged (2ms)
			SetLoadedEditorAssemblies (3ms)
			RefreshPlugins (0ms)
			BeforeProcessingInitializeOnLoad (29ms)
			ProcessInitializeOnLoadAttributes (159ms)
			ProcessInitializeOnLoadMethodAttributes (16ms)
			AfterProcessingInitializeOnLoad (1ms)
			EditorAssembliesLoaded (0ms)
		ExecutionOrderSort2 (0ms)
		AwakeInstancesAfterBackupRestoration (7ms)
Refreshing native plugins compatible for Editor in 1.36 ms, found 3 plugins.
Preloading 0 native plugins for Editor in 0.00 ms.
Unloading 2458 Unused Serialized files (Serialized files now loaded: 0)
Unloading 16 unused Assets / (29.8 KB). Loaded Objects now: 3098.
Memory consumption went from 125.4 MB to 125.3 MB.
Total: 1.927900 ms (FindLiveObjects: 0.135100 ms CreateObjectMapping: 0.035500 ms MarkObjects: 1.727100 ms  DeleteObjects: 0.029400 ms)

Prepare: number of updated asset objects reloaded= 0
AssetImportParameters requested are different than current active one (requested -> active):
  custom:video-decoder-webm-vp8: 9c59270c3fd7afecdb556c50c9e8de78 -> 
  custom:SearchIndexIgnoredProperties: e643bd26f0fe6173181afceb89e7c659 -> 
  custom:container-demuxer-ogg: 62fdf1f143b41e24485cea50d1cbac27 -> 
  custom:AudioImporter_EditorPlatform: d09bf68614088b80899f8185d706f6e7 -> 
  custom:video-codec-MediaFoundation-h265: 746d11721c4dcdbdad8f713fa42b33f4 -> 
  custom:video-decoder-ogg-theora: a1e56fd34408186e4bbccfd4996cb3dc -> 
  custom:framework-win-MediaFoundation: 216162199b28c13a410421893ffa2e32 -> 
  custom:video-encoder-webm-vp8: eb34c28f22e8b96e1ab97ce403110664 -> 
  custom:audio-decoder-ogg-vorbis: bf7c407c2cedff20999df2af8eb42d56 -> 
  custom:CustomObjectIndexerAttribute: 9a22284fe3817be447336de3de66b15e -> 
  custom:container-demuxer-webm: 4f35f7cbe854078d1ac9338744f61a02 -> 
  custom:audio-encoder-webm-vorbis: bf7c407c2cedff20999df2af8eb42d56 -> 
  custom:scripting/precompiled-assembly-types:Assembly-CSharp: ff51c2382cdb1bbbbc419056abd448f3 -> 91ddc5e8844025c82776d0f2d84be810
  custom:container-muxer-webm: aa71ff27fc2769a1b78a27578f13a17b -> 
========================================================================
Received Prepare
Caller must complete domain reload
0x00007ff6064b9e7d (Unity) StackWalker::GetCurrentCallstack
0x00007ff6064bef59 (Unity) StackWalker::ShowCallstack
0x00007ff60747e361 (Unity) GetStacktrace
0x00007ff607b3013e (Unity) DebugStringToFile
0x00007ff607b2fe7a (Unity) AssertImplementation
0x00007ff6073235ec (Unity) Internal_ADB_WorkerOnly_DomainReload
0x00007ff6077fbc34 (Unity) WorkerDomainReloadV2
0x00007ff60781bd95 (Unity) <lambda_a753820fe7e089d32000383f09f6e370>::operator()
0x00007ff607858812 (Unity) asio::detail::completion_handler<core::mutable_function<void __cdecl(void)>,asio::io_context::basic_executor_type<std::allocator<void>,0> >::do_complete
0x00007ff6078447be (Unity) asio::detail::win_iocp_io_context::do_one
0x00007ff607846424 (Unity) asio::detail::win_iocp_io_context::run
0x00007ff607856bbc (Unity) IOService::Run
0x00007ff607829fff (Unity) AssetImportWorkerClient::Run
0x00007ff6077f57e7 (Unity) RunAssetImportWorkerClientV2
0x00007ff6077f586b (Unity) RunAssetImporterV2
0x00007ff60700de2e (Unity) Application::InitializeProject
0x00007ff607489015 (Unity) WinMain
0x00007ff60884b3ee (Unity) __scrt_common_main_seh
0x00007ffef33c259d (KERNEL32) BaseThreadInitThunk
0x00007ffef37caf38 (ntdll) RtlUserThreadStart

Begin MonoManager ReloadAssembly
- Loaded All Assemblies, in  0.248 seconds
Native extension for WindowsStandalone target not found
Mono: successfully reloaded assembly
- Finished resetting the current domain, in  0.379 seconds
Domain Reload Profiling: 627ms
	BeginReloadAssembly (96ms)
		ExecutionOrderSort (0ms)
		DisableScriptedObjects (7ms)
		BackupInstance (0ms)
		ReleaseScriptingObjects (0ms)
		CreateAndSetChildDomain (22ms)
	RebuildCommonClasses (18ms)
	RebuildNativeTypeToScriptingClass (6ms)
	initialDomainReloadingComplete (15ms)
	LoadAllAssembliesAndSetupDomain (112ms)
		LoadAssemblies (153ms)
		RebuildTransferFunctionScriptingTraits (0ms)
		AnalyzeDomain (8ms)
			TypeCache.Refresh (5ms)
				TypeCache.ScanAssembly (0ms)
			ScanForSourceGeneratedMonoScriptInfo (0ms)
			ResolveRequiredComponents (2ms)
	FinalizeReload (379ms)
		ReleaseScriptCaches (0ms)
		RebuildScriptCaches (0ms)
		SetupLoadedEditorAssemblies (209ms)
			LogAssemblyErrors (0ms)
			InitializePlatformSupportModulesInManaged (2ms)
			SetLoadedEditorAssemblies (3ms)
			RefreshPlugins (0ms)
			BeforeProcessingInitializeOnLoad (29ms)
			ProcessInitializeOnLoadAttributes (159ms)
			ProcessInitializeOnLoadMethodAttributes (15ms)
			AfterProcessingInitializeOnLoad (1ms)
			EditorAssembliesLoaded (0ms)
		ExecutionOrderSort2 (0ms)
		AwakeInstancesAfterBackupRestoration (7ms)
Refreshing native plugins compatible for Editor in 1.24 ms, found 3 plugins.
Preloading 0 native plugins for Editor in 0.00 ms.
Unloading 2458 Unused Serialized files (Serialized files now loaded: 0)
Unloading 16 unused Assets / (29.8 KB). Loaded Objects now: 3102.
Memory consumption went from 125.4 MB to 125.3 MB.
Total: 2.091200 ms (FindLiveObjects: 0.150900 ms CreateObjectMapping: 0.041300 ms MarkObjects: 1.873700 ms  DeleteObjects: 0.024600 ms)

Prepare: number of updated asset objects reloaded= 0
AssetImportParameters requested are different than current active one (requested -> active):
  custom:video-decoder-webm-vp8: 9c59270c3fd7afecdb556c50c9e8de78 -> 
  custom:SearchIndexIgnoredProperties: e643bd26f0fe6173181afceb89e7c659 -> 
  custom:container-demuxer-ogg: 62fdf1f143b41e24485cea50d1cbac27 -> 
  custom:AudioImporter_EditorPlatform: d09bf68614088b80899f8185d706f6e7 -> 
  custom:video-codec-MediaFoundation-h265: 746d11721c4dcdbdad8f713fa42b33f4 -> 
  custom:video-decoder-ogg-theora: a1e56fd34408186e4bbccfd4996cb3dc -> 
  custom:framework-win-MediaFoundation: 216162199b28c13a410421893ffa2e32 -> 
  custom:video-encoder-webm-vp8: eb34c28f22e8b96e1ab97ce403110664 -> 
  custom:audio-decoder-ogg-vorbis: bf7c407c2cedff20999df2af8eb42d56 -> 
  custom:CustomObjectIndexerAttribute: 9a22284fe3817be447336de3de66b15e -> 
  custom:container-demuxer-webm: 4f35f7cbe854078d1ac9338744f61a02 -> 
  custom:audio-encoder-webm-vorbis: bf7c407c2cedff20999df2af8eb42d56 -> 
  custom:scripting/precompiled-assembly-types:Assembly-CSharp: ff51c2382cdb1bbbbc419056abd448f3 -> 91ddc5e8844025c82776d0f2d84be810
  custom:container-muxer-webm: aa71ff27fc2769a1b78a27578f13a17b -> 
========================================================================
Received Prepare
Caller must complete domain reload
0x00007ff6064b9e7d (Unity) StackWalker::GetCurrentCallstack
0x00007ff6064bef59 (Unity) StackWalker::ShowCallstack
0x00007ff60747e361 (Unity) GetStacktrace
0x00007ff607b3013e (Unity) DebugStringToFile
0x00007ff607b2fe7a (Unity) AssertImplementation
0x00007ff6073235ec (Unity) Internal_ADB_WorkerOnly_DomainReload
0x00007ff6077fbc34 (Unity) WorkerDomainReloadV2
0x00007ff60781bd95 (Unity) <lambda_a753820fe7e089d32000383f09f6e370>::operator()
0x00007ff607858812 (Unity) asio::detail::completion_handler<core::mutable_function<void __cdecl(void)>,asio::io_context::basic_executor_type<std::allocator<void>,0> >::do_complete
0x00007ff6078447be (Unity) asio::detail::win_iocp_io_context::do_one
0x00007ff607846424 (Unity) asio::detail::win_iocp_io_context::run
0x00007ff607856bbc (Unity) IOService::Run
0x00007ff607829fff (Unity) AssetImportWorkerClient::Run
0x00007ff6077f57e7 (Unity) RunAssetImportWorkerClientV2
0x00007ff6077f586b (Unity) RunAssetImporterV2
0x00007ff60700de2e (Unity) Application::InitializeProject
0x00007ff607489015 (Unity) WinMain
0x00007ff60884b3ee (Unity) __scrt_common_main_seh
0x00007ffef33c259d (KERNEL32) BaseThreadInitThunk
0x00007ffef37caf38 (ntdll) RtlUserThreadStart

Begin MonoManager ReloadAssembly
- Loaded All Assemblies, in  0.258 seconds
Native extension for WindowsStandalone target not found
Mono: successfully reloaded assembly
- Finished resetting the current domain, in  0.382 seconds
Domain Reload Profiling: 640ms
	BeginReloadAssembly (98ms)
		ExecutionOrderSort (0ms)
		DisableScriptedObjects (7ms)
		BackupInstance (0ms)
		ReleaseScriptingObjects (0ms)
		CreateAndSetChildDomain (23ms)
	RebuildCommonClasses (19ms)
	RebuildNativeTypeToScriptingClass (6ms)
	initialDomainReloadingComplete (17ms)
	LoadAllAssembliesAndSetupDomain (118ms)
		LoadAssemblies (159ms)
		RebuildTransferFunctionScriptingTraits (0ms)
		AnalyzeDomain (8ms)
			TypeCache.Refresh (5ms)
				TypeCache.ScanAssembly (0ms)
			ScanForSourceGeneratedMonoScriptInfo (0ms)
			ResolveRequiredComponents (2ms)
	FinalizeReload (383ms)
		ReleaseScriptCaches (0ms)
		RebuildScriptCaches (0ms)
		SetupLoadedEditorAssemblies (208ms)
			LogAssemblyErrors (0ms)
			InitializePlatformSupportModulesInManaged (2ms)
			SetLoadedEditorAssemblies (3ms)
			RefreshPlugins (0ms)
			BeforeProcessingInitializeOnLoad (30ms)
			ProcessInitializeOnLoadAttributes (156ms)
			ProcessInitializeOnLoadMethodAttributes (16ms)
			AfterProcessingInitializeOnLoad (1ms)
			EditorAssembliesLoaded (0ms)
		ExecutionOrderSort2 (0ms)
		AwakeInstancesAfterBackupRestoration (7ms)
Refreshing native plugins compatible for Editor in 1.14 ms, found 3 plugins.
Preloading 0 native plugins for Editor in 0.00 ms.
Unloading 2458 Unused Serialized files (Serialized files now loaded: 0)
Unloading 16 unused Assets / (29.7 KB). Loaded Objects now: 3106.
Memory consumption went from 125.4 MB to 125.4 MB.
Total: 2.024300 ms (FindLiveObjects: 0.185800 ms CreateObjectMapping: 0.039800 ms MarkObjects: 1.773900 ms  DeleteObjects: 0.024400 ms)

Prepare: number of updated asset objects reloaded= 0
AssetImportParameters requested are different than current active one (requested -> active):
  custom:video-decoder-webm-vp8: 9c59270c3fd7afecdb556c50c9e8de78 -> 
  custom:SearchIndexIgnoredProperties: e643bd26f0fe6173181afceb89e7c659 -> 
  custom:container-demuxer-ogg: 62fdf1f143b41e24485cea50d1cbac27 -> 
  custom:AudioImporter_EditorPlatform: d09bf68614088b80899f8185d706f6e7 -> 
  custom:video-codec-MediaFoundation-h265: 746d11721c4dcdbdad8f713fa42b33f4 -> 
  custom:video-decoder-ogg-theora: a1e56fd34408186e4bbccfd4996cb3dc -> 
  custom:framework-win-MediaFoundation: 216162199b28c13a410421893ffa2e32 -> 
  custom:video-encoder-webm-vp8: eb34c28f22e8b96e1ab97ce403110664 -> 
  custom:audio-decoder-ogg-vorbis: bf7c407c2cedff20999df2af8eb42d56 -> 
  custom:CustomObjectIndexerAttribute: 9a22284fe3817be447336de3de66b15e -> 
  custom:container-demuxer-webm: 4f35f7cbe854078d1ac9338744f61a02 -> 
  custom:audio-encoder-webm-vorbis: bf7c407c2cedff20999df2af8eb42d56 -> 
  custom:scripting/precompiled-assembly-types:Assembly-CSharp: ff51c2382cdb1bbbbc419056abd448f3 -> 91ddc5e8844025c82776d0f2d84be810
  custom:container-muxer-webm: aa71ff27fc2769a1b78a27578f13a17b -> 
========================================================================
Received Prepare
Caller must complete domain reload
0x00007ff6064b9e7d (Unity) StackWalker::GetCurrentCallstack
0x00007ff6064bef59 (Unity) StackWalker::ShowCallstack
0x00007ff60747e361 (Unity) GetStacktrace
0x00007ff607b3013e (Unity) DebugStringToFile
0x00007ff607b2fe7a (Unity) AssertImplementation
0x00007ff6073235ec (Unity) Internal_ADB_WorkerOnly_DomainReload
0x00007ff6077fbc34 (Unity) WorkerDomainReloadV2
0x00007ff60781bd95 (Unity) <lambda_a753820fe7e089d32000383f09f6e370>::operator()
0x00007ff607858812 (Unity) asio::detail::completion_handler<core::mutable_function<void __cdecl(void)>,asio::io_context::basic_executor_type<std::allocator<void>,0> >::do_complete
0x00007ff6078447be (Unity) asio::detail::win_iocp_io_context::do_one
0x00007ff607846424 (Unity) asio::detail::win_iocp_io_context::run
0x00007ff607856bbc (Unity) IOService::Run
0x00007ff607829fff (Unity) AssetImportWorkerClient::Run
0x00007ff6077f57e7 (Unity) RunAssetImportWorkerClientV2
0x00007ff6077f586b (Unity) RunAssetImporterV2
0x00007ff60700de2e (Unity) Application::InitializeProject
0x00007ff607489015 (Unity) WinMain
0x00007ff60884b3ee (Unity) __scrt_common_main_seh
0x00007ffef33c259d (KERNEL32) BaseThreadInitThunk
0x00007ffef37caf38 (ntdll) RtlUserThreadStart

Begin MonoManager ReloadAssembly
- Loaded All Assemblies, in  0.240 seconds
Native extension for WindowsStandalone target not found
Mono: successfully reloaded assembly
- Finished resetting the current domain, in  0.373 seconds
Domain Reload Profiling: 613ms
	BeginReloadAssembly (95ms)
		ExecutionOrderSort (0ms)
		DisableScriptedObjects (6ms)
		BackupInstance (0ms)
		ReleaseScriptingObjects (0ms)
		CreateAndSetChildDomain (21ms)
	RebuildCommonClasses (18ms)
	RebuildNativeTypeToScriptingClass (6ms)
	initialDomainReloadingComplete (15ms)
	LoadAllAssembliesAndSetupDomain (106ms)
		LoadAssemblies (147ms)
		RebuildTransferFunctionScriptingTraits (0ms)
		AnalyzeDomain (7ms)
			TypeCache.Refresh (4ms)
				TypeCache.ScanAssembly (0ms)
			ScanForSourceGeneratedMonoScriptInfo (0ms)
			ResolveRequiredComponents (2ms)
	FinalizeReload (374ms)
		ReleaseScriptCaches (0ms)
		RebuildScriptCaches (0ms)
		SetupLoadedEditorAssemblies (209ms)
			LogAssemblyErrors (0ms)
			InitializePlatformSupportModulesInManaged (2ms)
			SetLoadedEditorAssemblies (3ms)
			RefreshPlugins (0ms)
			BeforeProcessingInitializeOnLoad (29ms)
			ProcessInitializeOnLoadAttributes (158ms)
			ProcessInitializeOnLoadMethodAttributes (16ms)
			AfterProcessingInitializeOnLoad (1ms)
			EditorAssembliesLoaded (0ms)
		ExecutionOrderSort2 (0ms)
		AwakeInstancesAfterBackupRestoration (6ms)
Refreshing native plugins compatible for Editor in 1.22 ms, found 3 plugins.
Preloading 0 native plugins for Editor in 0.00 ms.
Unloading 2458 Unused Serialized files (Serialized files now loaded: 0)
Unloading 16 unused Assets / (29.8 KB). Loaded Objects now: 3110.
Memory consumption went from 125.4 MB to 125.4 MB.
Total: 2.161100 ms (FindLiveObjects: 0.170600 ms CreateObjectMapping: 0.039900 ms MarkObjects: 1.892000 ms  DeleteObjects: 0.056900 ms)

Prepare: number of updated asset objects reloaded= 0
AssetImportParameters requested are different than current active one (requested -> active):
  custom:video-decoder-webm-vp8: 9c59270c3fd7afecdb556c50c9e8de78 -> 
  custom:SearchIndexIgnoredProperties: e643bd26f0fe6173181afceb89e7c659 -> 
  custom:container-demuxer-ogg: 62fdf1f143b41e24485cea50d1cbac27 -> 
  custom:AudioImporter_EditorPlatform: d09bf68614088b80899f8185d706f6e7 -> 
  custom:video-codec-MediaFoundation-h265: 746d11721c4dcdbdad8f713fa42b33f4 -> 
  custom:video-decoder-ogg-theora: a1e56fd34408186e4bbccfd4996cb3dc -> 
  custom:framework-win-MediaFoundation: 216162199b28c13a410421893ffa2e32 -> 
  custom:video-encoder-webm-vp8: eb34c28f22e8b96e1ab97ce403110664 -> 
  custom:audio-decoder-ogg-vorbis: bf7c407c2cedff20999df2af8eb42d56 -> 
  custom:CustomObjectIndexerAttribute: 9a22284fe3817be447336de3de66b15e -> 
  custom:container-demuxer-webm: 4f35f7cbe854078d1ac9338744f61a02 -> 
  custom:audio-encoder-webm-vorbis: bf7c407c2cedff20999df2af8eb42d56 -> 
  custom:scripting/precompiled-assembly-types:Assembly-CSharp: ff51c2382cdb1bbbbc419056abd448f3 -> 91ddc5e8844025c82776d0f2d84be810
  custom:container-muxer-webm: aa71ff27fc2769a1b78a27578f13a17b -> 
========================================================================
Received Prepare
Caller must complete domain reload
0x00007ff6064b9e7d (Unity) StackWalker::GetCurrentCallstack
0x00007ff6064bef59 (Unity) StackWalker::ShowCallstack
0x00007ff60747e361 (Unity) GetStacktrace
0x00007ff607b3013e (Unity) DebugStringToFile
0x00007ff607b2fe7a (Unity) AssertImplementation
0x00007ff6073235ec (Unity) Internal_ADB_WorkerOnly_DomainReload
0x00007ff6077fbc34 (Unity) WorkerDomainReloadV2
0x00007ff60781bd95 (Unity) <lambda_a753820fe7e089d32000383f09f6e370>::operator()
0x00007ff607858812 (Unity) asio::detail::completion_handler<core::mutable_function<void __cdecl(void)>,asio::io_context::basic_executor_type<std::allocator<void>,0> >::do_complete
0x00007ff6078447be (Unity) asio::detail::win_iocp_io_context::do_one
0x00007ff607846424 (Unity) asio::detail::win_iocp_io_context::run
0x00007ff607856bbc (Unity) IOService::Run
0x00007ff607829fff (Unity) AssetImportWorkerClient::Run
0x00007ff6077f57e7 (Unity) RunAssetImportWorkerClientV2
0x00007ff6077f586b (Unity) RunAssetImporterV2
0x00007ff60700de2e (Unity) Application::InitializeProject
0x00007ff607489015 (Unity) WinMain
0x00007ff60884b3ee (Unity) __scrt_common_main_seh
0x00007ffef33c259d (KERNEL32) BaseThreadInitThunk
0x00007ffef37caf38 (ntdll) RtlUserThreadStart

Begin MonoManager ReloadAssembly
- Loaded All Assemblies, in  2.310 seconds
Native extension for WindowsStandalone target not found
Mono: successfully reloaded assembly
- Finished resetting the current domain, in  4.650 seconds
Domain Reload Profiling: 6960ms
	BeginReloadAssembly (130ms)
		ExecutionOrderSort (0ms)
		DisableScriptedObjects (7ms)
		BackupInstance (0ms)
		ReleaseScriptingObjects (0ms)
		CreateAndSetChildDomain (21ms)
	RebuildCommonClasses (110ms)
	RebuildNativeTypeToScriptingClass (6ms)
	initialDomainReloadingComplete (16ms)
	LoadAllAssembliesAndSetupDomain (2047ms)
		LoadAssemblies (2121ms)
		RebuildTransferFunctionScriptingTraits (0ms)
		AnalyzeDomain (8ms)
			TypeCache.Refresh (5ms)
				TypeCache.ScanAssembly (0ms)
			ScanForSourceGeneratedMonoScriptInfo (0ms)
			ResolveRequiredComponents (2ms)
	FinalizeReload (4650ms)
		ReleaseScriptCaches (0ms)
		RebuildScriptCaches (0ms)
		SetupLoadedEditorAssemblies (205ms)
			LogAssemblyErrors (0ms)
			InitializePlatformSupportModulesInManaged (2ms)
			SetLoadedEditorAssemblies (3ms)
			RefreshPlugins (0ms)
			BeforeProcessingInitializeOnLoad (29ms)
			ProcessInitializeOnLoadAttributes (155ms)
			ProcessInitializeOnLoadMethodAttributes (15ms)
			AfterProcessingInitializeOnLoad (1ms)
			EditorAssembliesLoaded (0ms)
		ExecutionOrderSort2 (0ms)
		AwakeInstancesAfterBackupRestoration (6ms)
Refreshing native plugins compatible for Editor in 1.30 ms, found 3 plugins.
Preloading 0 native plugins for Editor in 0.00 ms.
Unloading 2458 Unused Serialized files (Serialized files now loaded: 0)
Unloading 16 unused Assets / (29.8 KB). Loaded Objects now: 3114.
Memory consumption went from 125.4 MB to 125.4 MB.
Total: 2.170300 ms (FindLiveObjects: 0.209000 ms CreateObjectMapping: 0.035800 ms MarkObjects: 1.895800 ms  DeleteObjects: 0.029100 ms)

Prepare: number of updated asset objects reloaded= 0
AssetImportParameters requested are different than current active one (requested -> active):
  custom:video-decoder-webm-vp8: 9c59270c3fd7afecdb556c50c9e8de78 -> 
  custom:SearchIndexIgnoredProperties: e643bd26f0fe6173181afceb89e7c659 -> 
  custom:container-demuxer-ogg: 62fdf1f143b41e24485cea50d1cbac27 -> 
  custom:AudioImporter_EditorPlatform: d09bf68614088b80899f8185d706f6e7 -> 
  custom:video-codec-MediaFoundation-h265: 746d11721c4dcdbdad8f713fa42b33f4 -> 
  custom:video-decoder-ogg-theora: a1e56fd34408186e4bbccfd4996cb3dc -> 
  custom:framework-win-MediaFoundation: 216162199b28c13a410421893ffa2e32 -> 
  custom:video-encoder-webm-vp8: eb34c28f22e8b96e1ab97ce403110664 -> 
  custom:audio-decoder-ogg-vorbis: bf7c407c2cedff20999df2af8eb42d56 -> 
  custom:CustomObjectIndexerAttribute: 9a22284fe3817be447336de3de66b15e -> 
  custom:container-demuxer-webm: 4f35f7cbe854078d1ac9338744f61a02 -> 
  custom:audio-encoder-webm-vorbis: bf7c407c2cedff20999df2af8eb42d56 -> 
  custom:scripting/precompiled-assembly-types:Assembly-CSharp: ff51c2382cdb1bbbbc419056abd448f3 -> 91ddc5e8844025c82776d0f2d84be810
  custom:container-muxer-webm: aa71ff27fc2769a1b78a27578f13a17b -> 
========================================================================
Received Prepare
Caller must complete domain reload
0x00007ff6064b9e7d (Unity) StackWalker::GetCurrentCallstack
0x00007ff6064bef59 (Unity) StackWalker::ShowCallstack
0x00007ff60747e361 (Unity) GetStacktrace
0x00007ff607b3013e (Unity) DebugStringToFile
0x00007ff607b2fe7a (Unity) AssertImplementation
0x00007ff6073235ec (Unity) Internal_ADB_WorkerOnly_DomainReload
0x00007ff6077fbc34 (Unity) WorkerDomainReloadV2
0x00007ff60781bd95 (Unity) <lambda_a753820fe7e089d32000383f09f6e370>::operator()
0x00007ff607858812 (Unity) asio::detail::completion_handler<core::mutable_function<void __cdecl(void)>,asio::io_context::basic_executor_type<std::allocator<void>,0> >::do_complete
0x00007ff6078447be (Unity) asio::detail::win_iocp_io_context::do_one
0x00007ff607846424 (Unity) asio::detail::win_iocp_io_context::run
0x00007ff607856bbc (Unity) IOService::Run
0x00007ff607829fff (Unity) AssetImportWorkerClient::Run
0x00007ff6077f57e7 (Unity) RunAssetImportWorkerClientV2
0x00007ff6077f586b (Unity) RunAssetImporterV2
0x00007ff60700de2e (Unity) Application::InitializeProject
0x00007ff607489015 (Unity) WinMain
0x00007ff60884b3ee (Unity) __scrt_common_main_seh
0x00007ffef33c259d (KERNEL32) BaseThreadInitThunk
0x00007ffef37caf38 (ntdll) RtlUserThreadStart

Begin MonoManager ReloadAssembly
- Loaded All Assemblies, in  0.243 seconds
Native extension for WindowsStandalone target not found
Mono: successfully reloaded assembly
- Finished resetting the current domain, in  0.387 seconds
Domain Reload Profiling: 631ms
	BeginReloadAssembly (97ms)
		ExecutionOrderSort (0ms)
		DisableScriptedObjects (7ms)
		BackupInstance (0ms)
		ReleaseScriptingObjects (0ms)
		CreateAndSetChildDomain (21ms)
	RebuildCommonClasses (18ms)
	RebuildNativeTypeToScriptingClass (6ms)
	initialDomainReloadingComplete (15ms)
	LoadAllAssembliesAndSetupDomain (107ms)
		LoadAssemblies (148ms)
		RebuildTransferFunctionScriptingTraits (0ms)
		AnalyzeDomain (8ms)
			TypeCache.Refresh (5ms)
				TypeCache.ScanAssembly (0ms)
			ScanForSourceGeneratedMonoScriptInfo (0ms)
			ResolveRequiredComponents (2ms)
	FinalizeReload (388ms)
		ReleaseScriptCaches (0ms)
		RebuildScriptCaches (0ms)
		SetupLoadedEditorAssemblies (216ms)
			LogAssemblyErrors (0ms)
			InitializePlatformSupportModulesInManaged (2ms)
			SetLoadedEditorAssemblies (3ms)
			RefreshPlugins (0ms)
			BeforeProcessingInitializeOnLoad (29ms)
			ProcessInitializeOnLoadAttributes (164ms)
			ProcessInitializeOnLoadMethodAttributes (17ms)
			AfterProcessingInitializeOnLoad (1ms)
			EditorAssembliesLoaded (0ms)
		ExecutionOrderSort2 (0ms)
		AwakeInstancesAfterBackupRestoration (7ms)
Refreshing native plugins compatible for Editor in 1.13 ms, found 3 plugins.
Preloading 0 native plugins for Editor in 0.00 ms.
Unloading 2458 Unused Serialized files (Serialized files now loaded: 0)
Unloading 16 unused Assets / (29.8 KB). Loaded Objects now: 3118.
Memory consumption went from 125.4 MB to 125.4 MB.
Total: 1.868600 ms (FindLiveObjects: 0.141200 ms CreateObjectMapping: 0.034400 ms MarkObjects: 1.669000 ms  DeleteObjects: 0.023000 ms)

Prepare: number of updated asset objects reloaded= 0
AssetImportParameters requested are different than current active one (requested -> active):
  custom:video-decoder-webm-vp8: 9c59270c3fd7afecdb556c50c9e8de78 -> 
  custom:SearchIndexIgnoredProperties: e643bd26f0fe6173181afceb89e7c659 -> 
  custom:container-demuxer-ogg: 62fdf1f143b41e24485cea50d1cbac27 -> 
  custom:AudioImporter_EditorPlatform: d09bf68614088b80899f8185d706f6e7 -> 
  custom:video-codec-MediaFoundation-h265: 746d11721c4dcdbdad8f713fa42b33f4 -> 
  custom:video-decoder-ogg-theora: a1e56fd34408186e4bbccfd4996cb3dc -> 
  custom:framework-win-MediaFoundation: 216162199b28c13a410421893ffa2e32 -> 
  custom:video-encoder-webm-vp8: eb34c28f22e8b96e1ab97ce403110664 -> 
  custom:audio-decoder-ogg-vorbis: bf7c407c2cedff20999df2af8eb42d56 -> 
  custom:CustomObjectIndexerAttribute: 9a22284fe3817be447336de3de66b15e -> 
  custom:container-demuxer-webm: 4f35f7cbe854078d1ac9338744f61a02 -> 
  custom:audio-encoder-webm-vorbis: bf7c407c2cedff20999df2af8eb42d56 -> 
  custom:scripting/precompiled-assembly-types:Assembly-CSharp: ff51c2382cdb1bbbbc419056abd448f3 -> 91ddc5e8844025c82776d0f2d84be810
  custom:container-muxer-webm: aa71ff27fc2769a1b78a27578f13a17b -> 
========================================================================
Received Prepare
Caller must complete domain reload
0x00007ff6064b9e7d (Unity) StackWalker::GetCurrentCallstack
0x00007ff6064bef59 (Unity) StackWalker::ShowCallstack
0x00007ff60747e361 (Unity) GetStacktrace
0x00007ff607b3013e (Unity) DebugStringToFile
0x00007ff607b2fe7a (Unity) AssertImplementation
0x00007ff6073235ec (Unity) Internal_ADB_WorkerOnly_DomainReload
0x00007ff6077fbc34 (Unity) WorkerDomainReloadV2
0x00007ff60781bd95 (Unity) <lambda_a753820fe7e089d32000383f09f6e370>::operator()
0x00007ff607858812 (Unity) asio::detail::completion_handler<core::mutable_function<void __cdecl(void)>,asio::io_context::basic_executor_type<std::allocator<void>,0> >::do_complete
0x00007ff6078447be (Unity) asio::detail::win_iocp_io_context::do_one
0x00007ff607846424 (Unity) asio::detail::win_iocp_io_context::run
0x00007ff607856bbc (Unity) IOService::Run
0x00007ff607829fff (Unity) AssetImportWorkerClient::Run
0x00007ff6077f57e7 (Unity) RunAssetImportWorkerClientV2
0x00007ff6077f586b (Unity) RunAssetImporterV2
0x00007ff60700de2e (Unity) Application::InitializeProject
0x00007ff607489015 (Unity) WinMain
0x00007ff60884b3ee (Unity) __scrt_common_main_seh
0x00007ffef33c259d (KERNEL32) BaseThreadInitThunk
0x00007ffef37caf38 (ntdll) RtlUserThreadStart

Begin MonoManager ReloadAssembly
- Loaded All Assemblies, in  0.248 seconds
Native extension for WindowsStandalone target not found
Mono: successfully reloaded assembly
- Finished resetting the current domain, in  0.388 seconds
Domain Reload Profiling: 636ms
	BeginReloadAssembly (104ms)
		ExecutionOrderSort (0ms)
		DisableScriptedObjects (9ms)
		BackupInstance (0ms)
		ReleaseScriptingObjects (0ms)
		CreateAndSetChildDomain (22ms)
	RebuildCommonClasses (18ms)
	RebuildNativeTypeToScriptingClass (6ms)
	initialDomainReloadingComplete (15ms)
	LoadAllAssembliesAndSetupDomain (106ms)
		LoadAssemblies (150ms)
		RebuildTransferFunctionScriptingTraits (0ms)
		AnalyzeDomain (8ms)
			TypeCache.Refresh (5ms)
				TypeCache.ScanAssembly (0ms)
			ScanForSourceGeneratedMonoScriptInfo (0ms)
			ResolveRequiredComponents (2ms)
	FinalizeReload (388ms)
		ReleaseScriptCaches (0ms)
		RebuildScriptCaches (0ms)
		SetupLoadedEditorAssemblies (213ms)
			LogAssemblyErrors (0ms)
			InitializePlatformSupportModulesInManaged (3ms)
			SetLoadedEditorAssemblies (3ms)
			RefreshPlugins (0ms)
			BeforeProcessingInitializeOnLoad (30ms)
			ProcessInitializeOnLoadAttributes (161ms)
			ProcessInitializeOnLoadMethodAttributes (16ms)
			AfterProcessingInitializeOnLoad (1ms)
			EditorAssembliesLoaded (0ms)
		ExecutionOrderSort2 (0ms)
		AwakeInstancesAfterBackupRestoration (7ms)
Refreshing native plugins compatible for Editor in 1.13 ms, found 3 plugins.
Preloading 0 native plugins for Editor in 0.00 ms.
Unloading 2458 Unused Serialized files (Serialized files now loaded: 0)
Unloading 16 unused Assets / (29.7 KB). Loaded Objects now: 3122.
Memory consumption went from 125.4 MB to 125.4 MB.
Total: 1.886300 ms (FindLiveObjects: 0.141300 ms CreateObjectMapping: 0.041900 ms MarkObjects: 1.678600 ms  DeleteObjects: 0.023900 ms)

Prepare: number of updated asset objects reloaded= 0
AssetImportParameters requested are different than current active one (requested -> active):
  custom:video-decoder-webm-vp8: 9c59270c3fd7afecdb556c50c9e8de78 -> 
  custom:SearchIndexIgnoredProperties: e643bd26f0fe6173181afceb89e7c659 -> 
  custom:container-demuxer-ogg: 62fdf1f143b41e24485cea50d1cbac27 -> 
  custom:AudioImporter_EditorPlatform: d09bf68614088b80899f8185d706f6e7 -> 
  custom:video-codec-MediaFoundation-h265: 746d11721c4dcdbdad8f713fa42b33f4 -> 
  custom:video-decoder-ogg-theora: a1e56fd34408186e4bbccfd4996cb3dc -> 
  custom:framework-win-MediaFoundation: 216162199b28c13a410421893ffa2e32 -> 
  custom:video-encoder-webm-vp8: eb34c28f22e8b96e1ab97ce403110664 -> 
  custom:audio-decoder-ogg-vorbis: bf7c407c2cedff20999df2af8eb42d56 -> 
  custom:CustomObjectIndexerAttribute: 9a22284fe3817be447336de3de66b15e -> 
  custom:container-demuxer-webm: 4f35f7cbe854078d1ac9338744f61a02 -> 
  custom:audio-encoder-webm-vorbis: bf7c407c2cedff20999df2af8eb42d56 -> 
  custom:scripting/precompiled-assembly-types:Assembly-CSharp: ff51c2382cdb1bbbbc419056abd448f3 -> 91ddc5e8844025c82776d0f2d84be810
  custom:container-muxer-webm: aa71ff27fc2769a1b78a27578f13a17b -> 
========================================================================
Received Prepare
Caller must complete domain reload
0x00007ff6064b9e7d (Unity) StackWalker::GetCurrentCallstack
0x00007ff6064bef59 (Unity) StackWalker::ShowCallstack
0x00007ff60747e361 (Unity) GetStacktrace
0x00007ff607b3013e (Unity) DebugStringToFile
0x00007ff607b2fe7a (Unity) AssertImplementation
0x00007ff6073235ec (Unity) Internal_ADB_WorkerOnly_DomainReload
0x00007ff6077fbc34 (Unity) WorkerDomainReloadV2
0x00007ff60781bd95 (Unity) <lambda_a753820fe7e089d32000383f09f6e370>::operator()
0x00007ff607858812 (Unity) asio::detail::completion_handler<core::mutable_function<void __cdecl(void)>,asio::io_context::basic_executor_type<std::allocator<void>,0> >::do_complete
0x00007ff6078447be (Unity) asio::detail::win_iocp_io_context::do_one
0x00007ff607846424 (Unity) asio::detail::win_iocp_io_context::run
0x00007ff607856bbc (Unity) IOService::Run
0x00007ff607829fff (Unity) AssetImportWorkerClient::Run
0x00007ff6077f57e7 (Unity) RunAssetImportWorkerClientV2
0x00007ff6077f586b (Unity) RunAssetImporterV2
0x00007ff60700de2e (Unity) Application::InitializeProject
0x00007ff607489015 (Unity) WinMain
0x00007ff60884b3ee (Unity) __scrt_common_main_seh
0x00007ffef33c259d (KERNEL32) BaseThreadInitThunk
0x00007ffef37caf38 (ntdll) RtlUserThreadStart

Begin MonoManager ReloadAssembly
- Loaded All Assemblies, in  0.246 seconds
Native extension for WindowsStandalone target not found
Mono: successfully reloaded assembly
- Finished resetting the current domain, in  0.376 seconds
Domain Reload Profiling: 622ms
	BeginReloadAssembly (98ms)
		ExecutionOrderSort (0ms)
		DisableScriptedObjects (7ms)
		BackupInstance (0ms)
		ReleaseScriptingObjects (0ms)
		CreateAndSetChildDomain (21ms)
	RebuildCommonClasses (20ms)
	RebuildNativeTypeToScriptingClass (6ms)
	initialDomainReloadingComplete (16ms)
	LoadAllAssembliesAndSetupDomain (107ms)
		LoadAssemblies (149ms)
		RebuildTransferFunctionScriptingTraits (0ms)
		AnalyzeDomain (9ms)
			TypeCache.Refresh (4ms)
				TypeCache.ScanAssembly (0ms)
			ScanForSourceGeneratedMonoScriptInfo (0ms)
			ResolveRequiredComponents (2ms)
	FinalizeReload (376ms)
		ReleaseScriptCaches (0ms)
		RebuildScriptCaches (0ms)
		SetupLoadedEditorAssemblies (210ms)
			LogAssemblyErrors (0ms)
			InitializePlatformSupportModulesInManaged (3ms)
			SetLoadedEditorAssemblies (3ms)
			RefreshPlugins (0ms)
			BeforeProcessingInitializeOnLoad (29ms)
			ProcessInitializeOnLoadAttributes (159ms)
			ProcessInitializeOnLoadMethodAttributes (15ms)
			AfterProcessingInitializeOnLoad (1ms)
			EditorAssembliesLoaded (0ms)
		ExecutionOrderSort2 (0ms)
		AwakeInstancesAfterBackupRestoration (7ms)
Refreshing native plugins compatible for Editor in 1.23 ms, found 3 plugins.
Preloading 0 native plugins for Editor in 0.00 ms.
Unloading 2458 Unused Serialized files (Serialized files now loaded: 0)
Unloading 16 unused Assets / (29.8 KB). Loaded Objects now: 3126.
Memory consumption went from 125.4 MB to 125.4 MB.
Total: 2.178700 ms (FindLiveObjects: 0.180000 ms CreateObjectMapping: 0.038500 ms MarkObjects: 1.931800 ms  DeleteObjects: 0.027600 ms)

Prepare: number of updated asset objects reloaded= 0
AssetImportParameters requested are different than current active one (requested -> active):
  custom:video-decoder-webm-vp8: 9c59270c3fd7afecdb556c50c9e8de78 -> 
  custom:SearchIndexIgnoredProperties: e643bd26f0fe6173181afceb89e7c659 -> 
  custom:container-demuxer-ogg: 62fdf1f143b41e24485cea50d1cbac27 -> 
  custom:AudioImporter_EditorPlatform: d09bf68614088b80899f8185d706f6e7 -> 
  custom:video-codec-MediaFoundation-h265: 746d11721c4dcdbdad8f713fa42b33f4 -> 
  custom:video-decoder-ogg-theora: a1e56fd34408186e4bbccfd4996cb3dc -> 
  custom:framework-win-MediaFoundation: 216162199b28c13a410421893ffa2e32 -> 
  custom:video-encoder-webm-vp8: eb34c28f22e8b96e1ab97ce403110664 -> 
  custom:audio-decoder-ogg-vorbis: bf7c407c2cedff20999df2af8eb42d56 -> 
  custom:CustomObjectIndexerAttribute: 9a22284fe3817be447336de3de66b15e -> 
  custom:container-demuxer-webm: 4f35f7cbe854078d1ac9338744f61a02 -> 
  custom:audio-encoder-webm-vorbis: bf7c407c2cedff20999df2af8eb42d56 -> 
  custom:scripting/precompiled-assembly-types:Assembly-CSharp: ff51c2382cdb1bbbbc419056abd448f3 -> 91ddc5e8844025c82776d0f2d84be810
  custom:container-muxer-webm: aa71ff27fc2769a1b78a27578f13a17b -> 
========================================================================
Received Prepare
Caller must complete domain reload
0x00007ff6064b9e7d (Unity) StackWalker::GetCurrentCallstack
0x00007ff6064bef59 (Unity) StackWalker::ShowCallstack
0x00007ff60747e361 (Unity) GetStacktrace
0x00007ff607b3013e (Unity) DebugStringToFile
0x00007ff607b2fe7a (Unity) AssertImplementation
0x00007ff6073235ec (Unity) Internal_ADB_WorkerOnly_DomainReload
0x00007ff6077fbc34 (Unity) WorkerDomainReloadV2
0x00007ff60781bd95 (Unity) <lambda_a753820fe7e089d32000383f09f6e370>::operator()
0x00007ff607858812 (Unity) asio::detail::completion_handler<core::mutable_function<void __cdecl(void)>,asio::io_context::basic_executor_type<std::allocator<void>,0> >::do_complete
0x00007ff6078447be (Unity) asio::detail::win_iocp_io_context::do_one
0x00007ff607846424 (Unity) asio::detail::win_iocp_io_context::run
0x00007ff607856bbc (Unity) IOService::Run
0x00007ff607829fff (Unity) AssetImportWorkerClient::Run
0x00007ff6077f57e7 (Unity) RunAssetImportWorkerClientV2
0x00007ff6077f586b (Unity) RunAssetImporterV2
0x00007ff60700de2e (Unity) Application::InitializeProject
0x00007ff607489015 (Unity) WinMain
0x00007ff60884b3ee (Unity) __scrt_common_main_seh
0x00007ffef33c259d (KERNEL32) BaseThreadInitThunk
0x00007ffef37caf38 (ntdll) RtlUserThreadStart

Begin MonoManager ReloadAssembly
- Loaded All Assemblies, in  0.249 seconds
Native extension for WindowsStandalone target not found
Mono: successfully reloaded assembly
- Finished resetting the current domain, in  0.373 seconds
Domain Reload Profiling: 622ms
	BeginReloadAssembly (100ms)
		ExecutionOrderSort (0ms)
		DisableScriptedObjects (7ms)
		BackupInstance (0ms)
		ReleaseScriptingObjects (0ms)
		CreateAndSetChildDomain (22ms)
	RebuildCommonClasses (20ms)
	RebuildNativeTypeToScriptingClass (6ms)
	initialDomainReloadingComplete (15ms)
	LoadAllAssembliesAndSetupDomain (106ms)
		LoadAssemblies (150ms)
		RebuildTransferFunctionScriptingTraits (0ms)
		AnalyzeDomain (8ms)
			TypeCache.Refresh (5ms)
				TypeCache.ScanAssembly (0ms)
			ScanForSourceGeneratedMonoScriptInfo (0ms)
			ResolveRequiredComponents (2ms)
	FinalizeReload (373ms)
		ReleaseScriptCaches (0ms)
		RebuildScriptCaches (0ms)
		SetupLoadedEditorAssemblies (210ms)
			LogAssemblyErrors (0ms)
			InitializePlatformSupportModulesInManaged (2ms)
			SetLoadedEditorAssemblies (3ms)
			RefreshPlugins (0ms)
			BeforeProcessingInitializeOnLoad (29ms)
			ProcessInitializeOnLoadAttributes (159ms)
			ProcessInitializeOnLoadMethodAttributes (15ms)
			AfterProcessingInitializeOnLoad (1ms)
			EditorAssembliesLoaded (0ms)
		ExecutionOrderSort2 (0ms)
		AwakeInstancesAfterBackupRestoration (7ms)
Refreshing native plugins compatible for Editor in 1.19 ms, found 3 plugins.
Preloading 0 native plugins for Editor in 0.00 ms.
Unloading 2458 Unused Serialized files (Serialized files now loaded: 0)
Unloading 16 unused Assets / (29.7 KB). Loaded Objects now: 3130.
Memory consumption went from 125.4 MB to 125.4 MB.
Total: 1.925000 ms (FindLiveObjects: 0.142500 ms CreateObjectMapping: 0.034800 ms MarkObjects: 1.718000 ms  DeleteObjects: 0.028900 ms)

Prepare: number of updated asset objects reloaded= 0
AssetImportParameters requested are different than current active one (requested -> active):
  custom:video-decoder-webm-vp8: 9c59270c3fd7afecdb556c50c9e8de78 -> 
  custom:SearchIndexIgnoredProperties: e643bd26f0fe6173181afceb89e7c659 -> 
  custom:container-demuxer-ogg: 62fdf1f143b41e24485cea50d1cbac27 -> 
  custom:AudioImporter_EditorPlatform: d09bf68614088b80899f8185d706f6e7 -> 
  custom:video-codec-MediaFoundation-h265: 746d11721c4dcdbdad8f713fa42b33f4 -> 
  custom:video-decoder-ogg-theora: a1e56fd34408186e4bbccfd4996cb3dc -> 
  custom:framework-win-MediaFoundation: 216162199b28c13a410421893ffa2e32 -> 
  custom:video-encoder-webm-vp8: eb34c28f22e8b96e1ab97ce403110664 -> 
  custom:audio-decoder-ogg-vorbis: bf7c407c2cedff20999df2af8eb42d56 -> 
  custom:CustomObjectIndexerAttribute: 9a22284fe3817be447336de3de66b15e -> 
  custom:container-demuxer-webm: 4f35f7cbe854078d1ac9338744f61a02 -> 
  custom:audio-encoder-webm-vorbis: bf7c407c2cedff20999df2af8eb42d56 -> 
  custom:scripting/precompiled-assembly-types:Assembly-CSharp: ff51c2382cdb1bbbbc419056abd448f3 -> 91ddc5e8844025c82776d0f2d84be810
  custom:container-muxer-webm: aa71ff27fc2769a1b78a27578f13a17b -> 
========================================================================
Received Prepare
Caller must complete domain reload
0x00007ff6064b9e7d (Unity) StackWalker::GetCurrentCallstack
0x00007ff6064bef59 (Unity) StackWalker::ShowCallstack
0x00007ff60747e361 (Unity) GetStacktrace
0x00007ff607b3013e (Unity) DebugStringToFile
0x00007ff607b2fe7a (Unity) AssertImplementation
0x00007ff6073235ec (Unity) Internal_ADB_WorkerOnly_DomainReload
0x00007ff6077fbc34 (Unity) WorkerDomainReloadV2
0x00007ff60781bd95 (Unity) <lambda_a753820fe7e089d32000383f09f6e370>::operator()
0x00007ff607858812 (Unity) asio::detail::completion_handler<core::mutable_function<void __cdecl(void)>,asio::io_context::basic_executor_type<std::allocator<void>,0> >::do_complete
0x00007ff6078447be (Unity) asio::detail::win_iocp_io_context::do_one
0x00007ff607846424 (Unity) asio::detail::win_iocp_io_context::run
0x00007ff607856bbc (Unity) IOService::Run
0x00007ff607829fff (Unity) AssetImportWorkerClient::Run
0x00007ff6077f57e7 (Unity) RunAssetImportWorkerClientV2
0x00007ff6077f586b (Unity) RunAssetImporterV2
0x00007ff60700de2e (Unity) Application::InitializeProject
0x00007ff607489015 (Unity) WinMain
0x00007ff60884b3ee (Unity) __scrt_common_main_seh
0x00007ffef33c259d (KERNEL32) BaseThreadInitThunk
0x00007ffef37caf38 (ntdll) RtlUserThreadStart

Begin MonoManager ReloadAssembly
- Loaded All Assemblies, in  0.245 seconds
Native extension for WindowsStandalone target not found
Mono: successfully reloaded assembly
- Finished resetting the current domain, in  0.382 seconds
Domain Reload Profiling: 628ms
	BeginReloadAssembly (95ms)
		ExecutionOrderSort (0ms)
		DisableScriptedObjects (7ms)
		BackupInstance (0ms)
		ReleaseScriptingObjects (0ms)
		CreateAndSetChildDomain (20ms)
	RebuildCommonClasses (18ms)
	RebuildNativeTypeToScriptingClass (6ms)
	initialDomainReloadingComplete (16ms)
	LoadAllAssembliesAndSetupDomain (111ms)
		LoadAssemblies (151ms)
		RebuildTransferFunctionScriptingTraits (0ms)
		AnalyzeDomain (8ms)
			TypeCache.Refresh (5ms)
				TypeCache.ScanAssembly (0ms)
			ScanForSourceGeneratedMonoScriptInfo (0ms)
			ResolveRequiredComponents (2ms)
	FinalizeReload (383ms)
		ReleaseScriptCaches (0ms)
		RebuildScriptCaches (0ms)
		SetupLoadedEditorAssemblies (216ms)
			LogAssemblyErrors (0ms)
			InitializePlatformSupportModulesInManaged (3ms)
			SetLoadedEditorAssemblies (3ms)
			RefreshPlugins (0ms)
			BeforeProcessingInitializeOnLoad (29ms)
			ProcessInitializeOnLoadAttributes (166ms)
			ProcessInitializeOnLoadMethodAttributes (15ms)
			AfterProcessingInitializeOnLoad (1ms)
			EditorAssembliesLoaded (0ms)
		ExecutionOrderSort2 (0ms)
		AwakeInstancesAfterBackupRestoration (6ms)
Refreshing native plugins compatible for Editor in 1.13 ms, found 3 plugins.
Preloading 0 native plugins for Editor in 0.00 ms.
Unloading 2458 Unused Serialized files (Serialized files now loaded: 0)
Unloading 16 unused Assets / (29.7 KB). Loaded Objects now: 3134.
Memory consumption went from 125.4 MB to 125.4 MB.
Total: 2.254400 ms (FindLiveObjects: 0.171200 ms CreateObjectMapping: 0.044300 ms MarkObjects: 2.012700 ms  DeleteObjects: 0.025400 ms)

Prepare: number of updated asset objects reloaded= 0
AssetImportParameters requested are different than current active one (requested -> active):
  custom:video-decoder-webm-vp8: 9c59270c3fd7afecdb556c50c9e8de78 -> 
  custom:SearchIndexIgnoredProperties: e643bd26f0fe6173181afceb89e7c659 -> 
  custom:container-demuxer-ogg: 62fdf1f143b41e24485cea50d1cbac27 -> 
  custom:AudioImporter_EditorPlatform: d09bf68614088b80899f8185d706f6e7 -> 
  custom:video-codec-MediaFoundation-h265: 746d11721c4dcdbdad8f713fa42b33f4 -> 
  custom:video-decoder-ogg-theora: a1e56fd34408186e4bbccfd4996cb3dc -> 
  custom:framework-win-MediaFoundation: 216162199b28c13a410421893ffa2e32 -> 
  custom:video-encoder-webm-vp8: eb34c28f22e8b96e1ab97ce403110664 -> 
  custom:audio-decoder-ogg-vorbis: bf7c407c2cedff20999df2af8eb42d56 -> 
  custom:CustomObjectIndexerAttribute: 9a22284fe3817be447336de3de66b15e -> 
  custom:container-demuxer-webm: 4f35f7cbe854078d1ac9338744f61a02 -> 
  custom:audio-encoder-webm-vorbis: bf7c407c2cedff20999df2af8eb42d56 -> 
  custom:scripting/precompiled-assembly-types:Assembly-CSharp: ff51c2382cdb1bbbbc419056abd448f3 -> 91ddc5e8844025c82776d0f2d84be810
  custom:container-muxer-webm: aa71ff27fc2769a1b78a27578f13a17b -> 
========================================================================
Received Prepare
Caller must complete domain reload
0x00007ff6064b9e7d (Unity) StackWalker::GetCurrentCallstack
0x00007ff6064bef59 (Unity) StackWalker::ShowCallstack
0x00007ff60747e361 (Unity) GetStacktrace
0x00007ff607b3013e (Unity) DebugStringToFile
0x00007ff607b2fe7a (Unity) AssertImplementation
0x00007ff6073235ec (Unity) Internal_ADB_WorkerOnly_DomainReload
0x00007ff6077fbc34 (Unity) WorkerDomainReloadV2
0x00007ff60781bd95 (Unity) <lambda_a753820fe7e089d32000383f09f6e370>::operator()
0x00007ff607858812 (Unity) asio::detail::completion_handler<core::mutable_function<void __cdecl(void)>,asio::io_context::basic_executor_type<std::allocator<void>,0> >::do_complete
0x00007ff6078447be (Unity) asio::detail::win_iocp_io_context::do_one
0x00007ff607846424 (Unity) asio::detail::win_iocp_io_context::run
0x00007ff607856bbc (Unity) IOService::Run
0x00007ff607829fff (Unity) AssetImportWorkerClient::Run
0x00007ff6077f57e7 (Unity) RunAssetImportWorkerClientV2
0x00007ff6077f586b (Unity) RunAssetImporterV2
0x00007ff60700de2e (Unity) Application::InitializeProject
0x00007ff607489015 (Unity) WinMain
0x00007ff60884b3ee (Unity) __scrt_common_main_seh
0x00007ffef33c259d (KERNEL32) BaseThreadInitThunk
0x00007ffef37caf38 (ntdll) RtlUserThreadStart

Begin MonoManager ReloadAssembly
- Loaded All Assemblies, in  0.245 seconds
Native extension for WindowsStandalone target not found
Mono: successfully reloaded assembly
- Finished resetting the current domain, in  0.378 seconds
Domain Reload Profiling: 623ms
	BeginReloadAssembly (97ms)
		ExecutionOrderSort (0ms)
		DisableScriptedObjects (6ms)
		BackupInstance (0ms)
		ReleaseScriptingObjects (0ms)
		CreateAndSetChildDomain (21ms)
	RebuildCommonClasses (18ms)
	RebuildNativeTypeToScriptingClass (6ms)
	initialDomainReloadingComplete (15ms)
	LoadAllAssembliesAndSetupDomain (109ms)
		LoadAssemblies (151ms)
		RebuildTransferFunctionScriptingTraits (0ms)
		AnalyzeDomain (8ms)
			TypeCache.Refresh (5ms)
				TypeCache.ScanAssembly (0ms)
			ScanForSourceGeneratedMonoScriptInfo (0ms)
			ResolveRequiredComponents (2ms)
	FinalizeReload (378ms)
		ReleaseScriptCaches (0ms)
		RebuildScriptCaches (0ms)
		SetupLoadedEditorAssemblies (208ms)
			LogAssemblyErrors (0ms)
			InitializePlatformSupportModulesInManaged (3ms)
			SetLoadedEditorAssemblies (3ms)
			RefreshPlugins (0ms)
			BeforeProcessingInitializeOnLoad (29ms)
			ProcessInitializeOnLoadAttributes (156ms)
			ProcessInitializeOnLoadMethodAttributes (16ms)
			AfterProcessingInitializeOnLoad (1ms)
			EditorAssembliesLoaded (0ms)
		ExecutionOrderSort2 (0ms)
		AwakeInstancesAfterBackupRestoration (7ms)
Refreshing native plugins compatible for Editor in 1.18 ms, found 3 plugins.
Preloading 0 native plugins for Editor in 0.00 ms.
Unloading 2458 Unused Serialized files (Serialized files now loaded: 0)
Unloading 16 unused Assets / (29.8 KB). Loaded Objects now: 3138.
Memory consumption went from 125.4 MB to 125.4 MB.
Total: 1.802900 ms (FindLiveObjects: 0.126900 ms CreateObjectMapping: 0.034100 ms MarkObjects: 1.616300 ms  DeleteObjects: 0.024800 ms)

Prepare: number of updated asset objects reloaded= 0
AssetImportParameters requested are different than current active one (requested -> active):
  custom:video-decoder-webm-vp8: 9c59270c3fd7afecdb556c50c9e8de78 -> 
  custom:SearchIndexIgnoredProperties: e643bd26f0fe6173181afceb89e7c659 -> 
  custom:container-demuxer-ogg: 62fdf1f143b41e24485cea50d1cbac27 -> 
  custom:AudioImporter_EditorPlatform: d09bf68614088b80899f8185d706f6e7 -> 
  custom:video-codec-MediaFoundation-h265: 746d11721c4dcdbdad8f713fa42b33f4 -> 
  custom:video-decoder-ogg-theora: a1e56fd34408186e4bbccfd4996cb3dc -> 
  custom:framework-win-MediaFoundation: 216162199b28c13a410421893ffa2e32 -> 
  custom:video-encoder-webm-vp8: eb34c28f22e8b96e1ab97ce403110664 -> 
  custom:audio-decoder-ogg-vorbis: bf7c407c2cedff20999df2af8eb42d56 -> 
  custom:CustomObjectIndexerAttribute: 9a22284fe3817be447336de3de66b15e -> 
  custom:container-demuxer-webm: 4f35f7cbe854078d1ac9338744f61a02 -> 
  custom:audio-encoder-webm-vorbis: bf7c407c2cedff20999df2af8eb42d56 -> 
  custom:scripting/precompiled-assembly-types:Assembly-CSharp: ff51c2382cdb1bbbbc419056abd448f3 -> 91ddc5e8844025c82776d0f2d84be810
  custom:container-muxer-webm: aa71ff27fc2769a1b78a27578f13a17b -> 
========================================================================
Received Prepare
Caller must complete domain reload
0x00007ff6064b9e7d (Unity) StackWalker::GetCurrentCallstack
0x00007ff6064bef59 (Unity) StackWalker::ShowCallstack
0x00007ff60747e361 (Unity) GetStacktrace
0x00007ff607b3013e (Unity) DebugStringToFile
0x00007ff607b2fe7a (Unity) AssertImplementation
0x00007ff6073235ec (Unity) Internal_ADB_WorkerOnly_DomainReload
0x00007ff6077fbc34 (Unity) WorkerDomainReloadV2
0x00007ff60781bd95 (Unity) <lambda_a753820fe7e089d32000383f09f6e370>::operator()
0x00007ff607858812 (Unity) asio::detail::completion_handler<core::mutable_function<void __cdecl(void)>,asio::io_context::basic_executor_type<std::allocator<void>,0> >::do_complete
0x00007ff6078447be (Unity) asio::detail::win_iocp_io_context::do_one
0x00007ff607846424 (Unity) asio::detail::win_iocp_io_context::run
0x00007ff607856bbc (Unity) IOService::Run
0x00007ff607829fff (Unity) AssetImportWorkerClient::Run
0x00007ff6077f57e7 (Unity) RunAssetImportWorkerClientV2
0x00007ff6077f586b (Unity) RunAssetImporterV2
0x00007ff60700de2e (Unity) Application::InitializeProject
0x00007ff607489015 (Unity) WinMain
0x00007ff60884b3ee (Unity) __scrt_common_main_seh
0x00007ffef33c259d (KERNEL32) BaseThreadInitThunk
0x00007ffef37caf38 (ntdll) RtlUserThreadStart

Begin MonoManager ReloadAssembly
- Loaded All Assemblies, in  0.275 seconds
Native extension for WindowsStandalone target not found
Mono: successfully reloaded assembly
- Finished resetting the current domain, in  0.403 seconds
Domain Reload Profiling: 679ms
	BeginReloadAssembly (107ms)
		ExecutionOrderSort (0ms)
		DisableScriptedObjects (7ms)
		BackupInstance (0ms)
		ReleaseScriptingObjects (0ms)
		CreateAndSetChildDomain (25ms)
	RebuildCommonClasses (20ms)
	RebuildNativeTypeToScriptingClass (6ms)
	initialDomainReloadingComplete (17ms)
	LoadAllAssembliesAndSetupDomain (125ms)
		LoadAssemblies (164ms)
		RebuildTransferFunctionScriptingTraits (0ms)
		AnalyzeDomain (16ms)
			TypeCache.Refresh (8ms)
				TypeCache.ScanAssembly (1ms)
			ScanForSourceGeneratedMonoScriptInfo (5ms)
			ResolveRequiredComponents (2ms)
	FinalizeReload (404ms)
		ReleaseScriptCaches (0ms)
		RebuildScriptCaches (0ms)
		SetupLoadedEditorAssemblies (218ms)
			LogAssemblyErrors (0ms)
			InitializePlatformSupportModulesInManaged (3ms)
			SetLoadedEditorAssemblies (3ms)
			RefreshPlugins (0ms)
			BeforeProcessingInitializeOnLoad (29ms)
			ProcessInitializeOnLoadAttributes (165ms)
			ProcessInitializeOnLoadMethodAttributes (17ms)
			AfterProcessingInitializeOnLoad (1ms)
			EditorAssembliesLoaded (0ms)
		ExecutionOrderSort2 (0ms)
		AwakeInstancesAfterBackupRestoration (8ms)
Refreshing native plugins compatible for Editor in 1.15 ms, found 3 plugins.
Preloading 0 native plugins for Editor in 0.00 ms.
Unloading 2458 Unused Serialized files (Serialized files now loaded: 0)
Unloading 16 unused Assets / (29.8 KB). Loaded Objects now: 3142.
Memory consumption went from 125.4 MB to 125.4 MB.
Total: 2.043900 ms (FindLiveObjects: 0.136600 ms CreateObjectMapping: 0.029300 ms MarkObjects: 1.847600 ms  DeleteObjects: 0.029800 ms)

Prepare: number of updated asset objects reloaded= 0
AssetImportParameters requested are different than current active one (requested -> active):
  custom:video-decoder-webm-vp8: 9c59270c3fd7afecdb556c50c9e8de78 -> 
  custom:SearchIndexIgnoredProperties: e643bd26f0fe6173181afceb89e7c659 -> 
  custom:container-demuxer-ogg: 62fdf1f143b41e24485cea50d1cbac27 -> 
  custom:AudioImporter_EditorPlatform: d09bf68614088b80899f8185d706f6e7 -> 
  custom:video-codec-MediaFoundation-h265: 746d11721c4dcdbdad8f713fa42b33f4 -> 
  custom:video-decoder-ogg-theora: a1e56fd34408186e4bbccfd4996cb3dc -> 
  custom:framework-win-MediaFoundation: 216162199b28c13a410421893ffa2e32 -> 
  custom:video-encoder-webm-vp8: eb34c28f22e8b96e1ab97ce403110664 -> 
  custom:audio-decoder-ogg-vorbis: bf7c407c2cedff20999df2af8eb42d56 -> 
  custom:CustomObjectIndexerAttribute: 9a22284fe3817be447336de3de66b15e -> 
  custom:container-demuxer-webm: 4f35f7cbe854078d1ac9338744f61a02 -> 
  custom:audio-encoder-webm-vorbis: bf7c407c2cedff20999df2af8eb42d56 -> 
  custom:scripting/precompiled-assembly-types:Assembly-CSharp: d86972bd0bccad18c21e75442fcad812 -> 91ddc5e8844025c82776d0f2d84be810
  custom:container-muxer-webm: aa71ff27fc2769a1b78a27578f13a17b -> 
========================================================================
Received Prepare
Caller must complete domain reload
0x00007ff6064b9e7d (Unity) StackWalker::GetCurrentCallstack
0x00007ff6064bef59 (Unity) StackWalker::ShowCallstack
0x00007ff60747e361 (Unity) GetStacktrace
0x00007ff607b3013e (Unity) DebugStringToFile
0x00007ff607b2fe7a (Unity) AssertImplementation
0x00007ff6073235ec (Unity) Internal_ADB_WorkerOnly_DomainReload
0x00007ff6077fbc34 (Unity) WorkerDomainReloadV2
0x00007ff60781bd95 (Unity) <lambda_a753820fe7e089d32000383f09f6e370>::operator()
0x00007ff607858812 (Unity) asio::detail::completion_handler<core::mutable_function<void __cdecl(void)>,asio::io_context::basic_executor_type<std::allocator<void>,0> >::do_complete
0x00007ff6078447be (Unity) asio::detail::win_iocp_io_context::do_one
0x00007ff607846424 (Unity) asio::detail::win_iocp_io_context::run
0x00007ff607856bbc (Unity) IOService::Run
0x00007ff607829fff (Unity) AssetImportWorkerClient::Run
0x00007ff6077f57e7 (Unity) RunAssetImportWorkerClientV2
0x00007ff6077f586b (Unity) RunAssetImporterV2
0x00007ff60700de2e (Unity) Application::InitializeProject
0x00007ff607489015 (Unity) WinMain
0x00007ff60884b3ee (Unity) __scrt_common_main_seh
0x00007ffef33c259d (KERNEL32) BaseThreadInitThunk
0x00007ffef37caf38 (ntdll) RtlUserThreadStart

Begin MonoManager ReloadAssembly
- Loaded All Assemblies, in  0.276 seconds
Native extension for WindowsStandalone target not found
Mono: successfully reloaded assembly
- Finished resetting the current domain, in  0.387 seconds
Domain Reload Profiling: 663ms
	BeginReloadAssembly (97ms)
		ExecutionOrderSort (0ms)
		DisableScriptedObjects (7ms)
		BackupInstance (0ms)
		ReleaseScriptingObjects (0ms)
		CreateAndSetChildDomain (22ms)
	RebuildCommonClasses (18ms)
	RebuildNativeTypeToScriptingClass (6ms)
	initialDomainReloadingComplete (15ms)
	LoadAllAssembliesAndSetupDomain (140ms)
		LoadAssemblies (181ms)
		RebuildTransferFunctionScriptingTraits (0ms)
		AnalyzeDomain (8ms)
			TypeCache.Refresh (5ms)
				TypeCache.ScanAssembly (0ms)
			ScanForSourceGeneratedMonoScriptInfo (0ms)
			ResolveRequiredComponents (2ms)
	FinalizeReload (387ms)
		ReleaseScriptCaches (0ms)
		RebuildScriptCaches (0ms)
		SetupLoadedEditorAssemblies (212ms)
			LogAssemblyErrors (0ms)
			InitializePlatformSupportModulesInManaged (2ms)
			SetLoadedEditorAssemblies (3ms)
			RefreshPlugins (0ms)
			BeforeProcessingInitializeOnLoad (29ms)
			ProcessInitializeOnLoadAttributes (160ms)
			ProcessInitializeOnLoadMethodAttributes (17ms)
			AfterProcessingInitializeOnLoad (1ms)
			EditorAssembliesLoaded (0ms)
		ExecutionOrderSort2 (0ms)
		AwakeInstancesAfterBackupRestoration (7ms)
Refreshing native plugins compatible for Editor in 1.34 ms, found 3 plugins.
Preloading 0 native plugins for Editor in 0.00 ms.
Unloading 2458 Unused Serialized files (Serialized files now loaded: 0)
Unloading 16 unused Assets / (29.8 KB). Loaded Objects now: 3146.
Memory consumption went from 125.4 MB to 125.4 MB.
Total: 2.310600 ms (FindLiveObjects: 0.149700 ms CreateObjectMapping: 0.033100 ms MarkObjects: 2.074000 ms  DeleteObjects: 0.053400 ms)

Prepare: number of updated asset objects reloaded= 0
AssetImportParameters requested are different than current active one (requested -> active):
  custom:video-decoder-webm-vp8: 9c59270c3fd7afecdb556c50c9e8de78 -> 
  custom:SearchIndexIgnoredProperties: e643bd26f0fe6173181afceb89e7c659 -> 
  custom:container-demuxer-ogg: 62fdf1f143b41e24485cea50d1cbac27 -> 
  custom:AudioImporter_EditorPlatform: d09bf68614088b80899f8185d706f6e7 -> 
  custom:video-codec-MediaFoundation-h265: 746d11721c4dcdbdad8f713fa42b33f4 -> 
  custom:video-decoder-ogg-theora: a1e56fd34408186e4bbccfd4996cb3dc -> 
  custom:framework-win-MediaFoundation: 216162199b28c13a410421893ffa2e32 -> 
  custom:video-encoder-webm-vp8: eb34c28f22e8b96e1ab97ce403110664 -> 
  custom:audio-decoder-ogg-vorbis: bf7c407c2cedff20999df2af8eb42d56 -> 
  custom:CustomObjectIndexerAttribute: 9a22284fe3817be447336de3de66b15e -> 
  custom:container-demuxer-webm: 4f35f7cbe854078d1ac9338744f61a02 -> 
  custom:audio-encoder-webm-vorbis: bf7c407c2cedff20999df2af8eb42d56 -> 
  custom:scripting/precompiled-assembly-types:Assembly-CSharp: d86972bd0bccad18c21e75442fcad812 -> 91ddc5e8844025c82776d0f2d84be810
  custom:container-muxer-webm: aa71ff27fc2769a1b78a27578f13a17b -> 
========================================================================
Received Prepare
Caller must complete domain reload
0x00007ff6064b9e7d (Unity) StackWalker::GetCurrentCallstack
0x00007ff6064bef59 (Unity) StackWalker::ShowCallstack
0x00007ff60747e361 (Unity) GetStacktrace
0x00007ff607b3013e (Unity) DebugStringToFile
0x00007ff607b2fe7a (Unity) AssertImplementation
0x00007ff6073235ec (Unity) Internal_ADB_WorkerOnly_DomainReload
0x00007ff6077fbc34 (Unity) WorkerDomainReloadV2
0x00007ff60781bd95 (Unity) <lambda_a753820fe7e089d32000383f09f6e370>::operator()
0x00007ff607858812 (Unity) asio::detail::completion_handler<core::mutable_function<void __cdecl(void)>,asio::io_context::basic_executor_type<std::allocator<void>,0> >::do_complete
0x00007ff6078447be (Unity) asio::detail::win_iocp_io_context::do_one
0x00007ff607846424 (Unity) asio::detail::win_iocp_io_context::run
0x00007ff607856bbc (Unity) IOService::Run
0x00007ff607829fff (Unity) AssetImportWorkerClient::Run
0x00007ff6077f57e7 (Unity) RunAssetImportWorkerClientV2
0x00007ff6077f586b (Unity) RunAssetImporterV2
0x00007ff60700de2e (Unity) Application::InitializeProject
0x00007ff607489015 (Unity) WinMain
0x00007ff60884b3ee (Unity) __scrt_common_main_seh
0x00007ffef33c259d (KERNEL32) BaseThreadInitThunk
0x00007ffef37caf38 (ntdll) RtlUserThreadStart

Begin MonoManager ReloadAssembly
- Loaded All Assemblies, in  0.236 seconds
Native extension for WindowsStandalone target not found
Mono: successfully reloaded assembly
- Finished resetting the current domain, in  0.378 seconds
Domain Reload Profiling: 615ms
	BeginReloadAssembly (94ms)
		ExecutionOrderSort (0ms)
		DisableScriptedObjects (7ms)
		BackupInstance (0ms)
		ReleaseScriptingObjects (0ms)
		CreateAndSetChildDomain (22ms)
	RebuildCommonClasses (18ms)
	RebuildNativeTypeToScriptingClass (7ms)
	initialDomainReloadingComplete (14ms)
	LoadAllAssembliesAndSetupDomain (103ms)
		LoadAssemblies (142ms)
		RebuildTransferFunctionScriptingTraits (0ms)
		AnalyzeDomain (7ms)
			TypeCache.Refresh (4ms)
				TypeCache.ScanAssembly (0ms)
			ScanForSourceGeneratedMonoScriptInfo (0ms)
			ResolveRequiredComponents (2ms)
	FinalizeReload (379ms)
		ReleaseScriptCaches (0ms)
		RebuildScriptCaches (0ms)
		SetupLoadedEditorAssemblies (211ms)
			LogAssemblyErrors (0ms)
			InitializePlatformSupportModulesInManaged (3ms)
			SetLoadedEditorAssemblies (3ms)
			RefreshPlugins (0ms)
			BeforeProcessingInitializeOnLoad (29ms)
			ProcessInitializeOnLoadAttributes (160ms)
			ProcessInitializeOnLoadMethodAttributes (16ms)
			AfterProcessingInitializeOnLoad (1ms)
			EditorAssembliesLoaded (0ms)
		ExecutionOrderSort2 (0ms)
		AwakeInstancesAfterBackupRestoration (7ms)
Refreshing native plugins compatible for Editor in 1.13 ms, found 3 plugins.
Preloading 0 native plugins for Editor in 0.00 ms.
Unloading 2458 Unused Serialized files (Serialized files now loaded: 0)
Unloading 16 unused Assets / (29.7 KB). Loaded Objects now: 3150.
Memory consumption went from 125.5 MB to 125.4 MB.
Total: 2.017000 ms (FindLiveObjects: 0.173900 ms CreateObjectMapping: 0.057400 ms MarkObjects: 1.761900 ms  DeleteObjects: 0.023100 ms)

Prepare: number of updated asset objects reloaded= 0
AssetImportParameters requested are different than current active one (requested -> active):
  custom:video-decoder-webm-vp8: 9c59270c3fd7afecdb556c50c9e8de78 -> 
  custom:SearchIndexIgnoredProperties: e643bd26f0fe6173181afceb89e7c659 -> 
  custom:container-demuxer-ogg: 62fdf1f143b41e24485cea50d1cbac27 -> 
  custom:AudioImporter_EditorPlatform: d09bf68614088b80899f8185d706f6e7 -> 
  custom:video-codec-MediaFoundation-h265: 746d11721c4dcdbdad8f713fa42b33f4 -> 
  custom:video-decoder-ogg-theora: a1e56fd34408186e4bbccfd4996cb3dc -> 
  custom:framework-win-MediaFoundation: 216162199b28c13a410421893ffa2e32 -> 
  custom:video-encoder-webm-vp8: eb34c28f22e8b96e1ab97ce403110664 -> 
  custom:audio-decoder-ogg-vorbis: bf7c407c2cedff20999df2af8eb42d56 -> 
  custom:CustomObjectIndexerAttribute: 9a22284fe3817be447336de3de66b15e -> 
  custom:container-demuxer-webm: 4f35f7cbe854078d1ac9338744f61a02 -> 
  custom:audio-encoder-webm-vorbis: bf7c407c2cedff20999df2af8eb42d56 -> 
  custom:scripting/precompiled-assembly-types:Assembly-CSharp: d86972bd0bccad18c21e75442fcad812 -> 91ddc5e8844025c82776d0f2d84be810
  custom:container-muxer-webm: aa71ff27fc2769a1b78a27578f13a17b -> 
========================================================================
Received Prepare
Caller must complete domain reload
0x00007ff6064b9e7d (Unity) StackWalker::GetCurrentCallstack
0x00007ff6064bef59 (Unity) StackWalker::ShowCallstack
0x00007ff60747e361 (Unity) GetStacktrace
0x00007ff607b3013e (Unity) DebugStringToFile
0x00007ff607b2fe7a (Unity) AssertImplementation
0x00007ff6073235ec (Unity) Internal_ADB_WorkerOnly_DomainReload
0x00007ff6077fbc34 (Unity) WorkerDomainReloadV2
0x00007ff60781bd95 (Unity) <lambda_a753820fe7e089d32000383f09f6e370>::operator()
0x00007ff607858812 (Unity) asio::detail::completion_handler<core::mutable_function<void __cdecl(void)>,asio::io_context::basic_executor_type<std::allocator<void>,0> >::do_complete
0x00007ff6078447be (Unity) asio::detail::win_iocp_io_context::do_one
0x00007ff607846424 (Unity) asio::detail::win_iocp_io_context::run
0x00007ff607856bbc (Unity) IOService::Run
0x00007ff607829fff (Unity) AssetImportWorkerClient::Run
0x00007ff6077f57e7 (Unity) RunAssetImportWorkerClientV2
0x00007ff6077f586b (Unity) RunAssetImporterV2
0x00007ff60700de2e (Unity) Application::InitializeProject
0x00007ff607489015 (Unity) WinMain
0x00007ff60884b3ee (Unity) __scrt_common_main_seh
0x00007ffef33c259d (KERNEL32) BaseThreadInitThunk
0x00007ffef37caf38 (ntdll) RtlUserThreadStart

Begin MonoManager ReloadAssembly
- Loaded All Assemblies, in  0.249 seconds
Native extension for WindowsStandalone target not found
Mono: successfully reloaded assembly
- Finished resetting the current domain, in  0.383 seconds
Domain Reload Profiling: 632ms
	BeginReloadAssembly (98ms)
		ExecutionOrderSort (0ms)
		DisableScriptedObjects (7ms)
		BackupInstance (0ms)
		ReleaseScriptingObjects (0ms)
		CreateAndSetChildDomain (22ms)
	RebuildCommonClasses (18ms)
	RebuildNativeTypeToScriptingClass (6ms)
	initialDomainReloadingComplete (16ms)
	LoadAllAssembliesAndSetupDomain (110ms)
		LoadAssemblies (151ms)
		RebuildTransferFunctionScriptingTraits (0ms)
		AnalyzeDomain (8ms)
			TypeCache.Refresh (5ms)
				TypeCache.ScanAssembly (0ms)
			ScanForSourceGeneratedMonoScriptInfo (0ms)
			ResolveRequiredComponents (2ms)
	FinalizeReload (383ms)
		ReleaseScriptCaches (0ms)
		RebuildScriptCaches (0ms)
		SetupLoadedEditorAssemblies (208ms)
			LogAssemblyErrors (0ms)
			InitializePlatformSupportModulesInManaged (2ms)
			SetLoadedEditorAssemblies (3ms)
			RefreshPlugins (0ms)
			BeforeProcessingInitializeOnLoad (28ms)
			ProcessInitializeOnLoadAttributes (158ms)
			ProcessInitializeOnLoadMethodAttributes (16ms)
			AfterProcessingInitializeOnLoad (1ms)
			EditorAssembliesLoaded (0ms)
		ExecutionOrderSort2 (0ms)
		AwakeInstancesAfterBackupRestoration (7ms)
Refreshing native plugins compatible for Editor in 1.16 ms, found 3 plugins.
Preloading 0 native plugins for Editor in 0.00 ms.
Unloading 2458 Unused Serialized files (Serialized files now loaded: 0)
Unloading 16 unused Assets / (29.8 KB). Loaded Objects now: 3154.
Memory consumption went from 125.5 MB to 125.4 MB.
Total: 2.055200 ms (FindLiveObjects: 0.203400 ms CreateObjectMapping: 0.041700 ms MarkObjects: 1.782000 ms  DeleteObjects: 0.027600 ms)

Prepare: number of updated asset objects reloaded= 0
AssetImportParameters requested are different than current active one (requested -> active):
  custom:video-decoder-webm-vp8: 9c59270c3fd7afecdb556c50c9e8de78 -> 
  custom:SearchIndexIgnoredProperties: e643bd26f0fe6173181afceb89e7c659 -> 
  custom:container-demuxer-ogg: 62fdf1f143b41e24485cea50d1cbac27 -> 
  custom:AudioImporter_EditorPlatform: d09bf68614088b80899f8185d706f6e7 -> 
  custom:video-codec-MediaFoundation-h265: 746d11721c4dcdbdad8f713fa42b33f4 -> 
  custom:video-decoder-ogg-theora: a1e56fd34408186e4bbccfd4996cb3dc -> 
  custom:framework-win-MediaFoundation: 216162199b28c13a410421893ffa2e32 -> 
  custom:video-encoder-webm-vp8: eb34c28f22e8b96e1ab97ce403110664 -> 
  custom:audio-decoder-ogg-vorbis: bf7c407c2cedff20999df2af8eb42d56 -> 
  custom:CustomObjectIndexerAttribute: 9a22284fe3817be447336de3de66b15e -> 
  custom:container-demuxer-webm: 4f35f7cbe854078d1ac9338744f61a02 -> 
  custom:audio-encoder-webm-vorbis: bf7c407c2cedff20999df2af8eb42d56 -> 
  custom:scripting/precompiled-assembly-types:Assembly-CSharp: d86972bd0bccad18c21e75442fcad812 -> 91ddc5e8844025c82776d0f2d84be810
  custom:container-muxer-webm: aa71ff27fc2769a1b78a27578f13a17b -> 
========================================================================
Received Prepare
Caller must complete domain reload
0x00007ff6064b9e7d (Unity) StackWalker::GetCurrentCallstack
0x00007ff6064bef59 (Unity) StackWalker::ShowCallstack
0x00007ff60747e361 (Unity) GetStacktrace
0x00007ff607b3013e (Unity) DebugStringToFile
0x00007ff607b2fe7a (Unity) AssertImplementation
0x00007ff6073235ec (Unity) Internal_ADB_WorkerOnly_DomainReload
0x00007ff6077fbc34 (Unity) WorkerDomainReloadV2
0x00007ff60781bd95 (Unity) <lambda_a753820fe7e089d32000383f09f6e370>::operator()
0x00007ff607858812 (Unity) asio::detail::completion_handler<core::mutable_function<void __cdecl(void)>,asio::io_context::basic_executor_type<std::allocator<void>,0> >::do_complete
0x00007ff6078447be (Unity) asio::detail::win_iocp_io_context::do_one
0x00007ff607846424 (Unity) asio::detail::win_iocp_io_context::run
0x00007ff607856bbc (Unity) IOService::Run
0x00007ff607829fff (Unity) AssetImportWorkerClient::Run
0x00007ff6077f57e7 (Unity) RunAssetImportWorkerClientV2
0x00007ff6077f586b (Unity) RunAssetImporterV2
0x00007ff60700de2e (Unity) Application::InitializeProject
0x00007ff607489015 (Unity) WinMain
0x00007ff60884b3ee (Unity) __scrt_common_main_seh
0x00007ffef33c259d (KERNEL32) BaseThreadInitThunk
0x00007ffef37caf38 (ntdll) RtlUserThreadStart

Begin MonoManager ReloadAssembly
- Loaded All Assemblies, in  0.305 seconds
Native extension for WindowsStandalone target not found
Mono: successfully reloaded assembly
- Finished resetting the current domain, in  0.487 seconds
Domain Reload Profiling: 792ms
	BeginReloadAssembly (117ms)
		ExecutionOrderSort (0ms)
		DisableScriptedObjects (11ms)
		BackupInstance (0ms)
		ReleaseScriptingObjects (0ms)
		CreateAndSetChildDomain (27ms)
	RebuildCommonClasses (19ms)
	RebuildNativeTypeToScriptingClass (6ms)
	initialDomainReloadingComplete (18ms)
	LoadAllAssembliesAndSetupDomain (144ms)
		LoadAssemblies (182ms)
		RebuildTransferFunctionScriptingTraits (0ms)
		AnalyzeDomain (21ms)
			TypeCache.Refresh (9ms)
				TypeCache.ScanAssembly (1ms)
			ScanForSourceGeneratedMonoScriptInfo (8ms)
			ResolveRequiredComponents (3ms)
	FinalizeReload (488ms)
		ReleaseScriptCaches (0ms)
		RebuildScriptCaches (0ms)
		SetupLoadedEditorAssemblies (262ms)
			LogAssemblyErrors (0ms)
			InitializePlatformSupportModulesInManaged (3ms)
			SetLoadedEditorAssemblies (4ms)
			RefreshPlugins (0ms)
			BeforeProcessingInitializeOnLoad (36ms)
			ProcessInitializeOnLoadAttributes (199ms)
			ProcessInitializeOnLoadMethodAttributes (18ms)
			AfterProcessingInitializeOnLoad (1ms)
			EditorAssembliesLoaded (0ms)
		ExecutionOrderSort2 (0ms)
		AwakeInstancesAfterBackupRestoration (8ms)
Refreshing native plugins compatible for Editor in 2.00 ms, found 3 plugins.
Preloading 0 native plugins for Editor in 0.00 ms.
Unloading 2458 Unused Serialized files (Serialized files now loaded: 0)
Unloading 16 unused Assets / (29.7 KB). Loaded Objects now: 3158.
Memory consumption went from 125.5 MB to 125.4 MB.
Total: 2.557300 ms (FindLiveObjects: 0.198900 ms CreateObjectMapping: 0.067800 ms MarkObjects: 2.257100 ms  DeleteObjects: 0.032200 ms)

Prepare: number of updated asset objects reloaded= 0
AssetImportParameters requested are different than current active one (requested -> active):
  custom:video-decoder-webm-vp8: 9c59270c3fd7afecdb556c50c9e8de78 -> 
  custom:SearchIndexIgnoredProperties: e643bd26f0fe6173181afceb89e7c659 -> 
  custom:container-demuxer-ogg: 62fdf1f143b41e24485cea50d1cbac27 -> 
  custom:AudioImporter_EditorPlatform: d09bf68614088b80899f8185d706f6e7 -> 
  custom:video-codec-MediaFoundation-h265: 746d11721c4dcdbdad8f713fa42b33f4 -> 
  custom:video-decoder-ogg-theora: a1e56fd34408186e4bbccfd4996cb3dc -> 
  custom:framework-win-MediaFoundation: 216162199b28c13a410421893ffa2e32 -> 
  custom:video-encoder-webm-vp8: eb34c28f22e8b96e1ab97ce403110664 -> 
  custom:audio-decoder-ogg-vorbis: bf7c407c2cedff20999df2af8eb42d56 -> 
  custom:CustomObjectIndexerAttribute: 9a22284fe3817be447336de3de66b15e -> 
  custom:container-demuxer-webm: 4f35f7cbe854078d1ac9338744f61a02 -> 
  custom:audio-encoder-webm-vorbis: bf7c407c2cedff20999df2af8eb42d56 -> 
  custom:scripting/precompiled-assembly-types:Assembly-CSharp: 3f905df3f389e732457487c5929e41d4 -> 91ddc5e8844025c82776d0f2d84be810
  custom:container-muxer-webm: aa71ff27fc2769a1b78a27578f13a17b -> 
========================================================================
Received Prepare
Caller must complete domain reload
0x00007ff6064b9e7d (Unity) StackWalker::GetCurrentCallstack
0x00007ff6064bef59 (Unity) StackWalker::ShowCallstack
0x00007ff60747e361 (Unity) GetStacktrace
0x00007ff607b3013e (Unity) DebugStringToFile
0x00007ff607b2fe7a (Unity) AssertImplementation
0x00007ff6073235ec (Unity) Internal_ADB_WorkerOnly_DomainReload
0x00007ff6077fbc34 (Unity) WorkerDomainReloadV2
0x00007ff60781bd95 (Unity) <lambda_a753820fe7e089d32000383f09f6e370>::operator()
0x00007ff607858812 (Unity) asio::detail::completion_handler<core::mutable_function<void __cdecl(void)>,asio::io_context::basic_executor_type<std::allocator<void>,0> >::do_complete
0x00007ff6078447be (Unity) asio::detail::win_iocp_io_context::do_one
0x00007ff607846424 (Unity) asio::detail::win_iocp_io_context::run
0x00007ff607856bbc (Unity) IOService::Run
0x00007ff607829fff (Unity) AssetImportWorkerClient::Run
0x00007ff6077f57e7 (Unity) RunAssetImportWorkerClientV2
0x00007ff6077f586b (Unity) RunAssetImporterV2
0x00007ff60700de2e (Unity) Application::InitializeProject
0x00007ff607489015 (Unity) WinMain
0x00007ff60884b3ee (Unity) __scrt_common_main_seh
0x00007ffef33c259d (KERNEL32) BaseThreadInitThunk
0x00007ffef37caf38 (ntdll) RtlUserThreadStart

Begin MonoManager ReloadAssembly
- Loaded All Assemblies, in  0.249 seconds
Native extension for WindowsStandalone target not found
Mono: successfully reloaded assembly
- Finished resetting the current domain, in  0.385 seconds
Domain Reload Profiling: 634ms
	BeginReloadAssembly (97ms)
		ExecutionOrderSort (0ms)
		DisableScriptedObjects (7ms)
		BackupInstance (0ms)
		ReleaseScriptingObjects (0ms)
		CreateAndSetChildDomain (21ms)
	RebuildCommonClasses (19ms)
	RebuildNativeTypeToScriptingClass (6ms)
	initialDomainReloadingComplete (16ms)
	LoadAllAssembliesAndSetupDomain (110ms)
		LoadAssemblies (152ms)
		RebuildTransferFunctionScriptingTraits (0ms)
		AnalyzeDomain (8ms)
			TypeCache.Refresh (5ms)
				TypeCache.ScanAssembly (0ms)
			ScanForSourceGeneratedMonoScriptInfo (0ms)
			ResolveRequiredComponents (2ms)
	FinalizeReload (386ms)
		ReleaseScriptCaches (0ms)
		RebuildScriptCaches (0ms)
		SetupLoadedEditorAssemblies (219ms)
			LogAssemblyErrors (0ms)
			InitializePlatformSupportModulesInManaged (3ms)
			SetLoadedEditorAssemblies (3ms)
			RefreshPlugins (0ms)
			BeforeProcessingInitializeOnLoad (31ms)
			ProcessInitializeOnLoadAttributes (165ms)
			ProcessInitializeOnLoadMethodAttributes (18ms)
			AfterProcessingInitializeOnLoad (1ms)
			EditorAssembliesLoaded (0ms)
		ExecutionOrderSort2 (0ms)
		AwakeInstancesAfterBackupRestoration (8ms)
Refreshing native plugins compatible for Editor in 1.26 ms, found 3 plugins.
Preloading 0 native plugins for Editor in 0.00 ms.
Unloading 2458 Unused Serialized files (Serialized files now loaded: 0)
Unloading 16 unused Assets / (29.8 KB). Loaded Objects now: 3162.
Memory consumption went from 125.5 MB to 125.4 MB.
Total: 1.966700 ms (FindLiveObjects: 0.162100 ms CreateObjectMapping: 0.034500 ms MarkObjects: 1.740700 ms  DeleteObjects: 0.028600 ms)

Prepare: number of updated asset objects reloaded= 0
AssetImportParameters requested are different than current active one (requested -> active):
  custom:video-decoder-webm-vp8: 9c59270c3fd7afecdb556c50c9e8de78 -> 
  custom:SearchIndexIgnoredProperties: e643bd26f0fe6173181afceb89e7c659 -> 
  custom:container-demuxer-ogg: 62fdf1f143b41e24485cea50d1cbac27 -> 
  custom:AudioImporter_EditorPlatform: d09bf68614088b80899f8185d706f6e7 -> 
  custom:video-codec-MediaFoundation-h265: 746d11721c4dcdbdad8f713fa42b33f4 -> 
  custom:video-decoder-ogg-theora: a1e56fd34408186e4bbccfd4996cb3dc -> 
  custom:framework-win-MediaFoundation: 216162199b28c13a410421893ffa2e32 -> 
  custom:video-encoder-webm-vp8: eb34c28f22e8b96e1ab97ce403110664 -> 
  custom:audio-decoder-ogg-vorbis: bf7c407c2cedff20999df2af8eb42d56 -> 
  custom:CustomObjectIndexerAttribute: 9a22284fe3817be447336de3de66b15e -> 
  custom:container-demuxer-webm: 4f35f7cbe854078d1ac9338744f61a02 -> 
  custom:audio-encoder-webm-vorbis: bf7c407c2cedff20999df2af8eb42d56 -> 
  custom:scripting/precompiled-assembly-types:Assembly-CSharp: 3f905df3f389e732457487c5929e41d4 -> 91ddc5e8844025c82776d0f2d84be810
  custom:container-muxer-webm: aa71ff27fc2769a1b78a27578f13a17b -> 
========================================================================
Received Import Request.
  Time since last request: 6418.214485 seconds.
  path: Assets/TextMesh Pro/Resources/Fonts & Materials/LiberationSans SDF - Fallback.asset
  artifactKey: Guid(2e498d1c8094910479dc3e1b768306a4) Importer(815301076,1909f56bfc062723c751e8b465ee728b)
Start importing Assets/TextMesh Pro/Resources/Fonts & Materials/LiberationSans SDF - Fallback.asset using Guid(2e498d1c8094910479dc3e1b768306a4) Importer(815301076,1909f56bfc062723c751e8b465ee728b) [PhysX] Initialized MultithreadedTaskDispatcher with 24 workers.
[PhysX] Initialized MultithreadedTaskDispatcher with 24 workers.
[PhysX] Initialized MultithreadedTaskDispatcher with 24 workers.
 -> (artifact id: 'fa5bfaf84d7fea883228ace041890dac') in 0.158513 seconds
Number of updated asset objects reloaded before import = 0
Number of asset objects unloaded after import = 6
========================================================================
Received Prepare
Caller must complete domain reload
0x00007ff6064b9e7d (Unity) StackWalker::GetCurrentCallstack
0x00007ff6064bef59 (Unity) StackWalker::ShowCallstack
0x00007ff60747e361 (Unity) GetStacktrace
0x00007ff607b3013e (Unity) DebugStringToFile
0x00007ff607b2fe7a (Unity) AssertImplementation
0x00007ff6073235ec (Unity) Internal_ADB_WorkerOnly_DomainReload
0x00007ff6077fbc34 (Unity) WorkerDomainReloadV2
0x00007ff60781bd95 (Unity) <lambda_a753820fe7e089d32000383f09f6e370>::operator()
0x00007ff607858812 (Unity) asio::detail::completion_handler<core::mutable_function<void __cdecl(void)>,asio::io_context::basic_executor_type<std::allocator<void>,0> >::do_complete
0x00007ff6078447be (Unity) asio::detail::win_iocp_io_context::do_one
0x00007ff607846424 (Unity) asio::detail::win_iocp_io_context::run
0x00007ff607856bbc (Unity) IOService::Run
0x00007ff607829fff (Unity) AssetImportWorkerClient::Run
0x00007ff6077f57e7 (Unity) RunAssetImportWorkerClientV2
0x00007ff6077f586b (Unity) RunAssetImporterV2
0x00007ff60700de2e (Unity) Application::InitializeProject
0x00007ff607489015 (Unity) WinMain
0x00007ff60884b3ee (Unity) __scrt_common_main_seh
0x00007ffef33c259d (KERNEL32) BaseThreadInitThunk
0x00007ffef37caf38 (ntdll) RtlUserThreadStart

Begin MonoManager ReloadAssembly
- Loaded All Assemblies, in  0.266 seconds
Native extension for WindowsStandalone target not found
Mono: successfully reloaded assembly
- Finished resetting the current domain, in  0.406 seconds
Domain Reload Profiling: 672ms
	BeginReloadAssembly (109ms)
		ExecutionOrderSort (0ms)
		DisableScriptedObjects (6ms)
		BackupInstance (0ms)
		ReleaseScriptingObjects (0ms)
		CreateAndSetChildDomain (28ms)
	RebuildCommonClasses (18ms)
	RebuildNativeTypeToScriptingClass (6ms)
	initialDomainReloadingComplete (15ms)
	LoadAllAssembliesAndSetupDomain (117ms)
		LoadAssemblies (156ms)
		RebuildTransferFunctionScriptingTraits (0ms)
		AnalyzeDomain (15ms)
			TypeCache.Refresh (7ms)
				TypeCache.ScanAssembly (1ms)
			ScanForSourceGeneratedMonoScriptInfo (6ms)
			ResolveRequiredComponents (2ms)
	FinalizeReload (406ms)
		ReleaseScriptCaches (0ms)
		RebuildScriptCaches (0ms)
		SetupLoadedEditorAssemblies (212ms)
			LogAssemblyErrors (0ms)
			InitializePlatformSupportModulesInManaged (3ms)
			SetLoadedEditorAssemblies (3ms)
			RefreshPlugins (0ms)
			BeforeProcessingInitializeOnLoad (30ms)
			ProcessInitializeOnLoadAttributes (159ms)
			ProcessInitializeOnLoadMethodAttributes (16ms)
			AfterProcessingInitializeOnLoad (1ms)
			EditorAssembliesLoaded (0ms)
		ExecutionOrderSort2 (0ms)
		AwakeInstancesAfterBackupRestoration (7ms)
Refreshing native plugins compatible for Editor in 1.22 ms, found 3 plugins.
Preloading 0 native plugins for Editor in 0.00 ms.
Unloading 2457 Unused Serialized files (Serialized files now loaded: 0)
Unloading 16 unused Assets / (29.8 KB). Loaded Objects now: 3208.
Memory consumption went from 130.1 MB to 130.1 MB.
Total: 2.378000 ms (FindLiveObjects: 0.220800 ms CreateObjectMapping: 0.105100 ms MarkObjects: 2.023700 ms  DeleteObjects: 0.027700 ms)

Prepare: number of updated asset objects reloaded= 0
AssetImportParameters requested are different than current active one (requested -> active):
  custom:video-decoder-webm-vp8: 9c59270c3fd7afecdb556c50c9e8de78 -> 
  custom:SearchIndexIgnoredProperties: e643bd26f0fe6173181afceb89e7c659 -> 
  custom:container-demuxer-ogg: 62fdf1f143b41e24485cea50d1cbac27 -> 
  custom:AudioImporter_EditorPlatform: d09bf68614088b80899f8185d706f6e7 -> 
  custom:video-codec-MediaFoundation-h265: 746d11721c4dcdbdad8f713fa42b33f4 -> 
  custom:video-decoder-ogg-theora: a1e56fd34408186e4bbccfd4996cb3dc -> 
  custom:framework-win-MediaFoundation: 216162199b28c13a410421893ffa2e32 -> 
  custom:video-encoder-webm-vp8: eb34c28f22e8b96e1ab97ce403110664 -> 
  custom:audio-decoder-ogg-vorbis: bf7c407c2cedff20999df2af8eb42d56 -> 
  custom:CustomObjectIndexerAttribute: 9a22284fe3817be447336de3de66b15e -> 
  custom:container-demuxer-webm: 4f35f7cbe854078d1ac9338744f61a02 -> 
  custom:audio-encoder-webm-vorbis: bf7c407c2cedff20999df2af8eb42d56 -> 
  custom:scripting/precompiled-assembly-types:Assembly-CSharp: 47eda1e9bd9898d93027feae29890d79 -> 91ddc5e8844025c82776d0f2d84be810
  custom:container-muxer-webm: aa71ff27fc2769a1b78a27578f13a17b -> 
========================================================================
Received Import Request.
  Time since last request: 2304.501246 seconds.
  path: Assets/TextMesh Pro/Resources/Fonts & Materials/LiberationSans SDF - Fallback.asset
  artifactKey: Guid(2e498d1c8094910479dc3e1b768306a4) Importer(815301076,1909f56bfc062723c751e8b465ee728b)
Start importing Assets/TextMesh Pro/Resources/Fonts & Materials/LiberationSans SDF - Fallback.asset using Guid(2e498d1c8094910479dc3e1b768306a4) Importer(815301076,1909f56bfc062723c751e8b465ee728b) [PhysX] Initialized MultithreadedTaskDispatcher with 24 workers.
[PhysX] Initialized MultithreadedTaskDispatcher with 24 workers.
[PhysX] Initialized MultithreadedTaskDispatcher with 24 workers.
 -> (artifact id: '9cd5f0d02c2e869eaa6933ca214d8b0a') in 0.059769 seconds
Number of updated asset objects reloaded before import = 0
Number of asset objects unloaded after import = 6
========================================================================
Received Import Request.
  Time since last request: 228.024187 seconds.
  path: Assets/Scenes/Script/DriverHomePanelController.cs
  artifactKey: Guid(fec32adf99cd1144c97838d3ef896f5e) Importer(815301076,1909f56bfc062723c751e8b465ee728b)
Start importing Assets/Scenes/Script/DriverHomePanelController.cs using Guid(fec32adf99cd1144c97838d3ef896f5e) Importer(815301076,1909f56bfc062723c751e8b465ee728b) [PhysX] Initialized MultithreadedTaskDispatcher with 24 workers.
 -> (artifact id: 'c4a69532591a9424724622e6e3d315ae') in 0.000517 seconds
Number of updated asset objects reloaded before import = 0
Number of asset objects unloaded after import = 0
========================================================================
Received Prepare
Caller must complete domain reload
0x00007ff6064b9e7d (Unity) StackWalker::GetCurrentCallstack
0x00007ff6064bef59 (Unity) StackWalker::ShowCallstack
0x00007ff60747e361 (Unity) GetStacktrace
0x00007ff607b3013e (Unity) DebugStringToFile
0x00007ff607b2fe7a (Unity) AssertImplementation
0x00007ff6073235ec (Unity) Internal_ADB_WorkerOnly_DomainReload
0x00007ff6077fbc34 (Unity) WorkerDomainReloadV2
0x00007ff60781bd95 (Unity) <lambda_a753820fe7e089d32000383f09f6e370>::operator()
0x00007ff607858812 (Unity) asio::detail::completion_handler<core::mutable_function<void __cdecl(void)>,asio::io_context::basic_executor_type<std::allocator<void>,0> >::do_complete
0x00007ff6078447be (Unity) asio::detail::win_iocp_io_context::do_one
0x00007ff607846424 (Unity) asio::detail::win_iocp_io_context::run
0x00007ff607856bbc (Unity) IOService::Run
0x00007ff607829fff (Unity) AssetImportWorkerClient::Run
0x00007ff6077f57e7 (Unity) RunAssetImportWorkerClientV2
0x00007ff6077f586b (Unity) RunAssetImporterV2
0x00007ff60700de2e (Unity) Application::InitializeProject
0x00007ff607489015 (Unity) WinMain
0x00007ff60884b3ee (Unity) __scrt_common_main_seh
0x00007ffef33c259d (KERNEL32) BaseThreadInitThunk
0x00007ffef37caf38 (ntdll) RtlUserThreadStart

Begin MonoManager ReloadAssembly
- Loaded All Assemblies, in  0.264 seconds
Native extension for WindowsStandalone target not found
Mono: successfully reloaded assembly
- Finished resetting the current domain, in  0.387 seconds
Domain Reload Profiling: 651ms
	BeginReloadAssembly (99ms)
		ExecutionOrderSort (0ms)
		DisableScriptedObjects (6ms)
		BackupInstance (0ms)
		ReleaseScriptingObjects (0ms)
		CreateAndSetChildDomain (25ms)
	RebuildCommonClasses (18ms)
	RebuildNativeTypeToScriptingClass (6ms)
	initialDomainReloadingComplete (16ms)
	LoadAllAssembliesAndSetupDomain (125ms)
		LoadAssemblies (156ms)
		RebuildTransferFunctionScriptingTraits (0ms)
		AnalyzeDomain (17ms)
			TypeCache.Refresh (8ms)
				TypeCache.ScanAssembly (1ms)
			ScanForSourceGeneratedMonoScriptInfo (5ms)
			ResolveRequiredComponents (2ms)
	FinalizeReload (387ms)
		ReleaseScriptCaches (0ms)
		RebuildScriptCaches (0ms)
		SetupLoadedEditorAssemblies (219ms)
			LogAssemblyErrors (0ms)
			InitializePlatformSupportModulesInManaged (3ms)
			SetLoadedEditorAssemblies (3ms)
			RefreshPlugins (0ms)
			BeforeProcessingInitializeOnLoad (31ms)
			ProcessInitializeOnLoadAttributes (166ms)
			ProcessInitializeOnLoadMethodAttributes (15ms)
			AfterProcessingInitializeOnLoad (1ms)
			EditorAssembliesLoaded (0ms)
		ExecutionOrderSort2 (0ms)
		AwakeInstancesAfterBackupRestoration (7ms)
Refreshing native plugins compatible for Editor in 1.26 ms, found 3 plugins.
Preloading 0 native plugins for Editor in 0.00 ms.
Unloading 2457 Unused Serialized files (Serialized files now loaded: 0)
Unloading 16 unused Assets / (29.8 KB). Loaded Objects now: 3212.
Memory consumption went from 130.1 MB to 130.1 MB.
Total: 2.655200 ms (FindLiveObjects: 0.145100 ms CreateObjectMapping: 0.037200 ms MarkObjects: 2.425400 ms  DeleteObjects: 0.046400 ms)

Prepare: number of updated asset objects reloaded= 0
AssetImportParameters requested are different than current active one (requested -> active):
  custom:video-decoder-webm-vp8: 9c59270c3fd7afecdb556c50c9e8de78 -> 
  custom:SearchIndexIgnoredProperties: e643bd26f0fe6173181afceb89e7c659 -> 
  custom:container-demuxer-ogg: 62fdf1f143b41e24485cea50d1cbac27 -> 
  custom:AudioImporter_EditorPlatform: d09bf68614088b80899f8185d706f6e7 -> 
  custom:video-codec-MediaFoundation-h265: 746d11721c4dcdbdad8f713fa42b33f4 -> 
  custom:video-decoder-ogg-theora: a1e56fd34408186e4bbccfd4996cb3dc -> 
  custom:framework-win-MediaFoundation: 216162199b28c13a410421893ffa2e32 -> 
  custom:video-encoder-webm-vp8: eb34c28f22e8b96e1ab97ce403110664 -> 
  custom:audio-decoder-ogg-vorbis: bf7c407c2cedff20999df2af8eb42d56 -> 
  custom:CustomObjectIndexerAttribute: 9a22284fe3817be447336de3de66b15e -> 
  custom:container-demuxer-webm: 4f35f7cbe854078d1ac9338744f61a02 -> 
  custom:audio-encoder-webm-vorbis: bf7c407c2cedff20999df2af8eb42d56 -> 
  custom:scripting/precompiled-assembly-types:Assembly-CSharp: a08eeb808d23ac5f54d3d5b337d68e61 -> 91ddc5e8844025c82776d0f2d84be810
  custom:container-muxer-webm: aa71ff27fc2769a1b78a27578f13a17b -> 
========================================================================
Received Import Request.
  Time since last request: 17.245387 seconds.
  path: Assets/Scenes/Script/DeliveryListPanelController.cs
  artifactKey: Guid(b3ec71d6cd0e38e428a0b750712739a1) Importer(815301076,1909f56bfc062723c751e8b465ee728b)
Start importing Assets/Scenes/Script/DeliveryListPanelController.cs using Guid(b3ec71d6cd0e38e428a0b750712739a1) Importer(815301076,1909f56bfc062723c751e8b465ee728b) [PhysX] Initialized MultithreadedTaskDispatcher with 24 workers.
 -> (artifact id: '0554ffe845754221dc24da85e0b2c0cd') in 0.001662 seconds
Number of updated asset objects reloaded before import = 0
Number of asset objects unloaded after import = 0
========================================================================
Received Import Request.
  Time since last request: 9.355035 seconds.
  path: Assets/Scenes/Script/DeliveryListPanelController.cs
  artifactKey: Guid(b3ec71d6cd0e38e428a0b750712739a1) Importer(815301076,1909f56bfc062723c751e8b465ee728b)
Start importing Assets/Scenes/Script/DeliveryListPanelController.cs using Guid(b3ec71d6cd0e38e428a0b750712739a1) Importer(815301076,1909f56bfc062723c751e8b465ee728b) [PhysX] Initialized MultithreadedTaskDispatcher with 24 workers.
 -> (artifact id: '8bbc6b1a6315b4df0ddf6cebf7ff16a2') in 0.000546 seconds
Number of updated asset objects reloaded before import = 0
Number of asset objects unloaded after import = 0
========================================================================
Received Import Request.
  Time since last request: 718.553872 seconds.
  path: Assets/Scenes/Script/ChoicePanelController.cs
  artifactKey: Guid(d64dd5562af26d74897577f137fe94bf) Importer(815301076,1909f56bfc062723c751e8b465ee728b)
Start importing Assets/Scenes/Script/ChoicePanelController.cs using Guid(d64dd5562af26d74897577f137fe94bf) Importer(815301076,1909f56bfc062723c751e8b465ee728b) [PhysX] Initialized MultithreadedTaskDispatcher with 24 workers.
 -> (artifact id: 'aba332fab64e0e37e10eb596be360f50') in 0.000525 seconds
Number of updated asset objects reloaded before import = 0
Number of asset objects unloaded after import = 0
========================================================================
Received Import Request.
  Time since last request: 11.613884 seconds.
  path: Assets/Scenes/Script/ChoicePanelController.cs
  artifactKey: Guid(d64dd5562af26d74897577f137fe94bf) Importer(815301076,1909f56bfc062723c751e8b465ee728b)
Start importing Assets/Scenes/Script/ChoicePanelController.cs using Guid(d64dd5562af26d74897577f137fe94bf) Importer(815301076,1909f56bfc062723c751e8b465ee728b) [PhysX] Initialized MultithreadedTaskDispatcher with 24 workers.
 -> (artifact id: 'e875e4533f86d6fdd0499fc8b931af90') in 0.000511 seconds
Number of updated asset objects reloaded before import = 0
Number of asset objects unloaded after import = 0
========================================================================
Received Import Request.
  Time since last request: 52.876528 seconds.
  path: Assets/Scenes/Script/DeliveryListPanelController.cs
  artifactKey: Guid(b3ec71d6cd0e38e428a0b750712739a1) Importer(815301076,1909f56bfc062723c751e8b465ee728b)
Start importing Assets/Scenes/Script/DeliveryListPanelController.cs using Guid(b3ec71d6cd0e38e428a0b750712739a1) Importer(815301076,1909f56bfc062723c751e8b465ee728b) [PhysX] Initialized MultithreadedTaskDispatcher with 24 workers.
 -> (artifact id: '5a10b5cdec60b90a5dbdb6dc313a66c3') in 0.000503 seconds
Number of updated asset objects reloaded before import = 0
Number of asset objects unloaded after import = 0
========================================================================
Received Prepare
Caller must complete domain reload
0x00007ff6064b9e7d (Unity) StackWalker::GetCurrentCallstack
0x00007ff6064bef59 (Unity) StackWalker::ShowCallstack
0x00007ff60747e361 (Unity) GetStacktrace
0x00007ff607b3013e (Unity) DebugStringToFile
0x00007ff607b2fe7a (Unity) AssertImplementation
0x00007ff6073235ec (Unity) Internal_ADB_WorkerOnly_DomainReload
0x00007ff6077fbc34 (Unity) WorkerDomainReloadV2
0x00007ff60781bd95 (Unity) <lambda_a753820fe7e089d32000383f09f6e370>::operator()
0x00007ff607858812 (Unity) asio::detail::completion_handler<core::mutable_function<void __cdecl(void)>,asio::io_context::basic_executor_type<std::allocator<void>,0> >::do_complete
0x00007ff6078447be (Unity) asio::detail::win_iocp_io_context::do_one
0x00007ff607846424 (Unity) asio::detail::win_iocp_io_context::run
0x00007ff607856bbc (Unity) IOService::Run
0x00007ff607829fff (Unity) AssetImportWorkerClient::Run
0x00007ff6077f57e7 (Unity) RunAssetImportWorkerClientV2
0x00007ff6077f586b (Unity) RunAssetImporterV2
0x00007ff60700de2e (Unity) Application::InitializeProject
0x00007ff607489015 (Unity) WinMain
0x00007ff60884b3ee (Unity) __scrt_common_main_seh
0x00007ffef33c259d (KERNEL32) BaseThreadInitThunk
0x00007ffef37caf38 (ntdll) RtlUserThreadStart

Begin MonoManager ReloadAssembly
- Loaded All Assemblies, in  0.324 seconds
Native extension for WindowsStandalone target not found
Mono: successfully reloaded assembly
- Finished resetting the current domain, in  0.518 seconds
Domain Reload Profiling: 842ms
	BeginReloadAssembly (126ms)
		ExecutionOrderSort (0ms)
		DisableScriptedObjects (8ms)
		BackupInstance (0ms)
		ReleaseScriptingObjects (0ms)
		CreateAndSetChildDomain (34ms)
	RebuildCommonClasses (22ms)
	RebuildNativeTypeToScriptingClass (7ms)
	initialDomainReloadingComplete (17ms)
	LoadAllAssembliesAndSetupDomain (152ms)
		LoadAssemblies (194ms)
		RebuildTransferFunctionScriptingTraits (0ms)
		AnalyzeDomain (19ms)
			TypeCache.Refresh (8ms)
				TypeCache.ScanAssembly (1ms)
			ScanForSourceGeneratedMonoScriptInfo (6ms)
			ResolveRequiredComponents (3ms)
	FinalizeReload (519ms)
		ReleaseScriptCaches (0ms)
		RebuildScriptCaches (0ms)
		SetupLoadedEditorAssemblies (299ms)
			LogAssemblyErrors (0ms)
			InitializePlatformSupportModulesInManaged (3ms)
			SetLoadedEditorAssemblies (3ms)
			RefreshPlugins (0ms)
			BeforeProcessingInitializeOnLoad (38ms)
			ProcessInitializeOnLoadAttributes (224ms)
			ProcessInitializeOnLoadMethodAttributes (29ms)
			AfterProcessingInitializeOnLoad (2ms)
			EditorAssembliesLoaded (0ms)
		ExecutionOrderSort2 (0ms)
		AwakeInstancesAfterBackupRestoration (12ms)
Refreshing native plugins compatible for Editor in 2.77 ms, found 3 plugins.
Preloading 0 native plugins for Editor in 0.00 ms.
Unloading 2458 Unused Serialized files (Serialized files now loaded: 0)
Unloading 16 unused Assets / (29.7 KB). Loaded Objects now: 3217.
Memory consumption went from 130.1 MB to 130.1 MB.
Total: 3.227900 ms (FindLiveObjects: 0.259100 ms CreateObjectMapping: 0.077900 ms MarkObjects: 2.855100 ms  DeleteObjects: 0.035000 ms)

Prepare: number of updated asset objects reloaded= 0
AssetImportParameters requested are different than current active one (requested -> active):
  custom:video-decoder-webm-vp8: 9c59270c3fd7afecdb556c50c9e8de78 -> 
  custom:SearchIndexIgnoredProperties: e643bd26f0fe6173181afceb89e7c659 -> 
  custom:container-demuxer-ogg: 62fdf1f143b41e24485cea50d1cbac27 -> 
  custom:AudioImporter_EditorPlatform: d09bf68614088b80899f8185d706f6e7 -> 
  custom:video-codec-MediaFoundation-h265: 746d11721c4dcdbdad8f713fa42b33f4 -> 
  custom:video-decoder-ogg-theora: a1e56fd34408186e4bbccfd4996cb3dc -> 
  custom:scripting/monoscript/fileName/ChoicePanelController.cs: 7a0f942b41387e7e25d33bcb95417708 -> 
  custom:framework-win-MediaFoundation: 216162199b28c13a410421893ffa2e32 -> 
  custom:video-encoder-webm-vp8: eb34c28f22e8b96e1ab97ce403110664 -> 
  custom:audio-decoder-ogg-vorbis: bf7c407c2cedff20999df2af8eb42d56 -> 
  custom:CustomObjectIndexerAttribute: 9a22284fe3817be447336de3de66b15e -> 
  custom:container-demuxer-webm: 4f35f7cbe854078d1ac9338744f61a02 -> 
  custom:audio-encoder-webm-vorbis: bf7c407c2cedff20999df2af8eb42d56 -> 
  custom:scripting/precompiled-assembly-types:Assembly-CSharp: bdb7bd9b52a4a345529d97db680f5558 -> 91ddc5e8844025c82776d0f2d84be810
  custom:container-muxer-webm: aa71ff27fc2769a1b78a27578f13a17b -> 
========================================================================
Received Prepare
Caller must complete domain reload
0x00007ff6064b9e7d (Unity) StackWalker::GetCurrentCallstack
0x00007ff6064bef59 (Unity) StackWalker::ShowCallstack
0x00007ff60747e361 (Unity) GetStacktrace
0x00007ff607b3013e (Unity) DebugStringToFile
0x00007ff607b2fe7a (Unity) AssertImplementation
0x00007ff6073235ec (Unity) Internal_ADB_WorkerOnly_DomainReload
0x00007ff6077fbc34 (Unity) WorkerDomainReloadV2
0x00007ff60781bd95 (Unity) <lambda_a753820fe7e089d32000383f09f6e370>::operator()
0x00007ff607858812 (Unity) asio::detail::completion_handler<core::mutable_function<void __cdecl(void)>,asio::io_context::basic_executor_type<std::allocator<void>,0> >::do_complete
0x00007ff6078447be (Unity) asio::detail::win_iocp_io_context::do_one
0x00007ff607846424 (Unity) asio::detail::win_iocp_io_context::run
0x00007ff607856bbc (Unity) IOService::Run
0x00007ff607829fff (Unity) AssetImportWorkerClient::Run
0x00007ff6077f57e7 (Unity) RunAssetImportWorkerClientV2
0x00007ff6077f586b (Unity) RunAssetImporterV2
0x00007ff60700de2e (Unity) Application::InitializeProject
0x00007ff607489015 (Unity) WinMain
0x00007ff60884b3ee (Unity) __scrt_common_main_seh
0x00007ffef33c259d (KERNEL32) BaseThreadInitThunk
0x00007ffef37caf38 (ntdll) RtlUserThreadStart

Begin MonoManager ReloadAssembly
- Loaded All Assemblies, in  0.372 seconds
Native extension for WindowsStandalone target not found
Mono: successfully reloaded assembly
- Finished resetting the current domain, in  0.629 seconds
Domain Reload Profiling: 1001ms
	BeginReloadAssembly (149ms)
		ExecutionOrderSort (0ms)
		DisableScriptedObjects (12ms)
		BackupInstance (0ms)
		ReleaseScriptingObjects (0ms)
		CreateAndSetChildDomain (42ms)
	RebuildCommonClasses (24ms)
	RebuildNativeTypeToScriptingClass (6ms)
	initialDomainReloadingComplete (23ms)
	LoadAllAssembliesAndSetupDomain (169ms)
		LoadAssemblies (217ms)
		RebuildTransferFunctionScriptingTraits (0ms)
		AnalyzeDomain (22ms)
			TypeCache.Refresh (10ms)
				TypeCache.ScanAssembly (1ms)
			ScanForSourceGeneratedMonoScriptInfo (8ms)
			ResolveRequiredComponents (3ms)
	FinalizeReload (630ms)
		ReleaseScriptCaches (0ms)
		RebuildScriptCaches (0ms)
		SetupLoadedEditorAssemblies (343ms)
			LogAssemblyErrors (0ms)
			InitializePlatformSupportModulesInManaged (4ms)
			SetLoadedEditorAssemblies (4ms)
			RefreshPlugins (0ms)
			BeforeProcessingInitializeOnLoad (49ms)
			ProcessInitializeOnLoadAttributes (268ms)
			ProcessInitializeOnLoadMethodAttributes (17ms)
			AfterProcessingInitializeOnLoad (2ms)
			EditorAssembliesLoaded (0ms)
		ExecutionOrderSort2 (0ms)
		AwakeInstancesAfterBackupRestoration (11ms)
Refreshing native plugins compatible for Editor in 1.12 ms, found 3 plugins.
Preloading 0 native plugins for Editor in 0.00 ms.
Unloading 2459 Unused Serialized files (Serialized files now loaded: 0)
Unloading 16 unused Assets / (29.8 KB). Loaded Objects now: 3221.
Memory consumption went from 130.4 MB to 130.4 MB.
Total: 2.705300 ms (FindLiveObjects: 0.204900 ms CreateObjectMapping: 0.061000 ms MarkObjects: 2.407800 ms  DeleteObjects: 0.030800 ms)

Prepare: number of updated asset objects reloaded= 0
AssetImportParameters requested are different than current active one (requested -> active):
  custom:video-decoder-webm-vp8: 9c59270c3fd7afecdb556c50c9e8de78 -> 
  custom:SearchIndexIgnoredProperties: e643bd26f0fe6173181afceb89e7c659 -> 
  custom:container-demuxer-ogg: 62fdf1f143b41e24485cea50d1cbac27 -> 
  custom:AudioImporter_EditorPlatform: d09bf68614088b80899f8185d706f6e7 -> 
  custom:video-codec-MediaFoundation-h265: 746d11721c4dcdbdad8f713fa42b33f4 -> 
  custom:video-decoder-ogg-theora: a1e56fd34408186e4bbccfd4996cb3dc -> 
  custom:scripting/monoscript/fileName/ChoicePanelController.cs: 7a0f942b41387e7e25d33bcb95417708 -> 
  custom:framework-win-MediaFoundation: 216162199b28c13a410421893ffa2e32 -> 
  custom:video-encoder-webm-vp8: eb34c28f22e8b96e1ab97ce403110664 -> 
  custom:audio-decoder-ogg-vorbis: bf7c407c2cedff20999df2af8eb42d56 -> 
  custom:CustomObjectIndexerAttribute: 9a22284fe3817be447336de3de66b15e -> 
  custom:container-demuxer-webm: 4f35f7cbe854078d1ac9338744f61a02 -> 
  custom:audio-encoder-webm-vorbis: bf7c407c2cedff20999df2af8eb42d56 -> 
  custom:scripting/precompiled-assembly-types:Assembly-CSharp: bdb7bd9b52a4a345529d97db680f5558 -> 91ddc5e8844025c82776d0f2d84be810
  custom:container-muxer-webm: aa71ff27fc2769a1b78a27578f13a17b -> 
========================================================================
Received Prepare
Caller must complete domain reload
0x00007ff6064b9e7d (Unity) StackWalker::GetCurrentCallstack
0x00007ff6064bef59 (Unity) StackWalker::ShowCallstack
0x00007ff60747e361 (Unity) GetStacktrace
0x00007ff607b3013e (Unity) DebugStringToFile
0x00007ff607b2fe7a (Unity) AssertImplementation
0x00007ff6073235ec (Unity) Internal_ADB_WorkerOnly_DomainReload
0x00007ff6077fbc34 (Unity) WorkerDomainReloadV2
0x00007ff60781bd95 (Unity) <lambda_a753820fe7e089d32000383f09f6e370>::operator()
0x00007ff607858812 (Unity) asio::detail::completion_handler<core::mutable_function<void __cdecl(void)>,asio::io_context::basic_executor_type<std::allocator<void>,0> >::do_complete
0x00007ff6078447be (Unity) asio::detail::win_iocp_io_context::do_one
0x00007ff607846424 (Unity) asio::detail::win_iocp_io_context::run
0x00007ff607856bbc (Unity) IOService::Run
0x00007ff607829fff (Unity) AssetImportWorkerClient::Run
0x00007ff6077f57e7 (Unity) RunAssetImportWorkerClientV2
0x00007ff6077f586b (Unity) RunAssetImporterV2
0x00007ff60700de2e (Unity) Application::InitializeProject
0x00007ff607489015 (Unity) WinMain
0x00007ff60884b3ee (Unity) __scrt_common_main_seh
0x00007ffef33c259d (KERNEL32) BaseThreadInitThunk
0x00007ffef37caf38 (ntdll) RtlUserThreadStart

Begin MonoManager ReloadAssembly
- Loaded All Assemblies, in  0.251 seconds
Native extension for WindowsStandalone target not found
Mono: successfully reloaded assembly
- Finished resetting the current domain, in  0.422 seconds
Domain Reload Profiling: 673ms
	BeginReloadAssembly (97ms)
		ExecutionOrderSort (0ms)
		DisableScriptedObjects (7ms)
		BackupInstance (0ms)
		ReleaseScriptingObjects (0ms)
		CreateAndSetChildDomain (22ms)
	RebuildCommonClasses (18ms)
	RebuildNativeTypeToScriptingClass (6ms)
	initialDomainReloadingComplete (15ms)
	LoadAllAssembliesAndSetupDomain (114ms)
		LoadAssemblies (145ms)
		RebuildTransferFunctionScriptingTraits (0ms)
		AnalyzeDomain (16ms)
			TypeCache.Refresh (7ms)
				TypeCache.ScanAssembly (1ms)
			ScanForSourceGeneratedMonoScriptInfo (6ms)
			ResolveRequiredComponents (2ms)
	FinalizeReload (422ms)
		ReleaseScriptCaches (0ms)
		RebuildScriptCaches (0ms)
		SetupLoadedEditorAssemblies (233ms)
			LogAssemblyErrors (0ms)
			InitializePlatformSupportModulesInManaged (3ms)
			SetLoadedEditorAssemblies (3ms)
			RefreshPlugins (0ms)
			BeforeProcessingInitializeOnLoad (35ms)
			ProcessInitializeOnLoadAttributes (174ms)
			ProcessInitializeOnLoadMethodAttributes (16ms)
			AfterProcessingInitializeOnLoad (1ms)
			EditorAssembliesLoaded (0ms)
		ExecutionOrderSort2 (0ms)
		AwakeInstancesAfterBackupRestoration (7ms)
Refreshing native plugins compatible for Editor in 1.40 ms, found 3 plugins.
Preloading 0 native plugins for Editor in 0.00 ms.
Unloading 2459 Unused Serialized files (Serialized files now loaded: 0)
Unloading 16 unused Assets / (29.8 KB). Loaded Objects now: 3225.
Memory consumption went from 130.4 MB to 130.4 MB.
Total: 2.171000 ms (FindLiveObjects: 0.153200 ms CreateObjectMapping: 0.037000 ms MarkObjects: 1.944700 ms  DeleteObjects: 0.034900 ms)

Prepare: number of updated asset objects reloaded= 0
AssetImportParameters requested are different than current active one (requested -> active):
  custom:video-decoder-webm-vp8: 9c59270c3fd7afecdb556c50c9e8de78 -> 
  custom:SearchIndexIgnoredProperties: e643bd26f0fe6173181afceb89e7c659 -> 
  custom:container-demuxer-ogg: 62fdf1f143b41e24485cea50d1cbac27 -> 
  custom:AudioImporter_EditorPlatform: d09bf68614088b80899f8185d706f6e7 -> 
  custom:video-codec-MediaFoundation-h265: 746d11721c4dcdbdad8f713fa42b33f4 -> 
  custom:video-decoder-ogg-theora: a1e56fd34408186e4bbccfd4996cb3dc -> 
  custom:scripting/monoscript/fileName/ChoicePanelController.cs: 7a0f942b41387e7e25d33bcb95417708 -> 
  custom:framework-win-MediaFoundation: 216162199b28c13a410421893ffa2e32 -> 
  custom:video-encoder-webm-vp8: eb34c28f22e8b96e1ab97ce403110664 -> 
  custom:audio-decoder-ogg-vorbis: bf7c407c2cedff20999df2af8eb42d56 -> 
  custom:CustomObjectIndexerAttribute: 9a22284fe3817be447336de3de66b15e -> 
  custom:container-demuxer-webm: 4f35f7cbe854078d1ac9338744f61a02 -> 
  custom:audio-encoder-webm-vorbis: bf7c407c2cedff20999df2af8eb42d56 -> 
  custom:scripting/precompiled-assembly-types:Assembly-CSharp: bdb7bd9b52a4a345529d97db680f5558 -> 91ddc5e8844025c82776d0f2d84be810
  custom:container-muxer-webm: aa71ff27fc2769a1b78a27578f13a17b -> 
========================================================================
Received Import Request.
  Time since last request: 2025.554844 seconds.
  path: Assets/Scenes/Prefab/DriverDeliveryItem.prefab
  artifactKey: Guid(c5df30fc88b3c0c489093130219a1dbd) Importer(815301076,1909f56bfc062723c751e8b465ee728b)
Start importing Assets/Scenes/Prefab/DriverDeliveryItem.prefab using Guid(c5df30fc88b3c0c489093130219a1dbd) Importer(815301076,1909f56bfc062723c751e8b465ee728b) [PhysX] Initialized MultithreadedTaskDispatcher with 24 workers.
 -> (artifact id: '6d8fa4fbeb65d23b22a1c49aa97ad26b') in 0.205621 seconds
Number of updated asset objects reloaded before import = 0
Number of asset objects unloaded after import = 82
========================================================================
Received Prepare
Caller must complete domain reload
0x00007ff6064b9e7d (Unity) StackWalker::GetCurrentCallstack
0x00007ff6064bef59 (Unity) StackWalker::ShowCallstack
0x00007ff60747e361 (Unity) GetStacktrace
0x00007ff607b3013e (Unity) DebugStringToFile
0x00007ff607b2fe7a (Unity) AssertImplementation
0x00007ff6073235ec (Unity) Internal_ADB_WorkerOnly_DomainReload
0x00007ff6077fbc34 (Unity) WorkerDomainReloadV2
0x00007ff60781bd95 (Unity) <lambda_a753820fe7e089d32000383f09f6e370>::operator()
0x00007ff607858812 (Unity) asio::detail::completion_handler<core::mutable_function<void __cdecl(void)>,asio::io_context::basic_executor_type<std::allocator<void>,0> >::do_complete
0x00007ff6078447be (Unity) asio::detail::win_iocp_io_context::do_one
0x00007ff607846424 (Unity) asio::detail::win_iocp_io_context::run
0x00007ff607856bbc (Unity) IOService::Run
0x00007ff607829fff (Unity) AssetImportWorkerClient::Run
0x00007ff6077f57e7 (Unity) RunAssetImportWorkerClientV2
0x00007ff6077f586b (Unity) RunAssetImporterV2
0x00007ff60700de2e (Unity) Application::InitializeProject
0x00007ff607489015 (Unity) WinMain
0x00007ff60884b3ee (Unity) __scrt_common_main_seh
0x00007ffef33c259d (KERNEL32) BaseThreadInitThunk
0x00007ffef37caf38 (ntdll) RtlUserThreadStart

Begin MonoManager ReloadAssembly
- Loaded All Assemblies, in  0.263 seconds
Native extension for WindowsStandalone target not found
Mono: successfully reloaded assembly
- Finished resetting the current domain, in  0.405 seconds
Domain Reload Profiling: 668ms
	BeginReloadAssembly (111ms)
		ExecutionOrderSort (0ms)
		DisableScriptedObjects (6ms)
		BackupInstance (0ms)
		ReleaseScriptingObjects (0ms)
		CreateAndSetChildDomain (27ms)
	RebuildCommonClasses (18ms)
	RebuildNativeTypeToScriptingClass (6ms)
	initialDomainReloadingComplete (16ms)
	LoadAllAssembliesAndSetupDomain (112ms)
		LoadAssemblies (159ms)
		RebuildTransferFunctionScriptingTraits (0ms)
		AnalyzeDomain (9ms)
			TypeCache.Refresh (6ms)
				TypeCache.ScanAssembly (0ms)
			ScanForSourceGeneratedMonoScriptInfo (0ms)
			ResolveRequiredComponents (2ms)
	FinalizeReload (405ms)
		ReleaseScriptCaches (0ms)
		RebuildScriptCaches (0ms)
		SetupLoadedEditorAssemblies (220ms)
			LogAssemblyErrors (0ms)
			InitializePlatformSupportModulesInManaged (3ms)
			SetLoadedEditorAssemblies (3ms)
			RefreshPlugins (0ms)
			BeforeProcessingInitializeOnLoad (33ms)
			ProcessInitializeOnLoadAttributes (164ms)
			ProcessInitializeOnLoadMethodAttributes (16ms)
			AfterProcessingInitializeOnLoad (1ms)
			EditorAssembliesLoaded (0ms)
		ExecutionOrderSort2 (0ms)
		AwakeInstancesAfterBackupRestoration (8ms)
Refreshing native plugins compatible for Editor in 1.37 ms, found 3 plugins.
Preloading 0 native plugins for Editor in 0.00 ms.
Unloading 2458 Unused Serialized files (Serialized files now loaded: 0)
Unloading 17 unused Assets / (30.6 KB). Loaded Objects now: 3229.
Memory consumption went from 130.3 MB to 130.2 MB.
Total: 2.087900 ms (FindLiveObjects: 0.162200 ms CreateObjectMapping: 0.042800 ms MarkObjects: 1.849600 ms  DeleteObjects: 0.032300 ms)

Prepare: number of updated asset objects reloaded= 0
AssetImportParameters requested are different than current active one (requested -> active):
  custom:video-decoder-webm-vp8: 9c59270c3fd7afecdb556c50c9e8de78 -> 
  custom:SearchIndexIgnoredProperties: e643bd26f0fe6173181afceb89e7c659 -> 
  custom:container-demuxer-ogg: 62fdf1f143b41e24485cea50d1cbac27 -> 
  custom:AudioImporter_EditorPlatform: d09bf68614088b80899f8185d706f6e7 -> 
  custom:video-codec-MediaFoundation-h265: 746d11721c4dcdbdad8f713fa42b33f4 -> 
  custom:video-decoder-ogg-theora: a1e56fd34408186e4bbccfd4996cb3dc -> 
  custom:scripting/monoscript/fileName/ChoicePanelController.cs: 7a0f942b41387e7e25d33bcb95417708 -> 
  custom:framework-win-MediaFoundation: 216162199b28c13a410421893ffa2e32 -> 
  custom:video-encoder-webm-vp8: eb34c28f22e8b96e1ab97ce403110664 -> 
  custom:audio-decoder-ogg-vorbis: bf7c407c2cedff20999df2af8eb42d56 -> 
  custom:CustomObjectIndexerAttribute: 9a22284fe3817be447336de3de66b15e -> 
  custom:container-demuxer-webm: 4f35f7cbe854078d1ac9338744f61a02 -> 
  custom:audio-encoder-webm-vorbis: bf7c407c2cedff20999df2af8eb42d56 -> 
  custom:scripting/precompiled-assembly-types:Assembly-CSharp: bdb7bd9b52a4a345529d97db680f5558 -> 91ddc5e8844025c82776d0f2d84be810
  custom:container-muxer-webm: aa71ff27fc2769a1b78a27578f13a17b -> 
